{"credit":"Made with Blockbench","texture_size":[64,64],"textures":{"1":"pirates_cosmetic:balloons/kite","2":"pirates_cosmetic:balloons/boom","particle":"pirates_cosmetic:balloons/boom"},"elements":[{"from":[-16,15,-16],"to":[32,16,32],"rotation":{"angle":0,"axis":"y","origin":[8,15.5,8]},"faces":{"north":{"uv":[0,0,16,0.5],"texture":"#1"},"east":{"uv":[0,0,16,0.5],"texture":"#1"},"south":{"uv":[0,13.25,7.25,14],"texture":"#1"},"west":{"uv":[0,14,3,16],"texture":"#1"},"up":{"uv":[0,0,16,16],"texture":"#1"},"down":{"uv":[0,16,16,0],"texture":"#1"}}},{"from":[14,3,-15.5],"to":[14,15,11.5],"rotation":{"angle":-45,"axis":"y","origin":[14.5,8.5,2]},"faces":{"north":{"uv":[0,0,0,3.75],"texture":"#missing"},"east":{"uv":[6,12,12.75,15],"texture":"#2"},"south":{"uv":[0,0,0,3],"texture":"#missing"},"west":{"uv":[6,12,12.75,15],"texture":"#2"},"up":{"uv":[0,0,7,0],"rotation":270,"texture":"#missing"},"down":{"uv":[0,0,7,0],"rotation":90,"texture":"#2"}}}],"gui_light":"front","display":{"thirdperson_righthand":{"rotation":[66.88,0.2,-0.75],"translation":[-11.75,-0.5,0.75],"scale":[0.45117,0.45117,0.45117]},"thirdperson_lefthand":{"rotation":[66.88,0.2,-0.75],"translation":[-11.75,-0.75,0.75],"scale":[0.45117,0.45117,0.45117]},"firstperson_righthand":{"translation":[3.75,0,-0.75],"scale":[0.35156,0.35156,0.35156]},"firstperson_lefthand":{"translation":[5,0,-0.75],"scale":[0.35156,0.35156,0.35156]},"ground":{"rotation":[-8.26,-51.11,-0.97],"translation":[0,6,0],"scale":[0.41602,0.41602,0.41602]},"gui":{"rotation":[-139.42,80.75,-168.67],"translation":[1,-1.5,0],"scale":[0.31444,0.31444,0.31444]},"head":{"rotation":[23.25,45,0],"translation":[0,-5.5,15.75],"scale":[1.22266,1.22266,1.22266]},"fixed":{"rotation":[90.08,-45.31,-179.43],"translation":[-0.25,-8,4.5],"scale":[0.83594,0.83594,0.83594]}}}