{"credit":"MadewithBlockbench","texture_size":[64,64],"textures":{"2":"furniturespack:item/booksfurniture","particle":"item/booksfurniture"},"elements":[{"from":[4,6,4.75],"to":[13,7,11.75],"rotation":{"angle":0,"axis":"y","origin":[8.44084,4.5,8.94695]},"faces":{"north":{"uv":[8.5,7,10.75,7.25],"texture":"#2"},"east":{"uv":[8.75,3.5,10.5,3.75],"texture":"#2"},"south":{"uv":[8.5,7.25,10.75,7.5],"texture":"#2"},"west":{"uv":[8.75,3.75,10.5,4],"texture":"#2"},"up":{"uv":[6.75,5.25,4.5,3.5],"texture":"#2"},"down":{"uv":[2.25,5.25,0,7],"texture":"#2"}}},{"from":[4,8,4.75],"to":[13,9,11.75],"rotation":{"angle":0,"axis":"y","origin":[8.44084,4.5,8.94695]},"faces":{"north":{"uv":[8.5,7.5,10.75,7.75],"texture":"#2"},"east":{"uv":[4,8.75,5.75,9],"texture":"#2"},"south":{"uv":[8.5,7.75,10.75,8],"texture":"#2"},"west":{"uv":[8.75,4,10.5,4.25],"texture":"#2"},"up":{"uv":[4.5,7,2.25,5.25],"texture":"#2"},"down":{"uv":[6.75,5.25,4.5,7],"texture":"#2"}}},{"from":[4,7,10.75],"to":[13,8,11.75],"rotation":{"angle":0,"axis":"y","origin":[8.44084,4.5,8.94695]},"faces":{"north":{"uv":[8.5,8,10.75,8.25],"texture":"#2"},"east":{"uv":[6.25,8.75,6.5,9],"texture":"#2"},"south":{"uv":[8.5,8.25,10.75,8.5],"texture":"#2"},"west":{"uv":[8.75,6.25,9,6.5],"texture":"#2"},"up":{"uv":[2.25,9,0,8.75],"texture":"#2"},"down":{"uv":[11,0,8.75,0.25],"texture":"#2"}}},{"from":[4.5,7,5.25],"to":[12.5,8,10.75],"rotation":{"angle":0,"axis":"y","origin":[8.44084,4.5,8.94695]},"faces":{"north":{"uv":[8.75,1.25,10.75,1.5],"texture":"#2"},"east":{"uv":[8.75,5.25,10.25,5.5],"texture":"#2"},"south":{"uv":[8.75,1.5,10.75,1.75],"texture":"#2"},"west":{"uv":[8.75,5.5,10.25,5.75],"texture":"#2"},"up":{"uv":[2,8.5,0,7],"texture":"#2"},"down":{"uv":[4,7,2,8.5],"texture":"#2"}}},{"from":[3.9117,5,4.6525],"to":[12.9117,6,11.6525],"rotation":{"angle":22.5,"axis":"y","origin":[8.44084,4.5,8.94695]},"faces":{"north":{"uv":[4,8,6.25,8.25],"texture":"#2"},"east":{"uv":[8.75,2.5,10.5,2.75],"texture":"#2"},"south":{"uv":[6.25,8,8.5,8.25],"texture":"#2"},"west":{"uv":[8.75,2.75,10.5,3],"texture":"#2"},"up":{"uv":[2.25,5.25,0,3.5],"texture":"#2"},"down":{"uv":[4.5,3.5,2.25,5.25],"texture":"#2"}}},{"from":[3.9117,3,4.6525],"to":[12.9117,4,11.6525],"rotation":{"angle":22.5,"axis":"y","origin":[8.44084,4.5,8.94695]},"faces":{"north":{"uv":[4,8.25,6.25,8.5],"texture":"#2"},"east":{"uv":[8.75,3,10.5,3.25],"texture":"#2"},"south":{"uv":[6.25,8.25,8.5,8.5],"texture":"#2"},"west":{"uv":[8.75,3.25,10.5,3.5],"texture":"#2"},"up":{"uv":[6.75,1.75,4.5,0],"texture":"#2"},"down":{"uv":[6.75,1.75,4.5,3.5],"texture":"#2"}}},{"from":[4.4117,4,5.0525],"to":[12.4117,5,11.5525],"rotation":{"angle":22.5,"axis":"y","origin":[8.44084,4.5,8.94695]},"faces":{"north":{"uv":[8.75,0.75,10.75,1],"texture":"#2"},"east":{"uv":[8.75,4.75,10.5,5],"texture":"#2"},"south":{"uv":[8.75,1,10.75,1.25],"texture":"#2"},"west":{"uv":[8.75,5,10.5,5.25],"texture":"#2"},"up":{"uv":[8.75,5.25,6.75,3.5],"texture":"#2"},"down":{"uv":[8.75,5.25,6.75,7],"texture":"#2"}}},{"from":[3.9117,4,10.6525],"to":[12.9117,5,11.6525],"rotation":{"angle":22.5,"axis":"y","origin":[8.44084,4.5,8.94695]},"faces":{"north":{"uv":[0,8.5,2.25,8.75],"texture":"#2"},"east":{"uv":[6,8.75,6.25,9],"texture":"#2"},"south":{"uv":[2.25,8.5,4.5,8.75],"texture":"#2"},"west":{"uv":[8.75,6,9,6.25],"texture":"#2"},"up":{"uv":[6.75,8.75,4.5,8.5],"texture":"#2"},"down":{"uv":[9,8.5,6.75,8.75],"texture":"#2"}}},{"from":[3.91658,2,4.64187],"to":[12.91658,3,11.64187],"rotation":{"angle":45,"axis":"y","origin":[8.44084,4.5,8.94695]},"faces":{"north":{"uv":[4,7.75,6.25,8],"texture":"#2"},"east":{"uv":[2.25,8.75,4,9],"texture":"#2"},"south":{"uv":[6.25,7.75,8.5,8],"texture":"#2"},"west":{"uv":[8.75,2.25,10.5,2.5],"texture":"#2"},"up":{"uv":[4.5,1.75,2.25,0],"texture":"#2"},"down":{"uv":[4.5,1.75,2.25,3.5],"texture":"#2"}}},{"from":[3.91658,0,4.64187],"to":[12.91658,1,11.64187],"rotation":{"angle":45,"axis":"y","origin":[8.44084,4.5,8.94695]},"faces":{"north":{"uv":[4,7,6.25,7.25],"texture":"#2"},"east":{"uv":[8.75,1.75,10.5,2],"texture":"#2"},"south":{"uv":[6.25,7,8.5,7.25],"texture":"#2"},"west":{"uv":[8.75,2,10.5,2.25],"texture":"#2"},"up":{"uv":[2.25,1.75,0,0],"texture":"#2"},"down":{"uv":[2.25,1.75,0,3.5],"texture":"#2"}}},{"from":[4.41658,1,5.04187],"to":[12.41658,2,11.54187],"rotation":{"angle":45,"axis":"y","origin":[8.44084,4.5,8.94695]},"faces":{"north":{"uv":[8.75,0.25,10.75,0.5],"texture":"#2"},"east":{"uv":[8.75,4.25,10.5,4.5],"texture":"#2"},"south":{"uv":[8.75,0.5,10.75,0.75],"texture":"#2"},"west":{"uv":[8.75,4.5,10.5,4.75],"texture":"#2"},"up":{"uv":[8.75,1.75,6.75,0],"texture":"#2"},"down":{"uv":[8.75,1.75,6.75,3.5],"texture":"#2"}}},{"from":[3.91658,1,10.64187],"to":[12.91658,2,11.64187],"rotation":{"angle":45,"axis":"y","origin":[8.44084,4.5,8.94695]},"faces":{"north":{"uv":[4,7.25,6.25,7.5],"texture":"#2"},"east":{"uv":[5.75,8.75,6,9],"texture":"#2"},"south":{"uv":[6.25,7.25,8.5,7.5],"texture":"#2"},"west":{"uv":[8.75,5.75,9,6],"texture":"#2"},"up":{"uv":[6.25,7.75,4,7.5],"texture":"#2"},"down":{"uv":[8.5,7.5,6.25,7.75],"texture":"#2"}}}],"display":{"thirdperson_righthand":{"rotation":[67,0,0],"translation":[0,3,1.25],"scale":[0.64844,0.64844,0.64844]},"thirdperson_lefthand":{"rotation":[67,0,0],"translation":[0,3.25,1],"scale":[0.64844,0.64844,0.64844]},"firstperson_righthand":{"translation":[0,4.5,1],"scale":[0.64844,0.64844,0.64844]},"firstperson_lefthand":{"translation":[0,5.25,0.75],"scale":[0.64844,0.64844,0.64844]},"ground":{"translation":[0,7,0]},"gui":{"rotation":[-150.86,19.88,-175.37],"translation":[0.5,3,0],"scale":[0.87305,0.87305,0.87305]},"head":{"rotation":[0,0,1],"translation":[0.25,-11,0],"scale":[2.5,2.5,2.5]},"fixed":{"translation":[0,3.5,-4]}}}