{"credit":"MadewithBlockbench","texture_size":[32,32],"textures":{"0":"furniturespack:item/pot1furniture","particle":"item/pot1furniture"},"elements":[{"from":[5.5,0,5.5],"to":[10.5,3,10.5],"rotation":{"angle":0,"axis":"y","origin":[8,0.21429,7.97857]},"faces":{"north":{"uv":[2.5,0,5,1.5],"texture":"#0"},"east":{"uv":[2.5,1.5,5,3],"texture":"#0"},"south":{"uv":[2.5,3,5,4.5],"texture":"#0"},"west":{"uv":[2.5,4.5,5,6],"texture":"#0"},"up":{"uv":[2.5,2.5,0,0],"texture":"#0"},"down":{"uv":[2.5,2.5,0,5],"texture":"#0"}}},{"from":[6.5,3,6.5],"to":[9.5,4,9.5],"rotation":{"angle":0,"axis":"y","origin":[8,0.21429,7.97857]},"faces":{"north":{"uv":[6.5,0,8,0.5],"texture":"#0"},"east":{"uv":[6.5,0.5,8,1],"texture":"#0"},"south":{"uv":[6.5,1,8,1.5],"texture":"#0"},"west":{"uv":[5,6.5,6.5,7],"texture":"#0"},"up":{"uv":[1.5,6.5,0,5],"texture":"#0"},"down":{"uv":[6.5,0,5,1.5],"texture":"#0"}}},{"from":[7,4,6],"to":[9,6,7],"rotation":{"angle":0,"axis":"y","origin":[8,0.21429,7.97857]},"faces":{"north":{"uv":[1.5,5,2.5,6],"texture":"#0"},"east":{"uv":[6.5,6.5,7,7.5],"texture":"#0"},"south":{"uv":[5,5.5,6,6.5],"texture":"#0"},"west":{"uv":[1.5,7,2,8],"texture":"#0"},"up":{"uv":[8,2,7,1.5],"texture":"#0"},"down":{"uv":[3,7,2,7.5],"texture":"#0"}}},{"from":[7,4,8.95],"to":[9,6,9.95],"rotation":{"angle":0,"axis":"y","origin":[8,0.21429,7.97857]},"faces":{"north":{"uv":[1.5,6,2.5,7],"texture":"#0"},"east":{"uv":[7,2,7.5,3],"texture":"#0"},"south":{"uv":[2.5,6,3.5,7],"texture":"#0"},"west":{"uv":[3,7,3.5,8],"texture":"#0"},"up":{"uv":[8,3.5,7,3],"texture":"#0"},"down":{"uv":[4.5,7,3.5,7.5],"texture":"#0"}}},{"from":[7,4,6.95],"to":[9,5,8.95],"rotation":{"angle":0,"axis":"y","origin":[8,0.21429,7.97857]},"faces":{"north":{"uv":[7,3.5,8,4],"texture":"#0"},"east":{"uv":[7,4,8,4.5],"texture":"#0"},"south":{"uv":[7,4.5,8,5],"texture":"#0"},"west":{"uv":[5,7,6,7.5],"texture":"#0"},"up":{"uv":[4.5,7,3.5,6],"texture":"#0"},"down":{"uv":[7,5.5,6,6.5],"texture":"#0"}}},{"from":[6,4,6],"to":[7,6,9.95],"rotation":{"angle":0,"axis":"y","origin":[8,0.21429,7.97857]},"faces":{"north":{"uv":[7,5,7.5,6],"texture":"#0"},"east":{"uv":[5,1.5,7,2.5],"texture":"#0"},"south":{"uv":[6,7,6.5,8],"texture":"#0"},"west":{"uv":[5,2.5,7,3.5],"texture":"#0"},"up":{"uv":[5,8,4.5,6],"texture":"#0"},"down":{"uv":[0.5,6.5,0,8.5],"texture":"#0"}}},{"from":[9,4,6],"to":[10,6,9.95],"rotation":{"angle":0,"axis":"y","origin":[8,0.21429,7.97857]},"faces":{"north":{"uv":[7,6,7.5,7],"texture":"#0"},"east":{"uv":[5,3.5,7,4.5],"texture":"#0"},"south":{"uv":[7,7,7.5,8],"texture":"#0"},"west":{"uv":[5,4.5,7,5.5],"texture":"#0"},"up":{"uv":[1,8.5,0.5,6.5],"texture":"#0"},"down":{"uv":[1.5,6.5,1,8.5],"texture":"#0"}}}],"display":{"thirdperson_righthand":{"translation":[0,6.5,0]},"thirdperson_lefthand":{"translation":[0,6,0]},"firstperson_righthand":{"translation":[0,6.75,0]},"firstperson_lefthand":{"translation":[0,7.75,0]},"ground":{"translation":[0,4.5,0]},"gui":{"rotation":[35.75,-35,0],"translation":[0,6.5,0],"scale":[1.55469,1.55469,1.55469]},"head":{"translation":[0,-3,0],"scale":[3.5,3.5,3.5]},"fixed":{"translation":[0,9,-0.25],"scale":[2,2,2]}}}