{"credit":"MadewithBlockbench","texture_size":[32,32],"textures":{"0":"furniturespack:item/stone3furniture","particle":"item/stone3furniture"},"elements":[{"from":[7,0,2],"to":[13,2,7],"rotation":{"angle":0,"axis":"y","origin":[8,0.85,9.3]},"faces":{"north":{"uv":[7,4,10,5],"texture":"#0"},"east":{"uv":[3,9,5.5,10],"texture":"#0"},"south":{"uv":[7.5,5,10.5,6],"texture":"#0"},"west":{"uv":[9,3,11.5,4],"texture":"#0"},"up":{"uv":[7,2.5,4,0],"texture":"#0"},"down":{"uv":[7,2.5,4,5],"texture":"#0"}}},{"from":[9,0,1],"to":[14,3,5],"rotation":{"angle":0,"axis":"y","origin":[8,0.85,9.3]},"faces":{"north":{"uv":[7,7,9.5,8.5],"texture":"#0"},"east":{"uv":[2.5,7.5,4.5,9],"texture":"#0"},"south":{"uv":[0,7.5,2.5,9],"texture":"#0"},"west":{"uv":[7,8.5,9,10],"texture":"#0"},"up":{"uv":[7.5,7,5,5],"texture":"#0"},"down":{"uv":[9.5,0,7,2],"texture":"#0"}}},{"from":[7,0,8],"to":[15,1,13],"rotation":{"angle":0,"axis":"y","origin":[8,0.85,9.3]},"faces":{"north":{"uv":[9.5,1.5,13.5,2],"texture":"#0"},"east":{"uv":[6,11.5,8.5,12],"texture":"#0"},"south":{"uv":[10,4,14,4.5],"texture":"#0"},"west":{"uv":[0,12,2.5,12.5],"texture":"#0"},"up":{"uv":[4,2.5,0,0],"texture":"#0"},"down":{"uv":[4,2.5,0,5],"texture":"#0"}}},{"from":[8,0,11],"to":[11,2,14],"rotation":{"angle":0,"axis":"y","origin":[8,0.85,9.3]},"faces":{"north":{"uv":[10.5,4.5,12,5.5],"texture":"#0"},"east":{"uv":[10.5,5.5,12,6.5],"texture":"#0"},"south":{"uv":[10.5,8.5,12,9.5],"texture":"#0"},"west":{"uv":[10.5,9.5,12,10.5],"texture":"#0"},"up":{"uv":[7,10.5,5.5,9],"texture":"#0"},"down":{"uv":[10.5,8.5,9,10],"texture":"#0"}}},{"from":[13,0,12],"to":[16,2,16],"rotation":{"angle":0,"axis":"y","origin":[8,0.85,9.3]},"faces":{"north":{"uv":[10.5,10.5,12,11.5],"texture":"#0"},"east":{"uv":[8.5,10,10.5,11],"texture":"#0"},"south":{"uv":[0,11,1.5,12],"texture":"#0"},"west":{"uv":[4.5,10.5,6.5,11.5],"texture":"#0"},"up":{"uv":[1.5,11,0,9],"texture":"#0"},"down":{"uv":[3,9,1.5,11],"texture":"#0"}}},{"from":[1,0,3],"to":[6,1,8],"rotation":{"angle":0,"axis":"y","origin":[8,0.85,9.3]},"faces":{"north":{"uv":[12,2,14.5,2.5],"texture":"#0"},"east":{"uv":[12,2.5,14.5,3],"texture":"#0"},"south":{"uv":[12,4.5,14.5,5],"texture":"#0"},"west":{"uv":[12,5,14.5,5.5],"texture":"#0"},"up":{"uv":[2.5,7.5,0,5],"texture":"#0"},"down":{"uv":[5,5,2.5,7.5],"texture":"#0"}}},{"from":[0,0,2],"to":[3,2,5],"rotation":{"angle":0,"axis":"y","origin":[8,0.85,9.3]},"faces":{"north":{"uv":[11,0,12.5,1],"texture":"#0"},"east":{"uv":[1.5,11,3,12],"texture":"#0"},"south":{"uv":[11,6.5,12.5,7.5],"texture":"#0"},"west":{"uv":[11,7.5,12.5,8.5],"texture":"#0"},"up":{"uv":[11,1.5,9.5,0],"texture":"#0"},"down":{"uv":[11,7,9.5,8.5],"texture":"#0"}}},{"from":[2,0,10],"to":[6,1,14],"rotation":{"angle":0,"axis":"y","origin":[8,0.85,9.3]},"faces":{"north":{"uv":[12,5.5,14,6],"texture":"#0"},"east":{"uv":[6,12,8,12.5],"texture":"#0"},"south":{"uv":[12,6,14,6.5],"texture":"#0"},"west":{"uv":[8,12,10,12.5],"texture":"#0"},"up":{"uv":[9,4,7,2],"texture":"#0"},"down":{"uv":[7,7,5,9],"texture":"#0"}}},{"from":[1,0,12],"to":[4,2,15],"rotation":{"angle":0,"axis":"y","origin":[8,0.85,9.3]},"faces":{"north":{"uv":[8.5,11,10,12],"texture":"#0"},"east":{"uv":[3,11.5,4.5,12.5],"texture":"#0"},"south":{"uv":[11.5,3,13,4],"texture":"#0"},"west":{"uv":[4.5,11.5,6,12.5],"texture":"#0"},"up":{"uv":[4.5,11.5,3,10],"texture":"#0"},"down":{"uv":[8.5,10,7,11.5],"texture":"#0"}}},{"from":[9,0,13],"to":[15,1,15],"rotation":{"angle":0,"axis":"y","origin":[8,0.85,9.3]},"faces":{"north":{"uv":[11,1,14,1.5],"texture":"#0"},"east":{"uv":[4.5,10,5.5,10.5],"texture":"#0"},"south":{"uv":[10,11.5,13,12],"texture":"#0"},"west":{"uv":[12,8.5,13,9],"texture":"#0"},"up":{"uv":[10.5,7,7.5,6],"texture":"#0"},"down":{"uv":[12,2,9,3],"texture":"#0"}}}],"display":{"thirdperson_righthand":{"translation":[0,4.75,1.5],"scale":[0.59961,0.59961,0.59961]},"thirdperson_lefthand":{"translation":[0,5,1.25],"scale":[0.59961,0.59961,0.59961]},"firstperson_righthand":{"translation":[1.25,6.25,0]},"firstperson_lefthand":{"translation":[0,6,0]},"ground":{"translation":[0,5.75,0]},"gui":{"rotation":[34.5,-14.75,0],"translation":[0.25,4.75,0],"scale":[0.91797,0.91797,0.91797]},"head":{"translation":[0,-15.25,0],"scale":[2,2,2]},"fixed":{"rotation":[-90,0,0],"translation":[0,-0.75,-12],"scale":[1.5,1.5,1.5]}}}