{"credit":"MadewithBlockbench","texture_size":[32,32],"textures":{"0":"furniturespack:item/stone2furniture","particle":"item/stone2furniture"},"elements":[{"from":[7,0,4],"to":[11,2,7],"rotation":{"angle":0,"axis":"y","origin":[7.96177,0.83333,7.97445]},"faces":{"north":{"uv":[4.5,4.5,6.5,5.5],"texture":"#0"},"east":{"uv":[4.5,5.5,6,6.5],"texture":"#0"},"south":{"uv":[5.5,3,7.5,4],"texture":"#0"},"west":{"uv":[0,6,1.5,7],"texture":"#0"},"up":{"uv":[2,1.5,0,0],"texture":"#0"},"down":{"uv":[2,1.5,0,3],"texture":"#0"}}},{"from":[8,0,3],"to":[12,3,6],"rotation":{"angle":0,"axis":"y","origin":[7.96177,0.83333,7.97445]},"faces":{"north":{"uv":[2,0,4,1.5],"texture":"#0"},"east":{"uv":[4,3,5.5,4.5],"texture":"#0"},"south":{"uv":[2,1.5,4,3],"texture":"#0"},"west":{"uv":[0,4.5,1.5,6],"texture":"#0"},"up":{"uv":[2,4.5,0,3],"texture":"#0"},"down":{"uv":[4,3,2,4.5],"texture":"#0"}}},{"from":[5.91642,0,8.39641],"to":[9.91642,1,11.39641],"rotation":{"angle":22.5,"axis":"y","origin":[7.96177,0.83333,7.97445]},"faces":{"north":{"uv":[5.5,4,7.5,4.5],"texture":"#0"},"east":{"uv":[0,7,1.5,7.5],"texture":"#0"},"south":{"uv":[6,5.5,8,6],"texture":"#0"},"west":{"uv":[1.5,7,3,7.5],"texture":"#0"},"up":{"uv":[6,1.5,4,0],"texture":"#0"},"down":{"uv":[6,1.5,4,3],"texture":"#0"}}},{"from":[2.69926,0,6.437],"to":[5.69926,1,9.437],"rotation":{"angle":-22.5,"axis":"y","origin":[7.96177,0.83333,7.97445]},"faces":{"north":{"uv":[5,7,6.5,7.5],"texture":"#0"},"east":{"uv":[7,6,8.5,6.5],"texture":"#0"},"south":{"uv":[6.5,7,8,7.5],"texture":"#0"},"west":{"uv":[7,6.5,8.5,7],"texture":"#0"},"up":{"uv":[3,6,1.5,4.5],"texture":"#0"},"down":{"uv":[4.5,4.5,3,6],"texture":"#0"}}},{"from":[4,0,10],"to":[6,1,12],"rotation":{"angle":0,"axis":"y","origin":[7.96177,0.83333,7.97445]},"faces":{"north":{"uv":[5,6.5,6,7],"texture":"#0"},"east":{"uv":[3,7,4,7.5],"texture":"#0"},"south":{"uv":[0,7.5,1,8],"texture":"#0"},"west":{"uv":[7.5,0,8.5,0.5],"texture":"#0"},"up":{"uv":[4,7,3,6],"texture":"#0"},"down":{"uv":[7,6,6,7],"texture":"#0"}}},{"from":[7.91642,0,10.39641],"to":[10.91642,2,12.39641],"rotation":{"angle":22.5,"axis":"y","origin":[7.96177,0.83333,7.97445]},"faces":{"north":{"uv":[6,0,7.5,1],"texture":"#0"},"east":{"uv":[4,6.5,5,7.5],"texture":"#0"},"south":{"uv":[6,1,7.5,2],"texture":"#0"},"west":{"uv":[6.5,4.5,7.5,5.5],"texture":"#0"},"up":{"uv":[3,7,1.5,6],"texture":"#0"},"down":{"uv":[7.5,2,6,3],"texture":"#0"}}}],"display":{"thirdperson_righthand":{"translation":[0,8,2.25]},"thirdperson_lefthand":{"translation":[0,8,2]},"firstperson_righthand":{"translation":[0,8,0]},"firstperson_lefthand":{"translation":[0,8,0]},"ground":{"translation":[0,5.25,0]},"gui":{"rotation":[41.25,-28.5,0],"translation":[0,4.75,0],"scale":[1.14648,1.14648,1.14648]},"head":{"translation":[0,-15.25,0],"scale":[2,2,2]},"fixed":{"rotation":[-90,0,0],"translation":[1,1,-15.25],"scale":[2,2,2]}}}