{"credit":"MadewithBlockbench","textures":{"0":"furniturespack:item/stone1furniture","particle":"item/stone1furniture"},"elements":[{"from":[7,0,4],"to":[11,2,7],"rotation":{"angle":0,"axis":"y","origin":[7.5,0.6,8.8]},"faces":{"north":{"uv":[6,6,10,8],"texture":"#0"},"east":{"uv":[8,2,11,4],"texture":"#0"},"south":{"uv":[8,0,12,2],"texture":"#0"},"west":{"uv":[8,4,11,6],"texture":"#0"},"up":{"uv":[4,3,0,0],"texture":"#0"},"down":{"uv":[4,3,0,6],"texture":"#0"}}},{"from":[7,0,8],"to":[11,1,11],"rotation":{"angle":0,"axis":"y","origin":[7.5,0.6,8.8]},"faces":{"north":{"uv":[6,8,10,9],"texture":"#0"},"east":{"uv":[8,9,11,10],"texture":"#0"},"south":{"uv":[0,9,4,10],"texture":"#0"},"west":{"uv":[0,10,3,11],"texture":"#0"},"up":{"uv":[8,3,4,0],"texture":"#0"},"down":{"uv":[8,3,4,6],"texture":"#0"}}},{"from":[3,0,5],"to":[6,1,8],"rotation":{"angle":0,"axis":"y","origin":[7.5,0.6,8.8]},"faces":{"north":{"uv":[10,6,13,7],"texture":"#0"},"east":{"uv":[10,7,13,8],"texture":"#0"},"south":{"uv":[8,10,11,11],"texture":"#0"},"west":{"uv":[10,8,13,9],"texture":"#0"},"up":{"uv":[3,9,0,6],"texture":"#0"},"down":{"uv":[6,6,3,9],"texture":"#0"}}},{"from":[4,0,10],"to":[6,1,12],"rotation":{"angle":0,"axis":"y","origin":[7.5,0.6,8.8]},"faces":{"north":{"uv":[0,11,2,12],"texture":"#0"},"east":{"uv":[2,11,4,12],"texture":"#0"},"south":{"uv":[11,2,13,3],"texture":"#0"},"west":{"uv":[11,3,13,4],"texture":"#0"},"up":{"uv":[6,11,4,9],"texture":"#0"},"down":{"uv":[8,9,6,11],"texture":"#0"}}},{"from":[9,0,11],"to":[11,1,12],"rotation":{"angle":0,"axis":"y","origin":[7.5,0.6,8.8]},"faces":{"north":{"uv":[4,11,6,12],"texture":"#0"},"east":{"uv":[3,10,4,11],"texture":"#0"},"south":{"uv":[11,4,13,5],"texture":"#0"},"west":{"uv":[8,11,9,12],"texture":"#0"},"up":{"uv":[13,6,11,5],"texture":"#0"},"down":{"uv":[8,11,6,12],"texture":"#0"}}}],"display":{"thirdperson_righthand":{"translation":[0,8.25,0]},"thirdperson_lefthand":{"translation":[0,8.25,0]},"firstperson_righthand":{"translation":[0,8,0]},"firstperson_lefthand":{"translation":[0,7.75,0]},"ground":{"translation":[0,4.25,0]},"gui":{"rotation":[29.5,-44.25,0],"translation":[0.5,6.75,0],"scale":[1.27539,1.27539,1.27539]},"head":{"translation":[2,-15.25,0],"scale":[2,2,2]},"fixed":{"rotation":[-90,0,0],"translation":[1.5,0.25,-15.25],"scale":[2,2,2]}}}