{"credit":"Made with Blockbench","texture_size":[48,48],"textures":{"3":"elitecreatures:verdant_animated/backpack","4":"elitecreatures:verdant_animated/1","5":"elitecreatures:verdant_animated/2","particle":"elitecreatures:verdant_animated/1"},"elements":[{"from":[3,0,3],"to":[13,6,12],"faces":{"north":{"uv":[6,6,9.33333,8],"texture":"#3"},"east":{"uv":[0,8.66667,3,10.66667],"texture":"#3"},"south":{"uv":[6.66667,0,10,2],"texture":"#3"},"west":{"uv":[3,8.66667,6,10.66667],"texture":"#3"},"up":{"uv":[3.33333,3,0,0],"texture":"#3"},"down":{"uv":[3.33333,3,0,6],"texture":"#3"}}},{"from":[2.75,-0.25,10.25],"to":[4.75,2.25,12.25],"faces":{"north":{"uv":[8,10.33333,8.66667,11.16667],"texture":"#3"},"east":{"uv":[0,11.33333,0.66667,12.16667],"texture":"#3"},"south":{"uv":[0.66667,11.33333,1.33333,12.16667],"texture":"#3"},"west":{"uv":[1.33333,11.33333,2,12.16667],"texture":"#3"},"up":{"uv":[12.66667,4.66667,12,4],"texture":"#3"},"down":{"uv":[5.33333,12,4.66667,12.66667],"texture":"#3"}}},{"from":[11.25,-0.25,10.25],"to":[13.25,2.25,12.25],"rotation":{"angle":0,"axis":"y","origin":[16,0,0]},"faces":{"north":{"uv":[2,11.33333,2.66667,12.16667],"texture":"#3"},"east":{"uv":[5.66667,11.33333,6.33333,12.16667],"texture":"#3"},"south":{"uv":[6.33333,11.33333,7,12.16667],"texture":"#3"},"west":{"uv":[7,11.33333,7.66667,12.16667],"texture":"#3"},"up":{"uv":[12.66667,5.33333,12,4.66667],"texture":"#3"},"down":{"uv":[12.66667,5.33333,12,6],"texture":"#3"}}},{"from":[11.25,-0.25,2.75],"to":[13.25,2.25,4.75],"rotation":{"angle":0,"axis":"y","origin":[16,0,16]},"faces":{"north":{"uv":[7.66667,11.33333,8.33333,12.16667],"texture":"#3"},"east":{"uv":[11.33333,10,12,10.83333],"texture":"#3"},"south":{"uv":[11.33333,11,12,11.83333],"texture":"#3"},"west":{"uv":[11.66667,8,12.33333,8.83333],"texture":"#3"},"up":{"uv":[12.66667,6.66667,12,6],"texture":"#3"},"down":{"uv":[12.66667,6.66667,12,7.33333],"texture":"#3"}}},{"from":[2.75,-0.25,2.75],"to":[4.75,2.25,4.75],"rotation":{"angle":0,"axis":"y","origin":[0,0,16]},"faces":{"north":{"uv":[11.66667,9,12.33333,9.83333],"texture":"#3"},"east":{"uv":[2.66667,12,3.33333,12.83333],"texture":"#3"},"south":{"uv":[3.33333,12,4,12.83333],"texture":"#3"},"west":{"uv":[4,12,4.66667,12.83333],"texture":"#3"},"up":{"uv":[12.66667,8,12,7.33333],"texture":"#3"},"down":{"uv":[12.66667,10,12,10.66667],"texture":"#3"}}},{"from":[3.5,6,3.5],"to":[12.5,12,11.5],"rotation":{"angle":0,"axis":"y","origin":[-0.5,0,1]},"faces":{"north":{"uv":[8.66667,8,11.66667,10],"texture":"#3"},"east":{"uv":[9.33333,4,12,6],"texture":"#3"},"south":{"uv":[9.33333,2,12.33333,4],"texture":"#3"},"west":{"uv":[9.33333,6,12,8],"texture":"#3"},"up":{"uv":[3,8.66667,0,6],"texture":"#3"},"down":{"uv":[6,6,3,8.66667],"texture":"#3"}}},{"from":[3.25,6,3.25],"to":[12.75,7,11.75],"rotation":{"angle":0,"axis":"y","origin":[-0.5,0,1]},"faces":{"north":{"uv":[10,0,13.16667,0.33333],"texture":"#3"},"east":{"uv":[10,1.66667,12.83333,2],"texture":"#3"},"south":{"uv":[10,0.33333,13.16667,0.66667],"texture":"#3"},"west":{"uv":[0,10.66667,2.83333,11],"texture":"#3"},"up":{"uv":[6.5,2.83333,3.33333,0],"texture":"#3"},"down":{"uv":[6.5,3,3.33333,5.83333],"texture":"#3"}}},{"from":[7,5,10],"to":[10,8,12.5],"rotation":{"angle":-45,"axis":"z","origin":[8,7,6.5]},"faces":{"north":{"uv":[10,0.66667,11,1.66667],"texture":"#3"},"east":{"uv":[7,10.33333,7.83333,11.33333],"texture":"#3"},"south":{"uv":[6,10.33333,7,11.33333],"texture":"#3"},"west":{"uv":[2.66667,11,3.5,12],"texture":"#3"},"up":{"uv":[4.66667,11.83333,3.66667,11],"texture":"#3"},"down":{"uv":[5.66667,11,4.66667,11.83333],"texture":"#3"}}},{"from":[4,11.25,4.75],"to":[12,12.25,11.75],"rotation":{"angle":0,"axis":"y","origin":[7,0,7]},"faces":{"north":{"uv":[6.66667,5.66667,9.33333,6],"texture":"#3"},"east":{"uv":[11,1,13.33333,1.33333],"texture":"#3"},"south":{"uv":[3,10.66667,5.66667,11],"texture":"#3"},"west":{"uv":[11,1.33333,13.33333,1.66667],"texture":"#3"},"up":{"uv":[9.33333,4.33333,6.66667,2],"texture":"#3"},"down":{"uv":[8.66667,8,6,10.33333],"texture":"#3"}}},{"from":[4,9.25,10.75],"to":[12,11.25,11.75],"rotation":{"angle":0,"axis":"y","origin":[7,0,7]},"faces":{"north":{"uv":[6.66667,4.33333,9.33333,5],"texture":"#3"},"east":{"uv":[5.66667,10.66667,6,11.33333],"texture":"#3"},"south":{"uv":[6.66667,5,9.33333,5.66667],"texture":"#3"},"west":{"uv":[8.33333,11.33333,8.66667,12],"texture":"#3"},"up":{"uv":[2.66667,11.33333,0,11],"texture":"#3"},"down":{"uv":[13.66667,0.66667,11,1],"texture":"#3"}}},{"from":[3.5,6,4],"to":[3.5,13,8],"rotation":{"angle":45,"axis":"y","origin":[3.5,7.5,8]},"faces":{"north":{"uv":[0,0,0,2.33333],"texture":"#3"},"east":{"uv":[11.33333,10,10,12.33333],"texture":"#3"},"south":{"uv":[0,0,0,2.33333],"texture":"#3"},"west":{"uv":[10,10,11.33333,12.33333],"texture":"#3"},"up":{"uv":[1.33333,0,0,0],"rotation":90,"texture":"#3"},"down":{"uv":[1.33333,0,0,0],"rotation":270,"texture":"#3"}}},{"from":[12.5,6,4],"to":[12.5,13,8],"rotation":{"angle":-45,"axis":"y","origin":[12.5,7.5,8]},"faces":{"north":{"uv":[0,0,0,2.33333],"texture":"#3"},"east":{"uv":[11.33333,10,10,12.33333],"texture":"#3"},"south":{"uv":[0,0,0,2.33333],"texture":"#3"},"west":{"uv":[10,10,11.33333,12.33333],"texture":"#3"},"up":{"uv":[1.33333,0,0,0],"rotation":90,"texture":"#3"},"down":{"uv":[1.33333,0,0,0],"rotation":270,"texture":"#3"}}},{"from":[5,6.25,12],"to":[11,10.25,12],"rotation":{"angle":0,"axis":"y","origin":[8,1,9.25]},"faces":{"north":{"uv":[0,0,6,4],"texture":"#5"},"east":{"uv":[0,0,0,4.8],"texture":"#missing"},"south":{"uv":[0,0,6,4],"texture":"#5"},"west":{"uv":[0,0,0,4.8],"texture":"#missing"},"up":{"uv":[0,7.2,0,0],"rotation":90,"texture":"#missing"},"down":{"uv":[0,0,0,7.2],"rotation":270,"texture":"#missing"}}},{"from":[13.1,2.25,8.1],"to":[13.1,5.25,12.1],"rotation":{"angle":0,"axis":"y","origin":[8,1,8]},"faces":{"north":{"uv":[0,0,0,3.6],"texture":"#missing"},"east":{"uv":[0,4.5,4,7.5],"texture":"#5"},"south":{"uv":[0,0,0,3.6],"texture":"#missing"},"west":{"uv":[0,4.5,4,7.5],"texture":"#5"},"up":{"uv":[0,4.8,0,0],"texture":"#missing"},"down":{"uv":[0,0,0,4.8],"texture":"#missing"}}},{"from":[9.1,2.25,12.1],"to":[13.1,5.25,12.1],"rotation":{"angle":0,"axis":"y","origin":[13.1,2.25,12.1]},"faces":{"north":{"uv":[0,4.5,4,7.5],"texture":"#5"},"east":{"uv":[0,0,0,3.6],"texture":"#missing"},"south":{"uv":[4,4.5,0,7.5],"texture":"#5"},"west":{"uv":[0,0,0,3.6],"texture":"#missing"},"up":{"uv":[0,4.8,0,0],"rotation":270,"texture":"#missing"},"down":{"uv":[0,0,0,4.8],"rotation":90,"texture":"#missing"}}},{"from":[2.9,2.25,12.1],"to":[6.9,5.25,12.1],"rotation":{"angle":0,"axis":"y","origin":[2.9,2.25,12.1]},"faces":{"north":{"uv":[4,4.5,0,7.5],"texture":"#5"},"east":{"uv":[0,0,0,3.6],"texture":"#missing"},"south":{"uv":[0,4.5,4,7.5],"texture":"#5"},"west":{"uv":[0,0,0,3.6],"texture":"#missing"},"up":{"uv":[0,0,0,4.8],"rotation":270,"texture":"#missing"},"down":{"uv":[0,4.8,0,0],"rotation":90,"texture":"#missing"}}},{"from":[2.9,2.25,8.1],"to":[2.9,5.25,12.1],"rotation":{"angle":0,"axis":"y","origin":[8,1,8]},"faces":{"north":{"uv":[0,0,0,3.6],"texture":"#missing"},"east":{"uv":[4,4.5,0,7.5],"texture":"#5"},"south":{"uv":[0,0,0,3.6],"texture":"#missing"},"west":{"uv":[4,4.5,0,7.5],"texture":"#5"},"up":{"uv":[0,4.8,0,0],"texture":"#missing"},"down":{"uv":[0,0,0,4.8],"texture":"#missing"}}},{"from":[2.9,2.25,2.9],"to":[6.9,5.25,2.9],"rotation":{"angle":0,"axis":"y","origin":[2.9,2.25,3.9]},"faces":{"north":{"uv":[4,4.5,0,7.5],"texture":"#5"},"east":{"uv":[0,0,0,3.6],"texture":"#missing"},"south":{"uv":[0,4.5,4,7.5],"texture":"#5"},"west":{"uv":[0,0,0,3.6],"texture":"#missing"},"up":{"uv":[0,0,0,4.8],"rotation":270,"texture":"#missing"},"down":{"uv":[0,4.8,0,0],"rotation":90,"texture":"#missing"}}},{"from":[2.9,2.25,2.9],"to":[2.9,5.25,6.9],"rotation":{"angle":0,"axis":"y","origin":[8,1,8]},"faces":{"north":{"uv":[0,0,0,3.6],"texture":"#missing"},"east":{"uv":[0,4.5,4,7.5],"texture":"#5"},"south":{"uv":[0,0,0,3.6],"texture":"#missing"},"west":{"uv":[0,4.5,4,7.5],"texture":"#5"},"up":{"uv":[0,0,0,4.8],"texture":"#missing"},"down":{"uv":[0,4.8,0,0],"texture":"#missing"}}},{"from":[9.1,2.25,2.9],"to":[13.1,5.25,2.9],"rotation":{"angle":0,"axis":"y","origin":[13.1,2.25,3.9]},"faces":{"north":{"uv":[0,4.5,4,7.5],"texture":"#5"},"east":{"uv":[0,0,0,3.6],"texture":"#missing"},"south":{"uv":[4,4.5,0,7.5],"texture":"#5"},"west":{"uv":[0,0,0,3.6],"texture":"#missing"},"up":{"uv":[0,4.8,0,0],"rotation":270,"texture":"#missing"},"down":{"uv":[0,0,0,4.8],"rotation":90,"texture":"#missing"}}},{"from":[13.1,2.25,2.9],"to":[13.1,5.25,6.9],"rotation":{"angle":0,"axis":"y","origin":[8,1,8]},"faces":{"north":{"uv":[0,0,0,3.6],"texture":"#missing"},"east":{"uv":[4,4.5,0,7.5],"texture":"#5"},"south":{"uv":[0,0,0,3.6],"texture":"#missing"},"west":{"uv":[4,4.5,0,7.5],"texture":"#5"},"up":{"uv":[0,0,0,4.8],"texture":"#missing"},"down":{"uv":[0,4.8,0,0],"texture":"#missing"}}},{"from":[6.06777,4.19695,12.75],"to":[9.06777,7.19695,12.75],"rotation":{"angle":-45,"axis":"z","origin":[8,5.26472,13]},"faces":{"north":{"uv":[0.5,12,3,9.5],"rotation":270,"texture":"#4"},"east":{"uv":[0.14815,0.37037,0.11111,0.40741],"texture":"#missing"},"south":{"uv":[0,9.5,3,12.5],"rotation":270,"texture":"#4"},"west":{"uv":[0.40741,0.18519,0.37037,0.22222],"texture":"#missing"},"up":{"uv":[0.37037,0.35802,0.40741,0.32099],"rotation":90,"texture":"#missing"},"down":{"uv":[0.37037,0.35802,0.40741,0.39506],"rotation":270,"texture":"#missing"}}},{"from":[0,13,8.25],"to":[3.5,16,8.25],"rotation":{"angle":-45,"axis":"y","origin":[1.75,14.5,8.25]},"faces":{"north":{"uv":[0,13,3.5,16],"texture":"#4"},"east":{"uv":[0,13,3.5,16],"texture":"#4"},"south":{"uv":[0,13,3.5,16],"texture":"#4"},"west":{"uv":[0,13,3.5,16],"texture":"#4"},"up":{"uv":[0,13,3.5,16],"texture":"#4"},"down":{"uv":[0,13,3.5,16],"texture":"#4"}}},{"from":[14,6,8.25],"to":[17.5,9,8.25],"rotation":{"angle":45,"axis":"y","origin":[15.75,7.5,8.25]},"faces":{"north":{"uv":[0,13,3.5,16],"texture":"#4"},"east":{"uv":[0,13,3.5,16],"texture":"#4"},"south":{"uv":[0,13,3.5,16],"texture":"#4"},"west":{"uv":[0,13,3.5,16],"texture":"#4"},"up":{"uv":[0,13,3.5,16],"texture":"#4"},"down":{"uv":[0,13,3.5,16],"texture":"#4"}}}],"gui_light":"front","display":{"thirdperson_righthand":{"rotation":[29,180,0],"translation":[0,1.75,1.75],"scale":[0.54688,0.54688,0.54688]},"thirdperson_lefthand":{"rotation":[67.5,0,0],"translation":[-6.25,-8.5,11]},"firstperson_righthand":{"rotation":[0,-64,0],"translation":[6.5,2.5,-6.5]},"firstperson_lefthand":{"rotation":[0,-64,0],"translation":[6.5,2.5,-6.5],"scale":[0,0,0]},"ground":{"translation":[0,4.25,0],"scale":[0.6,0.6,0.6]},"gui":{"rotation":[22.5,-45,0],"translation":[0,1.5,0],"scale":[0.78945,0.78945,0.78945]},"head":{"translation":[0,-12.5,10.75],"scale":[1.6,1.6,1.6]},"fixed":{"rotation":[0,180,0],"translation":[0,4.5,-10],"scale":[2.04297,2.04297,2.04297]}}}