{"credit":"Made with Blockbench","texture_size":[64,64],"textures":{"1":"elitecreatures:verdant_animated/helmet_3d","2":"elitecreatures:verdant_animated/2","3":"elitecreatures:verdant_animated/1","particle":"elitecreatures:verdant_animated/2"},"elements":[{"from":[2,0.25,2.25],"to":[14,12.25,2.25],"faces":{"north":{"uv":[0,0,3,3],"texture":"#1"},"east":{"uv":[3,0,5.75,3],"texture":"#1"},"south":{"uv":[3,0,0,3],"texture":"#1"},"west":{"uv":[3,3,5.75,6],"texture":"#1"},"up":{"uv":[8.75,2.75,5.75,0],"texture":"#1"},"down":{"uv":[8.75,2.75,5.75,5.5],"texture":"#1"}}},{"from":[2,0.25,3.5],"to":[14,12.25,3.5],"faces":{"north":{"uv":[13,14.25,14,15.25],"texture":"#1"},"east":{"uv":[13,14.25,14,15.25],"texture":"#1"},"south":{"uv":[13,14.25,14,15.25],"texture":"#1"},"west":{"uv":[13,14.25,14,15.25],"texture":"#1"},"up":{"uv":[13,14.25,14,15.25],"texture":"#1"},"down":{"uv":[13,14.25,14,15.25],"texture":"#1"}}},{"from":[2,0.25,14],"to":[14,12.25,14],"faces":{"north":{"uv":[0,3,3,6],"texture":"#1"},"east":{"uv":[13,14.25,14,15.25],"texture":"#1"},"south":{"uv":[0,3,3,6],"texture":"#1"},"west":{"uv":[13,14.25,14,15.25],"texture":"#1"},"up":{"uv":[13,14.25,14,15.25],"texture":"#1"},"down":{"uv":[13,14.25,14,15.25],"texture":"#1"}}},{"from":[2,12,3],"to":[14,14,14],"faces":{"north":{"uv":[12.25,1.5,15.25,2],"texture":"#1"},"east":{"uv":[12.25,2.5,15,3],"texture":"#1"},"south":{"uv":[12.25,2,15.25,2.5],"texture":"#1"},"west":{"uv":[12.25,3,15,3.5],"texture":"#1"},"up":{"uv":[8.75,8.25,5.75,5.5],"texture":"#1"},"down":{"uv":[3,6,0,8.75],"texture":"#1"}}},{"from":[12,0,2],"to":[14.5,12,4],"faces":{"north":{"uv":[9.25,11.25,9.875,14.25],"texture":"#1"},"east":{"uv":[10,11.25,10.5,14.25],"texture":"#1"},"south":{"uv":[0,11.75,0.625,14.75],"texture":"#1"},"west":{"uv":[2.25,12,2.75,15],"texture":"#1"},"up":{"uv":[9.875,7.25,9.25,6.75],"texture":"#1"},"down":{"uv":[10.375,7.25,9.75,7.75],"texture":"#1"}}},{"from":[1.5,0,2],"to":[4,12,4],"rotation":{"angle":0,"axis":"y","origin":[16,0,0]},"faces":{"north":{"uv":[0.75,11.75,1.375,14.75],"texture":"#1"},"east":{"uv":[2.75,12,3.25,15],"texture":"#1"},"south":{"uv":[1.5,11.75,2.125,14.75],"texture":"#1"},"west":{"uv":[3.25,12,3.75,15],"texture":"#1"},"up":{"uv":[10.375,8.25,9.75,7.75],"texture":"#1"},"down":{"uv":[4.875,10.5,4.25,11],"texture":"#1"}}},{"from":[7,6,2],"to":[9,12,3],"faces":{"north":{"uv":[8.75,6,9.25,7.5],"texture":"#1"},"east":{"uv":[5.5,6,5.75,7.5],"texture":"#1"},"south":{"uv":[4.25,9,4.75,10.5],"texture":"#1"},"west":{"uv":[4.75,9,5,10.5],"texture":"#1"},"up":{"uv":[3,9,2.5,8.75],"texture":"#1"},"down":{"uv":[5.5,9,5,9.25],"texture":"#1"}}},{"from":[3,10,1],"to":[13,13,5],"rotation":{"angle":-45,"axis":"x","origin":[8,11.5,3.5]},"faces":{"north":{"uv":[12.25,0,14.75,0.75],"texture":"#1"},"east":{"uv":[8.75,7.5,9.75,8.25],"texture":"#1"},"south":{"uv":[12.25,0.75,14.75,1.5],"texture":"#1"},"west":{"uv":[9.25,6,10.25,6.75],"texture":"#1"},"up":{"uv":[6.75,12.25,4.25,11.25],"texture":"#1"},"down":{"uv":[9.25,11.25,6.75,12.25],"texture":"#1"}}},{"from":[9.75282,1.83938,3.75],"to":[16.75282,13.83938,13.75],"rotation":{"angle":-22.5,"axis":"z","origin":[10.75282,7.83938,7.75]},"faces":{"north":{"uv":[8.75,0,10.5,3],"texture":"#1"},"east":{"uv":[3,6,5.5,9],"texture":"#1"},"south":{"uv":[8.75,3,10.5,6],"texture":"#1"},"west":{"uv":[5.5,8.25,8,11.25],"texture":"#1"},"up":{"uv":[12.25,5.5,10.5,3],"texture":"#1"},"down":{"uv":[12.25,5.5,10.5,8],"texture":"#1"}}},{"from":[-0.75282,1.83938,3.75],"to":[6.24718,13.83938,13.75],"rotation":{"angle":22.5,"axis":"z","origin":[5.24718,7.83938,7.75]},"faces":{"north":{"uv":[2.5,9,4.25,12],"texture":"#1"},"east":{"uv":[8,8.25,10.5,11.25],"texture":"#1"},"south":{"uv":[10.5,0,12.25,3],"texture":"#1"},"west":{"uv":[0,8.75,2.5,11.75],"texture":"#1"},"up":{"uv":[12.25,10.5,10.5,8],"texture":"#1"},"down":{"uv":[12.25,10.5,10.5,13],"texture":"#1"}}},{"from":[-1.75,11,3.25],"to":[2.25,15,3.25],"rotation":{"angle":22.5,"axis":"z","origin":[0.25,13,3.25]},"faces":{"north":{"uv":[6,0,10,3.5],"texture":"#2"},"east":{"uv":[0,0,0,1],"texture":"#missing"},"south":{"uv":[10,0,6,3.5],"texture":"#2"},"west":{"uv":[0,0,0,1],"texture":"#missing"},"up":{"uv":[0,0,0,1],"rotation":90,"texture":"#missing"},"down":{"uv":[0,1,0,0],"rotation":270,"texture":"#missing"}}},{"from":[13.75,11,3.25],"to":[17.75,15,3.25],"rotation":{"angle":-22.5,"axis":"z","origin":[15.75,13,3.25]},"faces":{"north":{"uv":[10,0,6,3.5],"texture":"#2"},"east":{"uv":[0,0,0,1],"texture":"#missing"},"south":{"uv":[6,0,10,3.5],"texture":"#2"},"west":{"uv":[0,0,0,1],"texture":"#missing"},"up":{"uv":[0,1,0,0],"rotation":90,"texture":"#missing"},"down":{"uv":[0,0,0,1],"rotation":270,"texture":"#missing"}}},{"from":[-2.5,0,2.5],"to":[1.5,3,2.5],"rotation":{"angle":45,"axis":"y","origin":[1.5,1.5,2.5]},"faces":{"north":{"uv":[0,4.5,4,7.5],"texture":"#2"},"east":{"uv":[0,0,0,0.75],"texture":"#missing"},"south":{"uv":[4,4.5,0,7.5],"texture":"#2"},"west":{"uv":[0,0,0,0.75],"texture":"#missing"},"up":{"uv":[0,0,0,1],"rotation":90,"texture":"#missing"},"down":{"uv":[0,1,0,0],"rotation":270,"texture":"#missing"}}},{"from":[14.5,0,2.5],"to":[18.5,3,2.5],"rotation":{"angle":-45,"axis":"y","origin":[14.5,1.5,2.5]},"faces":{"north":{"uv":[4,4.5,0,7.5],"texture":"#2"},"east":{"uv":[0,0,0,0.75],"texture":"#missing"},"south":{"uv":[0,4.5,4,7.5],"texture":"#2"},"west":{"uv":[0,0,0,0.75],"texture":"#missing"},"up":{"uv":[0,1,0,0],"rotation":90,"texture":"#missing"},"down":{"uv":[0,0,0,1],"rotation":270,"texture":"#missing"}}},{"from":[5,11.5,3.25],"to":[11,15.5,3.25],"rotation":{"angle":-22.5,"axis":"x","origin":[8,12,2]},"faces":{"north":{"uv":[0,0,6,4],"texture":"#2"},"east":{"uv":[0,0,0,1],"texture":"#missing"},"south":{"uv":[0,0,6,4],"texture":"#2"},"west":{"uv":[0,0,0,1],"texture":"#missing"},"up":{"uv":[0,1.5,0,0],"rotation":90,"texture":"#missing"},"down":{"uv":[0,0,0,1.5],"rotation":270,"texture":"#missing"}}},{"from":[12,16,8.25],"to":[15.5,19,8.25],"rotation":{"angle":0,"axis":"y","origin":[15.75,22.5,8.25]},"faces":{"north":{"uv":[0,13,3.5,16],"texture":"#3"},"east":{"uv":[0,9.75,2.625,12],"texture":"#missing"},"south":{"uv":[0,13,3.5,16],"texture":"#3"},"west":{"uv":[0,9.75,2.625,12],"texture":"#missing"},"up":{"uv":[0,9.75,2.625,12],"texture":"#missing"},"down":{"uv":[0,9.75,2.625,12],"texture":"#missing"}}},{"from":[0,15,8.25],"to":[3.5,18,8.25],"rotation":{"angle":0,"axis":"y","origin":[15.75,22.5,8.25]},"faces":{"north":{"uv":[0,13,3.5,16],"texture":"#3"},"east":{"uv":[0,9.75,2.625,12],"texture":"#missing"},"south":{"uv":[0,13,3.5,16],"texture":"#3"},"west":{"uv":[0,9.75,2.625,12],"texture":"#missing"},"up":{"uv":[0,9.75,2.625,12],"texture":"#missing"},"down":{"uv":[0,9.75,2.625,12],"texture":"#missing"}}}],"gui_light":"front","display":{"thirdperson_righthand":{"rotation":[58.76,3.25,7.85],"translation":[0,-1.25,0],"scale":[0.38203,0.38203,0.38203]},"thirdperson_lefthand":{"rotation":[58.76,3.25,7.85],"translation":[0,-1.25,0],"scale":[0.38203,0.38203,0.38203]},"firstperson_righthand":{"rotation":[-174,51,-180],"translation":[-0.5,4.75,-1],"scale":[0.61523,0.61523,0.61523]},"firstperson_lefthand":{"rotation":[-174,51,-180],"translation":[-0.5,4.75,-1],"scale":[0.61523,0.61523,0.61523]},"ground":{"rotation":[54,49,-19],"translation":[0,3.25,0],"scale":[0.5,0.5,0.5]},"gui":{"rotation":[15,156,-0.85],"translation":[0,-0.75,-2],"scale":[0.69414,0.70195,0.69414]},"head":{"translation":[0,2.5,0],"scale":[1.29062,1.29062,1.39804]},"fixed":{"translation":[0,1.5,-8.5],"scale":[1.64469,1.64469,1.64469]}}}