{"credit":"Made with Blockbench","texture_size":[24,24],"textures":{"0":"elitecreatures:verdant_animated/key","1":"elitecreatures:verdant_animated/1","particle":"elitecreatures:verdant_animated/key"},"elements":[{"from":[8,5.5,3],"to":[8,8.5,13],"rotation":{"angle":0,"axis":"y","origin":[7,0,7]},"faces":{"north":{"uv":[0,0,0,2],"texture":"#0"},"east":{"uv":[0,0,6.66667,2],"texture":"#0"},"south":{"uv":[0,0,0,2],"texture":"#0"},"west":{"uv":[0,2,6.66667,4],"texture":"#0"},"up":{"uv":[0,6.66667,0,0],"texture":"#0"},"down":{"uv":[0,0,0,6.66667],"texture":"#0"}}},{"from":[7,4.5,4],"to":[9,6.5,11],"faces":{"north":{"uv":[8.66667,8,10,9.33333],"texture":"#0"},"east":{"uv":[5.33333,4,10,5.33333],"texture":"#0"},"south":{"uv":[2.66667,9.33333,4,10.66667],"texture":"#0"},"west":{"uv":[5.33333,5.33333,10,6.66667],"texture":"#0"},"up":{"uv":[1.33333,11.33333,0,6.66667],"texture":"#0"},"down":{"uv":[2.66667,6.66667,1.33333,11.33333],"texture":"#0"}}},{"from":[7.5,2.5,4.5],"to":[8.5,4.5,5.5],"faces":{"north":{"uv":[5.33333,9.33333,6,10.66667],"texture":"#0"},"east":{"uv":[6,9.33333,6.66667,10.66667],"texture":"#0"},"south":{"uv":[6.66667,9.33333,7.33333,10.66667],"texture":"#0"},"west":{"uv":[7.33333,9.33333,8,10.66667],"texture":"#0"},"up":{"uv":[8.66667,10,8,9.33333],"texture":"#0"},"down":{"uv":[9.33333,9.33333,8.66667,10],"texture":"#0"}}},{"from":[7.5,3.5,6.5],"to":[8.5,4.5,7.5],"faces":{"north":{"uv":[9.33333,9.33333,10,10],"texture":"#0"},"east":{"uv":[10,4,10.66667,4.66667],"texture":"#0"},"south":{"uv":[10,4.66667,10.66667,5.33333],"texture":"#0"},"west":{"uv":[10,5.33333,10.66667,6],"texture":"#0"},"up":{"uv":[10.66667,6.66667,10,6],"texture":"#0"},"down":{"uv":[8.66667,10,8,10.66667],"texture":"#0"}}},{"from":[6.75,3,11],"to":[9.25,7,15],"rotation":{"angle":45,"axis":"x","origin":[8,5.5,13.5]},"faces":{"north":{"uv":[6.66667,0,8.33333,2.66667],"texture":"#0"},"east":{"uv":[0,4,2.66667,6.66667],"texture":"#0"},"south":{"uv":[2.66667,6.66667,4.33333,9.33333],"texture":"#0"},"west":{"uv":[2.66667,4,5.33333,6.66667],"texture":"#0"},"up":{"uv":[6.33333,9.33333,4.66667,6.66667],"texture":"#0"},"down":{"uv":[8.33333,6.66667,6.66667,9.33333],"texture":"#0"}}},{"from":[6.25,4,12],"to":[9.75,6,14],"rotation":{"angle":45,"axis":"x","origin":[8,5.5,13.5]},"faces":{"north":{"uv":[6.66667,2.66667,9,4],"texture":"#0"},"east":{"uv":[9.33333,2.66667,10.66667,4],"texture":"#0"},"south":{"uv":[8.66667,0,11,1.33333],"texture":"#0"},"west":{"uv":[4,9.33333,5.33333,10.66667],"texture":"#0"},"up":{"uv":[11,2.66667,8.66667,1.33333],"texture":"#0"},"down":{"uv":[11,6.66667,8.66667,8],"texture":"#0"}}},{"from":[8,8,13.75],"to":[8,11,17.25],"rotation":{"angle":0,"axis":"y","origin":[6,0,1.25]},"faces":{"north":{"uv":[0,30.33333,8.16667,37.33333],"texture":"#missing"},"east":{"uv":[0,13,3.5,16],"texture":"#1"},"south":{"uv":[0,30.33333,8.16667,37.33333],"texture":"#missing"},"west":{"uv":[0,13,3.5,16],"texture":"#1"},"up":{"uv":[0,30.33333,8.16667,37.33333],"texture":"#missing"},"down":{"uv":[0,30.33333,8.16667,37.33333],"texture":"#missing"}}}],"gui_light":"front","display":{"thirdperson_righthand":{"rotation":[73.25,0,0],"translation":[0,2.75,1.25],"scale":[0.55274,0.55274,0.55274]},"thirdperson_lefthand":{"rotation":[73.25,0,0],"translation":[0,2.75,1.25],"scale":[0.55274,0.55274,0.55274]},"firstperson_righthand":{"rotation":[36.21,6.05,-4.43],"translation":[11.75,1.5,-13.5],"scale":[1.48242,1.48242,1.48242]},"firstperson_lefthand":{"rotation":[36.21,6.05,-4.43],"translation":[11.75,1.5,-13.5],"scale":[1.48242,1.48242,1.48242]},"ground":{"rotation":[62,0,0],"translation":[0,4.75,0],"scale":[0.62109,0.62109,0.62109]},"gui":{"rotation":[90,-180,90],"translation":[2.75,-2.5,0],"scale":[1.04688,1.04688,1.04688]},"head":{"translation":[0,5,-0.5],"scale":[1.37695,1.39258,1.37695]},"fixed":{"rotation":[0,90,0],"translation":[-1.75,2.75,-1],"scale":[1.39844,1.39844,1.39844]}}}