{"credit":"MadewithBlockbench","texture_size":[128,128],"textures":{"0":"elitecreatures:nature_goddess_animated_weapon_set/naturegoddess_texture_01","3":"elitecreatures:nature_goddess_animated_weapon_set/naturegoddess_animation_01","4":"elitecreatures:nature_goddess_animated_weapon_set/naturegoddess_animation_02","6":"elitecreatures:nature_goddess_animated_weapon_set/naturegoddess_animation_03","particle":"elitecreatures:nature_goddess_animated_weapon_set/naturegoddess_texture_01"},"elements":[{"from":[6,7.55977,8.47703],"to":[10,10.55977,11.47703],"rotation":{"angle":-22.5,"axis":"x","origin":[8,7.60355,8.5]},"faces":{"north":{"uv":[0.375,0,0.875,0.375],"texture":"#0"},"east":{"uv":[0.375,0,0,0.375],"texture":"#0"},"south":{"uv":[0.375,0,0.875,0.375],"texture":"#0"},"west":{"uv":[0,0,0.375,0.375],"texture":"#0"},"up":{"uv":[0,0.375,0.375,0.875],"rotation":90,"texture":"#0"},"down":{"uv":[0,0.375,0.375,0.875],"rotation":90,"texture":"#0"}}},{"from":[6.5,6.55977,7.47703],"to":[9.5,11.55977,12.47703],"rotation":{"angle":-22.5,"axis":"x","origin":[8,7.60355,8.5]},"faces":{"north":{"uv":[1.5,0,1.875,0.625],"texture":"#0"},"east":{"uv":[0.875,0,1.5,0.625],"texture":"#0"},"south":{"uv":[2.5,0,2.875,0.625],"texture":"#0"},"west":{"uv":[0.875,0,1.5,0.625],"texture":"#0"},"up":{"uv":[2.875,0,3.5,0.375],"rotation":90,"texture":"#0"},"down":{"uv":[1.875,0,2.5,0.375],"rotation":90,"texture":"#0"}}},{"from":[7,5.94056,9.8242],"to":[9,10.44056,10.8242],"rotation":{"angle":45,"axis":"x","origin":[8,7.60355,8.5]},"faces":{"north":{"uv":[1.875,0.375,2.4375,0.625],"rotation":90,"texture":"#0"},"east":{"uv":[0.875,0.625,1.4375,0.75],"rotation":270,"texture":"#0"},"south":{"uv":[1.875,0.375,2.4375,0.625],"rotation":90,"texture":"#0"},"west":{"uv":[0.875,0.625,1.4375,0.75],"rotation":270,"texture":"#0"},"up":{"uv":[0.875,0.625,1.125,0.75],"texture":"#0"},"down":{"uv":[0.875,0.625,1.125,0.75],"texture":"#0"}}},{"from":[7,5.94056,6.1758],"to":[9,10.44056,7.1758],"rotation":{"angle":0,"axis":"y","origin":[8,7.60355,8.5]},"faces":{"north":{"uv":[1.875,0.625,2.4375,0.375],"rotation":90,"texture":"#0"},"east":{"uv":[0.875,0.75,1.4375,0.625],"rotation":270,"texture":"#0"},"south":{"uv":[1.875,0.625,2.4375,0.375],"rotation":90,"texture":"#0"},"west":{"uv":[0.875,0.75,1.4375,0.625],"rotation":270,"texture":"#0"},"up":{"uv":[0.875,0.75,1.125,0.625],"texture":"#0"},"down":{"uv":[0.875,0.75,1.125,0.625],"texture":"#0"}}},{"from":[6.5,5.5,7],"to":[9.5,6.5,10],"rotation":{"angle":22.5,"axis":"x","origin":[8,8.48746,6.86958]},"faces":{"north":{"uv":[0,1.375,0.375,1.5],"texture":"#0"},"east":{"uv":[0,1.25,0.375,1.375],"texture":"#0"},"south":{"uv":[0,1.375,0.375,1.5],"texture":"#0"},"west":{"uv":[0,1.25,0.375,1.375],"texture":"#0"},"up":{"uv":[0,0.875,0.375,1.25],"rotation":270,"texture":"#0"},"down":{"uv":[0,0.875,0.375,1.25],"rotation":270,"texture":"#0"}}},{"from":[7,3.5,6.5],"to":[9,5,10.5],"rotation":{"angle":22.5,"axis":"x","origin":[8,8.48746,6.86958]},"faces":{"north":{"uv":[0.375,0.8125,0.625,1],"texture":"#0"},"east":{"uv":[0.375,0.625,0.875,0.8125],"texture":"#0"},"south":{"uv":[0.375,0.8125,0.625,1],"texture":"#0"},"west":{"uv":[0.375,0.625,0.875,0.8125],"texture":"#0"},"up":{"uv":[0.375,0.375,0.875,0.625],"rotation":270,"texture":"#0"},"down":{"uv":[0.375,0.375,0.875,0.625],"rotation":270,"texture":"#0"}}},{"from":[7.25,3,7.3],"to":[8.75,8,9.8],"rotation":{"angle":22.5,"axis":"x","origin":[8,7.60355,8.5]},"faces":{"north":{"uv":[0.9375,0.8125,1.125,1.4375],"texture":"#0"},"east":{"uv":[0.625,0.8125,0.9375,1.4375],"texture":"#0"},"south":{"uv":[0.9375,0.8125,1.125,1.4375],"texture":"#0"},"west":{"uv":[0.625,0.8125,0.9375,1.4375],"texture":"#0"},"up":{"uv":[1.125,0.75,1.4375,0.9375],"rotation":90,"texture":"#0"},"down":{"uv":[1.125,0.75,1.4375,0.9375],"rotation":90,"texture":"#0"}}},{"from":[6.75,-0.5,7],"to":[9.25,1,11],"rotation":{"angle":-45,"axis":"x","origin":[0,-4,17]},"faces":{"north":{"uv":[1.8125,1.125,2.125,1.3125],"texture":"#0"},"east":{"uv":[1.3125,1.625,1.8125,1.8125],"texture":"#0"},"south":{"uv":[1.8125,1.125,2.125,1.3125],"texture":"#0"},"west":{"uv":[1.3125,1.625,1.8125,1.8125],"texture":"#0"},"up":{"uv":[1.3125,1.3125,1.8125,1.625],"rotation":270,"texture":"#0"},"down":{"uv":[1.3125,1.3125,1.8125,1.625],"rotation":270,"texture":"#0"}}},{"from":[7,0.5,8],"to":[9,2,10.5],"rotation":{"angle":-45,"axis":"x","origin":[0,-4,17]},"faces":{"north":{"uv":[1.0625,1.4375,1.3125,1.625],"texture":"#0"},"east":{"uv":[0.75,1.6875,1.0625,1.875],"texture":"#0"},"south":{"uv":[1.0625,1.4375,1.3125,1.625],"texture":"#0"},"west":{"uv":[0.75,1.6875,1.0625,1.875],"texture":"#0"},"up":{"uv":[0.75,1.4375,1.0625,1.6875],"rotation":270,"texture":"#0"},"down":{"uv":[0.75,1.4375,1.0625,1.6875],"rotation":270,"texture":"#0"}}},{"from":[7.25,-13,9.2],"to":[8.75,-10.5,10.2],"rotation":{"angle":22.5,"axis":"x","origin":[0,-4,17]},"faces":{"north":{"uv":[1.8125,1.3125,2.125,1.5],"rotation":90,"texture":"#0"},"east":{"uv":[1.8125,1.5,2.125,1.625],"rotation":270,"texture":"#0"},"south":{"uv":[1.8125,1.3125,2.125,1.5],"rotation":90,"texture":"#0"},"west":{"uv":[1.8125,1.5,2.125,1.625],"rotation":270,"texture":"#0"},"up":{"uv":[1.125,1.3125,1.3125,1.4375],"rotation":180,"texture":"#0"},"down":{"uv":[1.125,1.3125,1.3125,1.4375],"rotation":180,"texture":"#0"}}},{"from":[7.5,-6.4,5.2],"to":[8.5,-4.9,6.2],"rotation":{"angle":-22.5,"axis":"x","origin":[0,-4,17]},"faces":{"north":{"uv":[1.0625,1.625,1.25,1.75],"rotation":90,"texture":"#0"},"east":{"uv":[1.0625,1.75,1.25,1.875],"rotation":270,"texture":"#0"},"south":{"uv":[1.0625,1.625,1.25,1.75],"rotation":90,"texture":"#0"},"west":{"uv":[1.0625,1.75,1.25,1.875],"rotation":270,"texture":"#0"},"up":{"uv":[1.125,1.1875,1.25,1.3125],"rotation":180,"texture":"#0"},"down":{"uv":[1.125,1.1875,1.25,1.3125],"rotation":180,"texture":"#0"}}},{"from":[7.25,-15,5.8],"to":[8.75,-12.5,6.8],"rotation":{"angle":-45,"axis":"x","origin":[0,-6,-1]},"faces":{"north":{"uv":[1.8125,1.5,2.125,1.3125],"rotation":90,"texture":"#0"},"east":{"uv":[1.8125,1.625,2.125,1.5],"rotation":270,"texture":"#0"},"south":{"uv":[1.8125,1.5,2.125,1.3125],"rotation":90,"texture":"#0"},"west":{"uv":[1.8125,1.625,2.125,1.5],"rotation":270,"texture":"#0"},"up":{"uv":[1.125,1.4375,1.3125,1.3125],"rotation":180,"texture":"#0"},"down":{"uv":[1.125,1.4375,1.3125,1.3125],"rotation":180,"texture":"#0"}}},{"from":[7.5,-8.4,9.8],"to":[8.5,-6.9,10.8],"rotation":{"angle":0,"axis":"y","origin":[0,-6,-1]},"faces":{"north":{"uv":[1.0625,1.75,1.25,1.625],"rotation":90,"texture":"#0"},"east":{"uv":[1.0625,1.875,1.25,1.75],"rotation":270,"texture":"#0"},"south":{"uv":[1.0625,1.75,1.25,1.625],"rotation":90,"texture":"#0"},"west":{"uv":[1.0625,1.875,1.25,1.75],"rotation":270,"texture":"#0"},"up":{"uv":[1.125,1.3125,1.25,1.1875],"rotation":180,"texture":"#0"},"down":{"uv":[1.125,1.3125,1.25,1.1875],"rotation":180,"texture":"#0"}}},{"from":[7.15,-5,7],"to":[8.85,0,8.5],"rotation":{"angle":22.5,"axis":"x","origin":[-0.2,-4,17]},"faces":{"north":{"uv":[1.625,0.625,1.8125,1.25],"texture":"#0"},"east":{"uv":[1.4375,0.625,1.625,1.25],"texture":"#0"},"south":{"uv":[1.8125,0.625,1.625,1.25],"texture":"#0"},"west":{"uv":[1.4375,0.625,1.625,1.25],"texture":"#0"},"up":{"uv":[1.25,0.9375,1.4375,1.125],"rotation":270,"texture":"#0"},"down":{"uv":[1.25,0.9375,1.4375,1.125],"rotation":270,"texture":"#0"}}},{"from":[7.25,-5.1,7.5],"to":[8.75,-1.1,9],"rotation":{"angle":0,"axis":"y","origin":[-0.2,-4,17]},"faces":{"north":{"uv":[2,0.625,2.1875,1.125],"texture":"#0"},"east":{"uv":[1.8125,0.625,2,1.125],"texture":"#0"},"south":{"uv":[2,0.625,2.1875,1.125],"texture":"#0"},"west":{"uv":[1.8125,0.625,2,1.125],"texture":"#0"},"up":{"uv":[1.25,1.125,1.4375,1.3125],"rotation":270,"texture":"#0"},"down":{"uv":[1.25,1.125,1.4375,1.3125],"rotation":270,"texture":"#0"}}},{"from":[7.25,-2.1,9],"to":[8.75,-0.1,11],"rotation":{"angle":45,"axis":"x","origin":[0,-4,0]},"faces":{"north":{"uv":[2.0625,1.625,2.25,1.875],"texture":"#0"},"east":{"uv":[1.8125,1.625,2.0625,1.875],"texture":"#0"},"south":{"uv":[2.0625,1.625,2.25,1.875],"texture":"#0"},"west":{"uv":[1.8125,1.625,2.0625,1.875],"texture":"#0"},"up":{"uv":[2.0625,1.625,2.25,1.875],"texture":"#0"},"down":{"uv":[2.0625,1.625,2.25,1.875],"texture":"#0"}}},{"from":[7.15,8.6,1],"to":[8.85,10.6,3],"rotation":{"angle":45,"axis":"x","origin":[0,-4,0]},"faces":{"north":{"uv":[2.0625,1.625,2.25,1.875],"texture":"#0"},"east":{"uv":[1.8125,1.625,2.0625,1.875],"texture":"#0"},"south":{"uv":[2.0625,1.625,2.25,1.875],"texture":"#0"},"west":{"uv":[1.8125,1.625,2.0625,1.875],"texture":"#0"},"up":{"uv":[2.0625,1.625,2.25,1.875],"texture":"#0"},"down":{"uv":[2.0625,1.625,2.25,1.875],"texture":"#0"}}},{"from":[7.15,17.9,-10.6],"to":[8.85,19.9,-8.6],"rotation":{"angle":45,"axis":"x","origin":[0,-4,-0.6]},"faces":{"north":{"uv":[2.0625,1.625,2.25,1.875],"texture":"#0"},"east":{"uv":[1.8125,1.625,2.0625,1.875],"texture":"#0"},"south":{"uv":[2.0625,1.625,2.25,1.875],"texture":"#0"},"west":{"uv":[1.8125,1.625,2.0625,1.875],"texture":"#0"},"up":{"uv":[2.0625,1.625,2.25,1.875],"texture":"#0"},"down":{"uv":[2.0625,1.625,2.25,1.875],"texture":"#0"}}},{"from":[7.5,11,7],"to":[7.5,16,10],"rotation":{"angle":45,"axis":"x","origin":[8,7.48746,7.86958]},"faces":{"north":{"uv":[0,0,0,8],"texture":"#missing"},"east":{"uv":[2.6875,1.375,2.3125,2],"texture":"#0"},"south":{"uv":[0,0,0,8],"texture":"#missing"},"west":{"uv":[2.3125,1.375,2.6875,2],"texture":"#0"},"up":{"uv":[0,0,0,6],"texture":"#missing"},"down":{"uv":[0,0,0,6],"texture":"#missing"}}},{"from":[7.8,15.35705,14.38212],"to":[7.8,18.35705,19.38212],"rotation":{"angle":-22.5,"axis":"x","origin":[8,7.48746,7.86958]},"faces":{"north":{"uv":[0,0,0,6],"rotation":180,"texture":"#missing"},"east":{"uv":[2.6875,1.375,2.3125,2],"rotation":270,"texture":"#0"},"south":{"uv":[0,0,0,6],"texture":"#missing"},"west":{"uv":[2.3125,1.375,2.6875,2],"rotation":90,"texture":"#0"},"up":{"uv":[0,0,0,8],"rotation":180,"texture":"#missing"},"down":{"uv":[0,0,0,8],"texture":"#missing"}}},{"from":[7.5,7.08609,2.99579],"to":[7.5,11.08609,6.99579],"rotation":{"angle":-22.5,"axis":"x","origin":[8,7.48746,7.86958]},"faces":{"north":{"uv":[0,0,0,8],"texture":"#missing"},"east":{"uv":[2.6875,3.1875,2.1875,3.6875],"texture":"#0"},"south":{"uv":[0,0,0,8],"texture":"#missing"},"west":{"uv":[2.1875,3.1875,2.6875,3.6875],"texture":"#0"},"up":{"uv":[0,0,0,8],"texture":"#missing"},"down":{"uv":[0,0,0,8],"texture":"#missing"}}},{"from":[7.5,5.7,11],"to":[7.5,9.7,16],"rotation":{"angle":45,"axis":"x","origin":[8,8.5,8]},"faces":{"north":{"uv":[0,8,0,0],"rotation":180,"texture":"#missing"},"east":{"uv":[2.1875,3.1875,2.6875,3.6875],"rotation":90,"texture":"#0"},"south":{"uv":[0,8,0,0],"texture":"#missing"},"west":{"uv":[2.6875,3.1875,2.1875,3.6875],"rotation":270,"texture":"#0"},"up":{"uv":[0,8,0,0],"rotation":180,"texture":"#missing"},"down":{"uv":[0,8,0,0],"texture":"#missing"}}},{"from":[8.5,5.7,11],"to":[8.5,9.7,16],"rotation":{"angle":45,"axis":"x","origin":[8,8.5,8]},"faces":{"north":{"uv":[0,8,0,0],"rotation":180,"texture":"#missing"},"east":{"uv":[2.6875,3.6875,2.1875,3.1875],"rotation":270,"texture":"#0"},"south":{"uv":[0,8,0,0],"texture":"#missing"},"west":{"uv":[2.1875,3.6875,2.6875,3.1875],"rotation":90,"texture":"#0"},"up":{"uv":[0,8,0,0],"rotation":180,"texture":"#missing"},"down":{"uv":[0,8,0,0],"texture":"#missing"}}},{"from":[8,-3.5,4],"to":[8,0.5,8],"rotation":{"angle":-22.5,"axis":"x","origin":[7.5,13,4]},"faces":{"north":{"uv":[0,0,0,8],"rotation":180,"texture":"#missing"},"east":{"uv":[2.6875,3.1875,2.1875,3.6875],"rotation":90,"texture":"#0"},"south":{"uv":[0,0,0,8],"texture":"#missing"},"west":{"uv":[2.1875,3.1875,2.6875,3.6875],"rotation":270,"texture":"#0"},"up":{"uv":[0,0,0,8],"texture":"#missing"},"down":{"uv":[0,0,0,8],"rotation":180,"texture":"#missing"}}},{"from":[8,-7,11.5],"to":[8,-3,15.5],"rotation":{"angle":22.5,"axis":"x","origin":[7.5,13,12]},"faces":{"north":{"uv":[0,8,0,0],"rotation":180,"texture":"#missing"},"east":{"uv":[2.6875,3.6875,2.1875,3.1875],"rotation":180,"texture":"#0"},"south":{"uv":[0,8,0,0],"rotation":180,"texture":"#missing"},"west":{"uv":[2.1875,3.6875,2.6875,3.1875],"rotation":180,"texture":"#0"},"up":{"uv":[0,0,0,8],"rotation":180,"texture":"#missing"},"down":{"uv":[0,0,0,8],"rotation":180,"texture":"#missing"}}},{"from":[5.9,7.57297,8.00546],"to":[5.9,11.07297,11.50546],"rotation":{"angle":-22.5,"axis":"x","origin":[8,7.60355,8.5]},"faces":{"north":{"uv":[0,0,0,8],"rotation":180,"texture":"#missing"},"east":{"uv":[2.75,1.875,3.25,1.375],"rotation":270,"texture":"#0"},"south":{"uv":[0,0,0,8],"texture":"#missing"},"west":{"uv":[2.75,1.375,3.25,1.875],"rotation":270,"texture":"#0"},"up":{"uv":[0,0,0,8],"texture":"#missing"},"down":{"uv":[0,0,0,8],"rotation":180,"texture":"#missing"}}},{"from":[7.35,5.5,15.4],"to":[8.65,9.5,16.9],"rotation":{"angle":-45,"axis":"x","origin":[0,-4,17]},"faces":{"north":{"uv":[0.375,1.4375,0.5625,1.9375],"texture":"#0"},"east":{"uv":[0.5625,1.9375,0.75,1.4375],"texture":"#0"},"south":{"uv":[0.375,1.4375,0.5625,1.9375],"texture":"#0"},"west":{"uv":[0.5625,1.4375,0.75,1.9375],"texture":"#0"},"up":{"uv":[0.375,1.1875,0.5625,1.375],"rotation":270,"texture":"#0"},"down":{"uv":[0.375,1.1875,0.5625,1.375],"rotation":270,"texture":"#0"}}},{"from":[10.1,7.57297,8.00546],"to":[10.1,11.07297,11.50546],"rotation":{"angle":-22.5,"axis":"x","origin":[8,7.60355,8.5]},"faces":{"north":{"uv":[0,0,0,8],"rotation":180,"texture":"#missing"},"east":{"uv":[2.75,1.875,3.25,1.375],"rotation":270,"texture":"#0"},"south":{"uv":[0,0,0,8],"texture":"#missing"},"west":{"uv":[2.75,1.375,3.25,1.875],"rotation":270,"texture":"#0"},"up":{"uv":[0,0,0,8],"texture":"#missing"},"down":{"uv":[0,0,0,8],"rotation":180,"texture":"#missing"}}},{"from":[8.5,7.08609,2.99579],"to":[8.5,11.08609,6.99579],"rotation":{"angle":-22.5,"axis":"x","origin":[8,7.48746,7.86958]},"faces":{"north":{"uv":[0,0,0,8],"texture":"#missing"},"east":{"uv":[2.6875,3.1875,2.1875,3.6875],"texture":"#0"},"south":{"uv":[0,0,0,8],"texture":"#missing"},"west":{"uv":[2.1875,3.1875,2.6875,3.6875],"texture":"#0"},"up":{"uv":[0,0,0,8],"texture":"#missing"},"down":{"uv":[0,0,0,8],"texture":"#missing"}}},{"from":[7.4,-8,4.5],"to":[7.4,-5,7.5],"rotation":{"angle":-22.5,"axis":"x","origin":[0,-4,0]},"faces":{"north":{"uv":[0,0,0,6],"texture":"#missing"},"east":{"uv":[2.75,1.9375,3.125,2.3125],"texture":"#0"},"south":{"uv":[0,0,0,6],"texture":"#missing"},"west":{"uv":[3.125,1.9375,2.75,2.3125],"texture":"#0"},"up":{"uv":[0,0,0,6],"texture":"#missing"},"down":{"uv":[0,0,0,6],"texture":"#missing"}}},{"from":[8,5,-7],"to":[8,32,4],"rotation":{"angle":22.5,"axis":"x","origin":[0,-4,0]},"faces":{"north":{"uv":[0,0,0,16],"texture":"#missing"},"east":{"uv":[2.75,3.8125,1.375,7.1875],"texture":"#0"},"south":{"uv":[0,0,0,16],"texture":"#missing"},"west":{"uv":[1.375,3.8125,2.75,7.1875],"texture":"#0"},"up":{"uv":[0,0,0,14],"texture":"#missing"},"down":{"uv":[0,0,0,14],"texture":"#missing"}}},{"from":[7.8,26,-2],"to":[7.8,30,2],"rotation":{"angle":22.5,"axis":"x","origin":[0,-4,0]},"faces":{"north":{"uv":[0,0,0,8],"texture":"#3"},"east":{"uv":[8,0,0,8],"texture":"#3"},"south":{"uv":[0,0,0,8],"texture":"#3"},"west":{"uv":[0,0,8,8],"texture":"#3"},"up":{"uv":[0,8,0,0],"texture":"#3"},"down":{"uv":[0,0,0,8],"texture":"#3"}}},{"from":[8.2,14,3],"to":[8.2,18,7],"rotation":{"angle":0,"axis":"y","origin":[16,-4,0]},"faces":{"north":{"uv":[0,0,0,8],"texture":"#3"},"east":{"uv":[8,0,0,8],"texture":"#3"},"south":{"uv":[0,0,0,8],"texture":"#3"},"west":{"uv":[0,0,8,8],"texture":"#3"},"up":{"uv":[0,8,0,0],"texture":"#3"},"down":{"uv":[0,0,0,8],"texture":"#3"}}},{"from":[7.5,7,6],"to":[7.5,14,13],"rotation":{"angle":-22.5,"axis":"x","origin":[0,-4,0]},"faces":{"north":{"uv":[0,0,0,14],"texture":"#4"},"east":{"uv":[14,0,0,14],"texture":"#4"},"south":{"uv":[0,0,0,14],"texture":"#4"},"west":{"uv":[0,0,14,14],"texture":"#4"},"up":{"uv":[0,14,0,0],"texture":"#4"},"down":{"uv":[0,0,0,14],"texture":"#4"}}},{"from":[7.25,-1.9,3.2],"to":[8.75,2.1,4.7],"rotation":{"angle":0,"axis":"y","origin":[0,-6,14.9]},"faces":{"north":{"uv":[0.375,1.4375,0.5625,1.9375],"texture":"#0"},"east":{"uv":[0.5625,1.9375,0.75,1.4375],"texture":"#0"},"south":{"uv":[0.375,1.4375,0.5625,1.9375],"texture":"#0"},"west":{"uv":[0.5625,1.4375,0.75,1.9375],"texture":"#0"},"up":{"uv":[0.375,1.1875,0.5625,1.375],"rotation":270,"texture":"#0"},"down":{"uv":[0.375,1.1875,0.5625,1.375],"rotation":270,"texture":"#0"}}},{"from":[7.15,-8.5,0.8],"to":[8.85,-4.5,2.3],"rotation":{"angle":45,"axis":"x","origin":[0,-6,14.9]},"faces":{"north":{"uv":[0.1875,1.5,0.375,2],"texture":"#0"},"east":{"uv":[0,1.5,0.1875,2],"texture":"#0"},"south":{"uv":[0.1875,1.5,0.375,2],"texture":"#0"},"west":{"uv":[0,1.5,0.1875,2],"texture":"#0"},"up":{"uv":[0.375,1,0.5625,1.1875],"rotation":270,"texture":"#0"},"down":{"uv":[0.375,1,0.5625,1.1875],"rotation":270,"texture":"#0"}}},{"from":[7.35,0.5,-4.2],"to":[8.65,4.5,-2.7],"rotation":{"angle":-22.5,"axis":"x","origin":[0,20,14.9]},"faces":{"north":{"uv":[0.1875,2,0.375,1.5],"texture":"#0"},"east":{"uv":[0,2,0.1875,1.5],"texture":"#0"},"south":{"uv":[0.1875,2,0.375,1.5],"texture":"#0"},"west":{"uv":[0,2,0.1875,1.5],"texture":"#0"},"up":{"uv":[0.5625,1,0.375,1.1875],"rotation":270,"texture":"#0"},"down":{"uv":[0.5625,1,0.375,1.1875],"rotation":270,"texture":"#0"}}},{"from":[6.5,-12,6.5],"to":[6.5,-7,11.5],"rotation":{"angle":0,"axis":"y","origin":[0,-4,0]},"faces":{"north":{"uv":[0,0,0,10],"texture":"#6"},"east":{"uv":[10,0,0,10],"texture":"#6"},"south":{"uv":[0,0,0,10],"texture":"#6"},"west":{"uv":[0,0,10,10],"texture":"#6"},"up":{"uv":[0,10,0,0],"texture":"#6"},"down":{"uv":[0,0,0,10],"texture":"#6"}}},{"from":[9.5,-12,6.5],"to":[9.5,-7,11.5],"rotation":{"angle":0,"axis":"y","origin":[16,-4,0]},"faces":{"north":{"uv":[0,0,0,10],"texture":"#6"},"east":{"uv":[10,0,0,10],"texture":"#6"},"south":{"uv":[0,0,0,10],"texture":"#6"},"west":{"uv":[0,0,10,10],"texture":"#6"},"up":{"uv":[0,10,0,0],"texture":"#6"},"down":{"uv":[0,0,0,10],"texture":"#6"}}},{"from":[9,21,6],"to":[9,26,11],"rotation":{"angle":22.5,"axis":"x","origin":[16,20,0]},"faces":{"north":{"uv":[0,10,0,0],"texture":"#6"},"east":{"uv":[10,10,0,0],"texture":"#6"},"south":{"uv":[0,10,0,0],"texture":"#6"},"west":{"uv":[0,10,10,0],"texture":"#6"},"up":{"uv":[0,10,0,0],"texture":"#6"},"down":{"uv":[0,0,0,10],"texture":"#6"}}},{"from":[7,21,6],"to":[7,26,11],"rotation":{"angle":22.5,"axis":"x","origin":[0,20,0]},"faces":{"north":{"uv":[0,10,0,0],"texture":"#6"},"east":{"uv":[10,10,0,0],"texture":"#6"},"south":{"uv":[0,10,0,0],"texture":"#6"},"west":{"uv":[0,10,10,0],"texture":"#6"},"up":{"uv":[0,10,0,0],"texture":"#6"},"down":{"uv":[0,0,0,10],"texture":"#6"}}},{"from":[7,15,16],"to":[7,20,21],"rotation":{"angle":45,"axis":"x","origin":[0,20,0]},"faces":{"north":{"uv":[0,10,0,0],"texture":"#6"},"east":{"uv":[10,10,0,0],"texture":"#6"},"south":{"uv":[0,10,0,0],"texture":"#6"},"west":{"uv":[0,10,10,0],"texture":"#6"},"up":{"uv":[0,10,0,0],"texture":"#6"},"down":{"uv":[0,0,0,10],"texture":"#6"}}},{"from":[9,15,16],"to":[9,20,21],"rotation":{"angle":45,"axis":"x","origin":[16,20,0]},"faces":{"north":{"uv":[0,10,0,0],"texture":"#6"},"east":{"uv":[10,10,0,0],"texture":"#6"},"south":{"uv":[0,10,0,0],"texture":"#6"},"west":{"uv":[0,10,10,0],"texture":"#6"},"up":{"uv":[0,10,0,0],"texture":"#6"},"down":{"uv":[0,0,0,10],"texture":"#6"}}},{"from":[7.15,10.25669,7.01098],"to":[8.85,14.25669,8.51098],"rotation":{"angle":-22.5,"axis":"x","origin":[8,14.92203,9.14878]},"faces":{"north":{"uv":[0.1875,2,0.375,1.5],"texture":"#0"},"east":{"uv":[0,1.5,0.1875,2],"texture":"#0"},"south":{"uv":[0.1875,2,0.375,1.5],"texture":"#0"},"west":{"uv":[0,2,0.1875,1.5],"texture":"#0"},"up":{"uv":[0.5625,1,0.375,1.1875],"rotation":270,"texture":"#0"},"down":{"uv":[0.5625,1,0.375,1.1875],"rotation":270,"texture":"#0"}}},{"from":[7.25,12.77856,8.29555],"to":[8.75,16.77856,9.79555],"rotation":{"angle":22.5,"axis":"x","origin":[8,14.92203,9.14878]},"faces":{"north":{"uv":[0.375,1.9375,0.5625,1.4375],"texture":"#0"},"east":{"uv":[0.5625,1.4375,0.75,1.9375],"texture":"#0"},"south":{"uv":[0.375,1.9375,0.5625,1.4375],"texture":"#0"},"west":{"uv":[0.5625,1.9375,0.75,1.4375],"texture":"#0"},"up":{"uv":[0.5625,1.1875,0.375,1.375],"rotation":270,"texture":"#0"},"down":{"uv":[0.5625,1.1875,0.375,1.375],"rotation":270,"texture":"#0"}}},{"from":[7.6,15.66536,7.32397],"to":[7.6,20.66536,13.32397],"rotation":{"angle":-22.5,"axis":"x","origin":[8,14.92203,8.54878]},"faces":{"north":{"uv":[0,8,0,0],"rotation":180,"texture":"#missing"},"east":{"uv":[2.1875,3.1875,2.6875,3.6875],"rotation":90,"texture":"#0"},"south":{"uv":[0,8,0,0],"texture":"#missing"},"west":{"uv":[2.6875,3.1875,2.1875,3.6875],"rotation":270,"texture":"#0"},"up":{"uv":[0,8,0,0],"rotation":180,"texture":"#missing"},"down":{"uv":[0,8,0,0],"texture":"#missing"}}},{"from":[8.4,15.66536,7.32397],"to":[8.4,20.66536,13.32397],"rotation":{"angle":-22.5,"axis":"x","origin":[8,14.92203,8.54878]},"faces":{"north":{"uv":[0,8,0,0],"rotation":180,"texture":"#missing"},"east":{"uv":[2.6875,3.6875,2.1875,3.1875],"rotation":270,"texture":"#0"},"south":{"uv":[0,8,0,0],"texture":"#missing"},"west":{"uv":[2.1875,3.6875,2.6875,3.1875],"rotation":90,"texture":"#0"},"up":{"uv":[0,8,0,0],"rotation":180,"texture":"#missing"},"down":{"uv":[0,8,0,0],"texture":"#missing"}}}],"gui_light":"front","display":{"thirdperson_righthand":{"translation":[0,5.5,1.25],"scale":[0.8,0.8,0.8]},"thirdperson_lefthand":{"translation":[0,5.5,1.25],"scale":[0.8,0.8,0.8]},"firstperson_righthand":{"rotation":[0,-4,0],"translation":[3.75,5,0],"scale":[0.43008,0.43008,0.43008]},"firstperson_lefthand":{"rotation":[0,-4,0],"translation":[3.75,5,0],"scale":[0.43008,0.43008,0.43008]},"ground":{"rotation":[-45,0,0],"translation":[0,9,0],"scale":[0.5,0.5,0.5]},"gui":{"rotation":[-90,-45,-90],"translation":[-0.25,-1.25,-1.5],"scale":[0.45547,0.45547,0.45547]},"head":{"translation":[0,-13.25,0],"scale":[0,0,0]},"fixed":{"rotation":[0,-90,0],"translation":[-0.75,6.25,-3],"scale":[1.5,1.5,1.5]}}}