{"credit":"MadewithBlockbench","texture_size":[128,128],"textures":{"0":"elitecreatures:nature_goddess_animated_weapon_set/naturegoddess_texture_01","3":"elitecreatures:nature_goddess_animated_weapon_set/naturegoddess_animation_01","4":"elitecreatures:nature_goddess_animated_weapon_set/naturegoddess_animation_02","6":"elitecreatures:nature_goddess_animated_weapon_set/naturegoddess_animation_03","particle":"elitecreatures:nature_goddess_animated_weapon_set/naturegoddess_texture_01"},"elements":[{"from":[5.9,5.90428,5.13381],"to":[5.9,9.40428,8.63381],"rotation":{"angle":45,"axis":"x","origin":[8,6.1853,9.98692]},"faces":{"north":{"uv":[0,0,0,8],"rotation":180,"texture":"#missing"},"east":{"uv":[2.75,1.875,3.25,1.375],"texture":"#0"},"south":{"uv":[0,0,0,8],"rotation":180,"texture":"#missing"},"west":{"uv":[2.75,1.375,3.25,1.875],"rotation":180,"texture":"#0"},"up":{"uv":[0,0,0,8],"texture":"#missing"},"down":{"uv":[0,0,0,8],"texture":"#missing"}}},{"from":[7.25,2.71115,7.95949],"to":[8.75,7.71115,10.45949],"rotation":{"angle":0,"axis":"y","origin":[8,6.1853,9.98692]},"faces":{"north":{"uv":[0.9375,0.8125,1.125,1.4375],"texture":"#0"},"east":{"uv":[0.625,0.8125,0.9375,1.4375],"texture":"#0"},"south":{"uv":[0.9375,0.8125,1.125,1.4375],"texture":"#0"},"west":{"uv":[0.625,0.8125,0.9375,1.4375],"texture":"#0"},"up":{"uv":[1.125,0.75,1.4375,0.9375],"rotation":90,"texture":"#0"},"down":{"uv":[1.125,0.75,1.4375,0.9375],"rotation":90,"texture":"#0"}}},{"from":[7,5.24909,10.11447],"to":[9,9.74909,11.11447],"rotation":{"angle":22.5,"axis":"x","origin":[8,6.1853,9.98692]},"faces":{"north":{"uv":[1.875,0.375,2.4375,0.625],"rotation":90,"texture":"#0"},"east":{"uv":[0.875,0.625,1.4375,0.75],"rotation":270,"texture":"#0"},"south":{"uv":[1.875,0.375,2.4375,0.625],"rotation":90,"texture":"#0"},"west":{"uv":[0.875,0.625,1.4375,0.75],"rotation":270,"texture":"#0"},"up":{"uv":[0.875,0.625,1.125,0.75],"texture":"#0"},"down":{"uv":[0.875,0.625,1.125,0.75],"texture":"#0"}}},{"from":[6.5,4.71115,7.65949],"to":[9.5,5.71115,10.65949],"rotation":{"angle":0,"axis":"y","origin":[8,6.1853,9.98692]},"faces":{"north":{"uv":[0,1.375,0.375,1.5],"texture":"#0"},"east":{"uv":[0,1.25,0.375,1.375],"texture":"#0"},"south":{"uv":[0,1.375,0.375,1.5],"texture":"#0"},"west":{"uv":[0,1.25,0.375,1.375],"texture":"#0"},"up":{"uv":[0,0.875,0.375,1.25],"rotation":270,"texture":"#0"},"down":{"uv":[0,0.875,0.375,1.25],"rotation":270,"texture":"#0"}}},{"from":[7,2.91115,7.15949],"to":[9,4.41115,11.15949],"rotation":{"angle":0,"axis":"y","origin":[8,6.1853,9.98692]},"faces":{"north":{"uv":[0.375,0.8125,0.625,1],"texture":"#0"},"east":{"uv":[0.375,0.625,0.875,0.8125],"texture":"#0"},"south":{"uv":[0.375,0.8125,0.625,1],"texture":"#0"},"west":{"uv":[0.375,0.625,0.875,0.8125],"texture":"#0"},"up":{"uv":[0.375,0.375,0.875,0.625],"rotation":270,"texture":"#0"},"down":{"uv":[0.375,0.375,0.875,0.625],"rotation":270,"texture":"#0"}}},{"from":[8,4.85348,11.55795],"to":[8,7.85348,14.55795],"rotation":{"angle":45,"axis":"x","origin":[8,6.1853,9.98692]},"faces":{"north":{"uv":[0,0,0,6],"texture":"#missing"},"east":{"uv":[3.125,1.9375,2.75,2.3125],"texture":"#0"},"south":{"uv":[0,0,0,6],"texture":"#missing"},"west":{"uv":[2.75,1.9375,3.125,2.3125],"texture":"#0"},"up":{"uv":[0,0,0,6],"texture":"#missing"},"down":{"uv":[0,0,0,6],"texture":"#missing"}}},{"from":[7.7,21.65348,-7.44205],"to":[7.7,24.65348,-4.44205],"rotation":{"angle":45,"axis":"x","origin":[8,6.1853,9.98692]},"faces":{"north":{"uv":[0,0,0,6],"texture":"#missing"},"east":{"uv":[3.125,1.9375,2.75,2.3125],"texture":"#0"},"south":{"uv":[0,0,0,6],"texture":"#missing"},"west":{"uv":[2.75,1.9375,3.125,2.3125],"texture":"#0"},"up":{"uv":[0,0,0,6],"texture":"#missing"},"down":{"uv":[0,0,0,6],"texture":"#missing"}}},{"from":[7,5.88238,7.33048],"to":[9,10.38238,8.33048],"rotation":{"angle":-22.5,"axis":"x","origin":[8,6.1853,9.98692]},"faces":{"north":{"uv":[1.875,0.625,2.4375,0.375],"rotation":90,"texture":"#0"},"east":{"uv":[0.875,0.75,1.4375,0.625],"rotation":270,"texture":"#0"},"south":{"uv":[1.875,0.625,2.4375,0.375],"rotation":90,"texture":"#0"},"west":{"uv":[0.875,0.75,1.4375,0.625],"rotation":270,"texture":"#0"},"up":{"uv":[0.875,0.75,1.125,0.625],"texture":"#0"},"down":{"uv":[0.875,0.75,1.125,0.625],"texture":"#0"}}},{"from":[6,6.37586,5.64702],"to":[10,9.37586,8.64702],"rotation":{"angle":45,"axis":"x","origin":[8,6.1853,9.98692]},"faces":{"north":{"uv":[0,0.375,0.375,0.875],"rotation":270,"texture":"#0"},"east":{"uv":[0.375,0,0,0.375],"rotation":90,"texture":"#0"},"south":{"uv":[0,0.375,0.375,0.875],"rotation":90,"texture":"#0"},"west":{"uv":[0,0,0.375,0.375],"rotation":270,"texture":"#0"},"up":{"uv":[0.375,0,0.875,0.375],"texture":"#0"},"down":{"uv":[0.375,0,0.875,0.375],"rotation":180,"texture":"#0"}}},{"from":[10.1,5.90428,5.13381],"to":[10.1,9.40428,8.63381],"rotation":{"angle":45,"axis":"x","origin":[8,6.1853,9.98692]},"faces":{"north":{"uv":[0,0,0,8],"rotation":180,"texture":"#missing"},"east":{"uv":[2.75,1.875,3.25,1.375],"texture":"#0"},"south":{"uv":[0,0,0,8],"rotation":180,"texture":"#missing"},"west":{"uv":[2.75,1.375,3.25,1.875],"rotation":180,"texture":"#0"},"up":{"uv":[0,0,0,8],"texture":"#missing"},"down":{"uv":[0,0,0,8],"texture":"#missing"}}},{"from":[6.5,5.37586,4.64702],"to":[9.5,10.37586,9.64702],"rotation":{"angle":45,"axis":"x","origin":[8,6.1853,9.98692]},"faces":{"north":{"uv":[2.875,0,3.5,0.375],"rotation":270,"texture":"#0"},"east":{"uv":[0.875,0,1.5,0.625],"rotation":90,"texture":"#0"},"south":{"uv":[1.875,0,2.5,0.375],"rotation":90,"texture":"#0"},"west":{"uv":[0.875,0,1.5,0.625],"rotation":270,"texture":"#0"},"up":{"uv":[2.5,0,2.875,0.625],"texture":"#0"},"down":{"uv":[1.5,0,1.875,0.625],"rotation":180,"texture":"#0"}}},{"from":[8,25,13],"to":[8,31,18],"rotation":{"angle":-22.5,"axis":"x","origin":[8,15.92203,9.45122]},"faces":{"north":{"uv":[0,8,0,0],"texture":"#missing"},"east":{"uv":[2.6875,3.1875,2.1875,3.6875],"rotation":180,"texture":"#0"},"south":{"uv":[0,8,0,0],"texture":"#missing"},"west":{"uv":[2.1875,3.1875,2.6875,3.6875],"rotation":180,"texture":"#0"},"up":{"uv":[0,0,0,8],"texture":"#missing"},"down":{"uv":[0,0,0,8],"texture":"#missing"}}},{"from":[7.15,17.2,7.5],"to":[8.95,21.2,9],"rotation":{"angle":0,"axis":"y","origin":[8,14.92203,11.14878]},"faces":{"north":{"uv":[6.5625,1.75,6.75,1.25],"texture":"#0"},"east":{"uv":[6.5625,1.75,6.75,1.25],"texture":"#0"},"south":{"uv":[6.5625,1.75,6.75,1.25],"texture":"#0"},"west":{"uv":[6.5625,1.75,6.75,1.25],"texture":"#0"},"up":{"uv":[6.75,1.25,6.5625,1.4625],"rotation":270,"texture":"#0"},"down":{"uv":[6.75,1.25,6.5625,1.4625],"rotation":270,"texture":"#0"}}},{"from":[7.5,24.5,11.25],"to":[8.5,26.5,12.25],"rotation":{"angle":0,"axis":"y","origin":[0,0,-1]},"faces":{"north":{"uv":[7.1875,0.875,7.3125,1.125],"texture":"#0"},"east":{"uv":[7.1875,0.875,7.3125,1.125],"texture":"#0"},"south":{"uv":[7.1875,0.875,7.3125,1.125],"texture":"#0"},"west":{"uv":[7.1875,0.875,7.3125,1.125],"texture":"#0"},"up":{"uv":[7.1875,0.75,7.3125,0.875],"texture":"#0"},"down":{"uv":[7.1875,0.75,7.3125,0.875],"texture":"#0"}}},{"from":[8,21.2,-8.5],"to":[8,25.2,-4.5],"rotation":{"angle":-22.5,"axis":"x","origin":[-0.5,2,-1]},"faces":{"north":{"uv":[0,0,0,0.25],"rotation":180,"texture":"#missing"},"east":{"uv":[7.5625,1.6875,8.0625,1.1875],"rotation":90,"texture":"#0"},"south":{"uv":[0,0,0,0.25],"texture":"#missing"},"west":{"uv":[7.5625,1.1875,8.0625,1.6875],"rotation":90,"texture":"#0"},"up":{"uv":[0,0,0,0.375],"rotation":180,"texture":"#missing"},"down":{"uv":[0,0,0,0.375],"texture":"#missing"}}},{"from":[7,22,-4.5],"to":[9,24,-3.5],"rotation":{"angle":-22.5,"axis":"x","origin":[-0.5,2,-1]},"faces":{"north":{"uv":[7.125,1.5,7.375,1.25],"texture":"#0"},"east":{"uv":[7.375,1.25,7.5,1.5],"rotation":180,"texture":"#0"},"south":{"uv":[7.125,1.5,7.375,1.25],"texture":"#0"},"west":{"uv":[7.375,1.25,7.5,1.5],"rotation":180,"texture":"#0"},"up":{"uv":[7.1875,1.125,7.4375,1.25],"rotation":180,"texture":"#0"},"down":{"uv":[7.1875,1.125,7.4375,1.25],"rotation":180,"texture":"#0"}}},{"from":[8,22.7,-3.5],"to":[8,23.2,16.5],"rotation":{"angle":-22.5,"axis":"x","origin":[-0.5,2,-1]},"faces":{"north":{"uv":[0,0,0,0.0625],"rotation":180,"texture":"#missing"},"east":{"uv":[8.5625,0.875,8.625,3.375],"rotation":90,"texture":"#0"},"south":{"uv":[0,0,0,0.0625],"texture":"#missing"},"west":{"uv":[8.5625,0.875,8.625,3.375],"rotation":90,"texture":"#0"},"up":{"uv":[0,0,0,2.5],"rotation":180,"texture":"#missing"},"down":{"uv":[0,0,0,2.5],"texture":"#missing"}}},{"from":[7.5,7.08609,2.99579],"to":[7.5,11.08609,6.99579],"rotation":{"angle":-22.5,"axis":"x","origin":[8,7.48746,7.86958]},"faces":{"north":{"uv":[0,0,0,8],"texture":"#missing"},"east":{"uv":[2.6875,3.1875,2.1875,3.6875],"texture":"#0"},"south":{"uv":[0,0,0,8],"texture":"#missing"},"west":{"uv":[2.1875,3.1875,2.6875,3.6875],"texture":"#0"},"up":{"uv":[0,0,0,8],"texture":"#missing"},"down":{"uv":[0,0,0,8],"texture":"#missing"}}},{"from":[8,15,0.6],"to":[8,19,4.6],"rotation":{"angle":22.5,"axis":"x","origin":[8,8.51254,7.86958]},"faces":{"north":{"uv":[0,8,0,0],"texture":"#missing"},"east":{"uv":[2.6875,3.6875,2.1875,3.1875],"texture":"#0"},"south":{"uv":[0,8,0,0],"texture":"#missing"},"west":{"uv":[2.1875,3.6875,2.6875,3.1875],"texture":"#0"},"up":{"uv":[0,8,0,0],"texture":"#missing"},"down":{"uv":[0,8,0,0],"texture":"#missing"}}},{"from":[8.5,7.08609,2.99579],"to":[8.5,11.08609,6.99579],"rotation":{"angle":-22.5,"axis":"x","origin":[8,7.48746,7.86958]},"faces":{"north":{"uv":[0,0,0,8],"texture":"#missing"},"east":{"uv":[2.6875,3.1875,2.1875,3.6875],"texture":"#0"},"south":{"uv":[0,0,0,8],"texture":"#missing"},"west":{"uv":[2.1875,3.1875,2.6875,3.6875],"texture":"#0"},"up":{"uv":[0,0,0,8],"texture":"#missing"},"down":{"uv":[0,0,0,8],"texture":"#missing"}}},{"from":[8,8.5,11.5],"to":[8,26.5,12],"rotation":{"angle":0,"axis":"y","origin":[0,2,-1]},"faces":{"north":{"uv":[0,0,0,2.5],"texture":"#missing"},"east":{"uv":[8.5625,0.875,8.625,3.375],"rotation":180,"texture":"#0"},"south":{"uv":[0,0,0,2.5],"texture":"#missing"},"west":{"uv":[8.5625,0.875,8.625,3.125],"texture":"#0"},"up":{"uv":[0,0,0,0.0625],"texture":"#missing"},"down":{"uv":[0,0,0,0.0625],"texture":"#missing"}}},{"from":[8,9.5,24.5],"to":[8,14.5,25],"rotation":{"angle":-45,"axis":"x","origin":[0,2,-1]},"faces":{"north":{"uv":[0,0,0,0.625],"texture":"#missing"},"east":{"uv":[8.5625,0.875,8.625,1.5],"rotation":180,"texture":"#0"},"south":{"uv":[0,0,0,0.625],"texture":"#missing"},"west":{"uv":[8.5625,0.875,8.625,1.5],"texture":"#0"},"up":{"uv":[0,0,0,0.0625],"texture":"#missing"},"down":{"uv":[0,0,0,0.0625],"texture":"#missing"}}},{"from":[7.25,26.2,7.5],"to":[8.95,30.2,9],"rotation":{"angle":0,"axis":"y","origin":[8,14.92203,11.14878]},"faces":{"north":{"uv":[6.5625,1.75,6.75,1.25],"texture":"#0"},"east":{"uv":[6.5625,1.75,6.75,1.25],"texture":"#0"},"south":{"uv":[6.5625,1.75,6.75,1.25],"texture":"#0"},"west":{"uv":[6.5625,1.75,6.75,1.25],"texture":"#0"},"up":{"uv":[8.1875,0.25,8,0.4625],"rotation":270,"texture":"#0"},"down":{"uv":[8.1875,0.25,8,0.4625],"rotation":270,"texture":"#0"}}},{"from":[7.25,13.77856,8.20445],"to":[8.75,17.77856,9.70445],"rotation":{"angle":-22.5,"axis":"x","origin":[8,15.92203,8.85122]},"faces":{"north":{"uv":[0.5625,1.9375,0.375,1.4375],"texture":"#0"},"east":{"uv":[0.75,1.4375,0.5625,1.9375],"texture":"#0"},"south":{"uv":[0.5625,1.9375,0.375,1.4375],"texture":"#0"},"west":{"uv":[0.75,1.9375,0.5625,1.4375],"texture":"#0"},"up":{"uv":[0.375,1.1875,0.5625,1.375],"rotation":270,"texture":"#0"},"down":{"uv":[0.375,1.1875,0.5625,1.375],"rotation":270,"texture":"#0"}}},{"from":[7.15,11.25669,9.48902],"to":[8.85,15.25669,10.98902],"rotation":{"angle":22.5,"axis":"x","origin":[8,15.92203,8.85122]},"faces":{"north":{"uv":[0.375,2,0.1875,1.5],"texture":"#0"},"east":{"uv":[0.1875,1.5,0,2],"texture":"#0"},"south":{"uv":[0.375,2,0.1875,1.5],"texture":"#0"},"west":{"uv":[0.1875,2,0,1.5],"texture":"#0"},"up":{"uv":[0.375,1,0.5625,1.1875],"rotation":270,"texture":"#0"},"down":{"uv":[0.375,1,0.5625,1.1875],"rotation":270,"texture":"#0"}}},{"from":[7.25,20.22144,8.20445],"to":[8.75,24.22144,9.70445],"rotation":{"angle":22.5,"axis":"x","origin":[8,22.07797,8.85122]},"faces":{"north":{"uv":[0.5625,1.4375,0.375,1.9375],"texture":"#0"},"east":{"uv":[0.75,1.9375,0.5625,1.4375],"texture":"#0"},"south":{"uv":[0.5625,1.4375,0.375,1.9375],"texture":"#0"},"west":{"uv":[0.75,1.4375,0.5625,1.9375],"texture":"#0"},"up":{"uv":[0.5625,1.1875,0.375,1.375],"rotation":270,"texture":"#0"},"down":{"uv":[0.5625,1.1875,0.375,1.375],"rotation":270,"texture":"#0"}}},{"from":[7.15,22.74331,9.48902],"to":[8.85,26.74331,10.98902],"rotation":{"angle":-22.5,"axis":"x","origin":[8,22.07797,8.85122]},"faces":{"north":{"uv":[0.375,1.5,0.1875,2],"texture":"#0"},"east":{"uv":[0.1875,2,0,1.5],"texture":"#0"},"south":{"uv":[0.375,1.5,0.1875,2],"texture":"#0"},"west":{"uv":[0.1875,1.5,0,2],"texture":"#0"},"up":{"uv":[0.5625,1,0.375,1.1875],"rotation":270,"texture":"#0"},"down":{"uv":[0.5625,1,0.375,1.1875],"rotation":270,"texture":"#0"}}},{"from":[7.25,14.37526,9.00531],"to":[8.75,15.87526,13.00531],"rotation":{"angle":-45,"axis":"x","origin":[8,14.92203,11.14878]},"faces":{"north":{"uv":[0.5625,1.1875,0.375,1.375],"rotation":90,"texture":"#0"},"east":{"uv":[0.5625,1.4375,0.75,1.9375],"rotation":270,"texture":"#0"},"south":{"uv":[0.5625,1.1875,0.375,1.375],"rotation":270,"texture":"#0"},"west":{"uv":[0.5625,1.9375,0.75,1.4375],"rotation":90,"texture":"#0"},"up":{"uv":[0.375,1.9375,0.5625,1.4375],"rotation":180,"texture":"#0"},"down":{"uv":[0.375,1.9375,0.5625,1.4375],"texture":"#0"}}},{"from":[8,16.5,9],"to":[8,21.5,15],"rotation":{"angle":22.5,"axis":"x","origin":[8,15.92203,10.54878]},"faces":{"north":{"uv":[0,8,0,0],"rotation":180,"texture":"#missing"},"east":{"uv":[2.1875,3.1875,2.6875,3.6875],"rotation":90,"texture":"#0"},"south":{"uv":[0,8,0,0],"texture":"#missing"},"west":{"uv":[2.6875,3.1875,2.1875,3.6875],"rotation":270,"texture":"#0"},"up":{"uv":[0,8,0,0],"rotation":180,"texture":"#missing"},"down":{"uv":[0,8,0,0],"texture":"#missing"}}},{"from":[7.5,12,7],"to":[7.5,17,10],"rotation":{"angle":45,"axis":"x","origin":[8,7.48746,7.86958]},"faces":{"north":{"uv":[0,0,0,8],"texture":"#missing"},"east":{"uv":[2.6875,1.375,2.3125,2],"texture":"#0"},"south":{"uv":[0,0,0,8],"texture":"#missing"},"west":{"uv":[2.3125,1.375,2.6875,2],"texture":"#0"},"up":{"uv":[0,0,0,6],"texture":"#missing"},"down":{"uv":[0,0,0,6],"texture":"#missing"}}},{"from":[6.75,-0.5,7],"to":[9.25,1,11],"rotation":{"angle":-45,"axis":"x","origin":[0,-4,17]},"faces":{"north":{"uv":[1.8125,1.125,2.125,1.3125],"texture":"#0"},"east":{"uv":[1.3125,1.625,1.8125,1.8125],"texture":"#0"},"south":{"uv":[1.8125,1.125,2.125,1.3125],"texture":"#0"},"west":{"uv":[1.3125,1.625,1.8125,1.8125],"texture":"#0"},"up":{"uv":[1.3125,1.3125,1.8125,1.625],"rotation":270,"texture":"#0"},"down":{"uv":[1.3125,1.3125,1.8125,1.625],"rotation":270,"texture":"#0"}}},{"from":[6.75,28.3,6],"to":[9.25,29.8,10],"rotation":{"angle":22.5,"axis":"x","origin":[8,30.25,9]},"faces":{"north":{"uv":[2.125,1.125,1.8125,1.3125],"texture":"#0"},"east":{"uv":[1.8125,1.625,1.3125,1.8125],"texture":"#0"},"south":{"uv":[2.125,1.125,1.8125,1.3125],"texture":"#0"},"west":{"uv":[1.8125,1.625,1.3125,1.8125],"texture":"#0"},"up":{"uv":[1.8125,1.3125,1.3125,1.625],"rotation":270,"texture":"#0"},"down":{"uv":[1.8125,1.3125,1.3125,1.625],"rotation":270,"texture":"#0"}}},{"from":[7,0.5,8],"to":[9,2,10.5],"rotation":{"angle":-45,"axis":"x","origin":[0,-4,17]},"faces":{"north":{"uv":[1.0625,1.4375,1.3125,1.625],"texture":"#0"},"east":{"uv":[0.75,1.6875,1.0625,1.875],"texture":"#0"},"south":{"uv":[1.0625,1.4375,1.3125,1.625],"texture":"#0"},"west":{"uv":[0.75,1.6875,1.0625,1.875],"texture":"#0"},"up":{"uv":[0.75,1.4375,1.0625,1.6875],"rotation":270,"texture":"#0"},"down":{"uv":[0.75,1.4375,1.0625,1.6875],"rotation":270,"texture":"#0"}}},{"from":[7,27.8,-6.5],"to":[9,29.3,-4],"rotation":{"angle":22.5,"axis":"x","origin":[0,-4,1]},"faces":{"north":{"uv":[1.3125,1.625,1.0625,1.4375],"texture":"#0"},"east":{"uv":[1.0625,1.875,0.75,1.6875],"texture":"#0"},"south":{"uv":[1.3125,1.625,1.0625,1.4375],"texture":"#0"},"west":{"uv":[1.0625,1.875,0.75,1.6875],"texture":"#0"},"up":{"uv":[1.0625,1.4375,0.75,1.6875],"rotation":270,"texture":"#0"},"down":{"uv":[1.0625,1.4375,0.75,1.6875],"rotation":270,"texture":"#0"}}},{"from":[7.25,-13,9.2],"to":[8.75,-10.5,10.2],"rotation":{"angle":22.5,"axis":"x","origin":[0,-4,17]},"faces":{"north":{"uv":[1.8125,1.3125,2.125,1.5],"rotation":90,"texture":"#0"},"east":{"uv":[1.8125,1.5,2.125,1.625],"rotation":270,"texture":"#0"},"south":{"uv":[1.8125,1.3125,2.125,1.5],"rotation":90,"texture":"#0"},"west":{"uv":[1.8125,1.5,2.125,1.625],"rotation":270,"texture":"#0"},"up":{"uv":[1.125,1.3125,1.3125,1.4375],"rotation":180,"texture":"#0"},"down":{"uv":[1.125,1.3125,1.3125,1.4375],"rotation":180,"texture":"#0"}}},{"from":[7.5,-6.4,5.2],"to":[8.5,-4.9,6.2],"rotation":{"angle":-22.5,"axis":"x","origin":[0,-4,17]},"faces":{"north":{"uv":[1.0625,1.625,1.25,1.75],"rotation":90,"texture":"#0"},"east":{"uv":[1.0625,1.75,1.25,1.875],"rotation":270,"texture":"#0"},"south":{"uv":[1.0625,1.625,1.25,1.75],"rotation":90,"texture":"#0"},"west":{"uv":[1.0625,1.75,1.25,1.875],"rotation":270,"texture":"#0"},"up":{"uv":[1.125,1.1875,1.25,1.3125],"rotation":180,"texture":"#0"},"down":{"uv":[1.125,1.1875,1.25,1.3125],"rotation":180,"texture":"#0"}}},{"from":[7.25,-15,5.8],"to":[8.75,-12.5,6.8],"rotation":{"angle":-45,"axis":"x","origin":[0,-6,-1]},"faces":{"north":{"uv":[1.8125,1.5,2.125,1.3125],"rotation":90,"texture":"#0"},"east":{"uv":[1.8125,1.625,2.125,1.5],"rotation":270,"texture":"#0"},"south":{"uv":[1.8125,1.5,2.125,1.3125],"rotation":90,"texture":"#0"},"west":{"uv":[1.8125,1.625,2.125,1.5],"rotation":270,"texture":"#0"},"up":{"uv":[1.125,1.4375,1.3125,1.3125],"rotation":180,"texture":"#0"},"down":{"uv":[1.125,1.4375,1.3125,1.3125],"rotation":180,"texture":"#0"}}},{"from":[7.5,-8.4,9.8],"to":[8.5,-6.9,10.8],"rotation":{"angle":0,"axis":"y","origin":[0,-6,-1]},"faces":{"north":{"uv":[1.0625,1.75,1.25,1.625],"rotation":90,"texture":"#0"},"east":{"uv":[1.0625,1.875,1.25,1.75],"rotation":270,"texture":"#0"},"south":{"uv":[1.0625,1.75,1.25,1.625],"rotation":90,"texture":"#0"},"west":{"uv":[1.0625,1.875,1.25,1.75],"rotation":270,"texture":"#0"},"up":{"uv":[1.125,1.3125,1.25,1.1875],"rotation":180,"texture":"#0"},"down":{"uv":[1.125,1.3125,1.25,1.1875],"rotation":180,"texture":"#0"}}},{"from":[7.15,-5,7],"to":[8.85,0,8.5],"rotation":{"angle":22.5,"axis":"x","origin":[-0.2,-4,17]},"faces":{"north":{"uv":[1.625,0.625,1.8125,1.25],"texture":"#0"},"east":{"uv":[1.4375,0.625,1.625,1.25],"texture":"#0"},"south":{"uv":[1.8125,0.625,1.625,1.25],"texture":"#0"},"west":{"uv":[1.4375,0.625,1.625,1.25],"texture":"#0"},"up":{"uv":[1.25,0.9375,1.4375,1.125],"rotation":270,"texture":"#0"},"down":{"uv":[1.25,0.9375,1.4375,1.125],"rotation":270,"texture":"#0"}}},{"from":[7.25,-5.1,7.5],"to":[8.75,-1.1,9],"rotation":{"angle":0,"axis":"y","origin":[-0.2,-4,17]},"faces":{"north":{"uv":[2,0.625,2.1875,1.125],"texture":"#0"},"east":{"uv":[1.8125,0.625,2,1.125],"texture":"#0"},"south":{"uv":[2,0.625,2.1875,1.125],"texture":"#0"},"west":{"uv":[1.8125,0.625,2,1.125],"texture":"#0"},"up":{"uv":[1.25,1.125,1.4375,1.3125],"rotation":270,"texture":"#0"},"down":{"uv":[1.25,1.125,1.4375,1.3125],"rotation":270,"texture":"#0"}}},{"from":[7.25,-2.1,9],"to":[8.75,-0.1,11],"rotation":{"angle":45,"axis":"x","origin":[0,-4,0]},"faces":{"north":{"uv":[2.0625,1.625,2.25,1.875],"texture":"#0"},"east":{"uv":[1.8125,1.625,2.0625,1.875],"texture":"#0"},"south":{"uv":[2.0625,1.625,2.25,1.875],"texture":"#0"},"west":{"uv":[1.8125,1.625,2.0625,1.875],"texture":"#0"},"up":{"uv":[2.0625,1.625,2.25,1.875],"texture":"#0"},"down":{"uv":[2.0625,1.625,2.25,1.875],"texture":"#0"}}},{"from":[7.25,19.9,-6.5],"to":[8.75,21.9,-4.5],"rotation":{"angle":45,"axis":"x","origin":[0,-3,0]},"faces":{"north":{"uv":[2.0625,1.625,2.25,1.875],"texture":"#0"},"east":{"uv":[1.8125,1.625,2.0625,1.875],"texture":"#0"},"south":{"uv":[2.0625,1.625,2.25,1.875],"texture":"#0"},"west":{"uv":[1.8125,1.625,2.0625,1.875],"texture":"#0"},"up":{"uv":[2.0625,1.625,2.25,1.875],"texture":"#0"},"down":{"uv":[2.0625,1.625,2.25,1.875],"texture":"#0"}}},{"from":[8,-8,4.5],"to":[8,-5,7.5],"rotation":{"angle":-22.5,"axis":"x","origin":[0,-4,0]},"faces":{"north":{"uv":[0,0,0,6],"texture":"#missing"},"east":{"uv":[2.75,1.9375,3.125,2.3125],"texture":"#0"},"south":{"uv":[0,0,0,6],"texture":"#missing"},"west":{"uv":[3.125,1.9375,2.75,2.3125],"texture":"#0"},"up":{"uv":[0,0,0,6],"texture":"#missing"},"down":{"uv":[0,0,0,6],"texture":"#missing"}}},{"from":[6.5,-12,6.5],"to":[6.5,-7,11.5],"rotation":{"angle":0,"axis":"y","origin":[0,-4,0]},"faces":{"north":{"uv":[0,0,0,10],"texture":"#6"},"east":{"uv":[10,0,0,10],"texture":"#6"},"south":{"uv":[0,0,0,10],"texture":"#6"},"west":{"uv":[0,0,10,10],"texture":"#6"},"up":{"uv":[0,10,0,0],"texture":"#6"},"down":{"uv":[0,0,0,10],"texture":"#6"}}},{"from":[7,18,10.5],"to":[7,23,15.5],"rotation":{"angle":0,"axis":"y","origin":[0,20,0]},"faces":{"north":{"uv":[0,10,0,0],"texture":"#6"},"east":{"uv":[10,10,0,0],"texture":"#6"},"south":{"uv":[0,10,0,0],"texture":"#6"},"west":{"uv":[0,10,10,0],"texture":"#6"},"up":{"uv":[0,10,0,0],"texture":"#6"},"down":{"uv":[0,0,0,10],"texture":"#6"}}},{"from":[9,18,10.5],"to":[9,23,15.5],"rotation":{"angle":0,"axis":"y","origin":[16,20,0]},"faces":{"north":{"uv":[0,10,0,0],"texture":"#6"},"east":{"uv":[10,10,0,0],"texture":"#6"},"south":{"uv":[0,10,0,0],"texture":"#6"},"west":{"uv":[0,10,10,0],"texture":"#6"},"up":{"uv":[0,10,0,0],"texture":"#6"},"down":{"uv":[0,0,0,10],"texture":"#6"}}},{"from":[9.8,24,-2],"to":[9.8,28,2],"rotation":{"angle":22.5,"axis":"x","origin":[0,-4,-2]},"faces":{"north":{"uv":[0,0,0,8],"texture":"#3"},"east":{"uv":[8,0,0,8],"texture":"#3"},"south":{"uv":[0,0,0,8],"texture":"#3"},"west":{"uv":[0,0,8,8],"texture":"#3"},"up":{"uv":[0,8,0,0],"texture":"#3"},"down":{"uv":[0,0,0,8],"texture":"#3"}}},{"from":[7.5,6,8],"to":[7.5,13,15],"rotation":{"angle":-22.5,"axis":"x","origin":[0,-4,-2]},"faces":{"north":{"uv":[0,0,0,14],"texture":"#4"},"east":{"uv":[14,0,0,14],"texture":"#4"},"south":{"uv":[0,0,0,14],"texture":"#4"},"west":{"uv":[0,0,14,14],"texture":"#4"},"up":{"uv":[0,14,0,0],"texture":"#4"},"down":{"uv":[0,0,0,14],"texture":"#4"}}},{"from":[9.5,-12,6.5],"to":[9.5,-7,11.5],"rotation":{"angle":0,"axis":"y","origin":[16,-4,0]},"faces":{"north":{"uv":[0,0,0,10],"texture":"#6"},"east":{"uv":[10,0,0,10],"texture":"#6"},"south":{"uv":[0,0,0,10],"texture":"#6"},"west":{"uv":[0,0,10,10],"texture":"#6"},"up":{"uv":[0,10,0,0],"texture":"#6"},"down":{"uv":[0,0,0,10],"texture":"#6"}}}],"gui_light":"front","display":{"thirdperson_righthand":{"translation":[0,5.5,1.25],"scale":[0.8,0.8,0.8]},"thirdperson_lefthand":{"translation":[0,5.5,1.25],"scale":[0.8,0.8,0.8]},"firstperson_righthand":{"rotation":[0,-4,0],"translation":[3.75,4,0],"scale":[0.39102,0.39102,0.39102]},"firstperson_lefthand":{"rotation":[0,-4,0],"translation":[3.75,4,0],"scale":[0.39102,0.39102,0.39102]},"ground":{"rotation":[-45,0,0],"translation":[0,9,0],"scale":[0.5,0.5,0.5]},"gui":{"rotation":[-90,-45,-90],"translation":[-2.25,-1.25,-1.5],"scale":[0.39102,0.39102,0.39102]},"head":{"translation":[0,-13.25,0],"scale":[0,0,0]},"fixed":{"rotation":[0,-90,0],"translation":[-0.75,6.25,-3],"scale":[1.5,1.5,1.5]}}}