{"credit":"MadewithBlockbench","texture_size":[128,128],"textures":{"0":"elitecreatures:nature_goddess_animated_weapon_set/naturegoddess_texture_01","3":"elitecreatures:nature_goddess_animated_weapon_set/naturegoddess_animation_01","4":"elitecreatures:nature_goddess_animated_weapon_set/naturegoddess_animation_02","6":"elitecreatures:nature_goddess_animated_weapon_set/naturegoddess_animation_03","particle":"elitecreatures:nature_goddess_animated_weapon_set/naturegoddess_texture_01"},"elements":[{"from":[6,13,22],"to":[10,16,25],"rotation":{"angle":-45,"axis":"x","origin":[0,-4,17]},"faces":{"north":{"uv":[0.375,0,0.875,0.375],"texture":"#0"},"east":{"uv":[0.375,0,0,0.375],"texture":"#0"},"south":{"uv":[0.375,0,0.875,0.375],"texture":"#0"},"west":{"uv":[0,0,0.375,0.375],"texture":"#0"},"up":{"uv":[0,0.375,0.375,0.875],"rotation":90,"texture":"#0"},"down":{"uv":[0,0.375,0.375,0.875],"rotation":90,"texture":"#0"}}},{"from":[6.5,12,21],"to":[9.5,17,26],"rotation":{"angle":-45,"axis":"x","origin":[0,-4,17]},"faces":{"north":{"uv":[1.5,0,1.875,0.625],"texture":"#0"},"east":{"uv":[0.875,0,1.5,0.625],"texture":"#0"},"south":{"uv":[2.5,0,2.875,0.625],"texture":"#0"},"west":{"uv":[0.875,0,1.5,0.625],"texture":"#0"},"up":{"uv":[2.875,0,3.5,0.375],"rotation":90,"texture":"#0"},"down":{"uv":[1.875,0,2.5,0.375],"rotation":90,"texture":"#0"}}},{"from":[7,5.5,4.5],"to":[9,10,5.5],"rotation":{"angle":22.5,"axis":"x","origin":[0,-4,17]},"faces":{"north":{"uv":[1.875,0.375,2.4375,0.625],"rotation":90,"texture":"#0"},"east":{"uv":[0.875,0.625,1.4375,0.75],"rotation":270,"texture":"#0"},"south":{"uv":[1.875,0.375,2.4375,0.625],"rotation":90,"texture":"#0"},"west":{"uv":[0.875,0.625,1.4375,0.75],"rotation":270,"texture":"#0"},"up":{"uv":[0.875,0.625,1.125,0.75],"texture":"#0"},"down":{"uv":[0.875,0.625,1.125,0.75],"texture":"#0"}}},{"from":[7,5.5,11.5],"to":[9,10,12.5],"rotation":{"angle":-22.5,"axis":"x","origin":[0,-4,0]},"faces":{"north":{"uv":[1.875,0.625,2.4375,0.375],"rotation":90,"texture":"#0"},"east":{"uv":[0.875,0.75,1.4375,0.625],"rotation":270,"texture":"#0"},"south":{"uv":[1.875,0.625,2.4375,0.375],"rotation":90,"texture":"#0"},"west":{"uv":[0.875,0.75,1.4375,0.625],"rotation":270,"texture":"#0"},"up":{"uv":[0.875,0.75,1.125,0.625],"texture":"#0"},"down":{"uv":[0.875,0.75,1.125,0.625],"texture":"#0"}}},{"from":[6.5,9,7],"to":[9.5,10,10],"rotation":{"angle":0,"axis":"y","origin":[0,-4,17]},"faces":{"north":{"uv":[0,1.375,0.375,1.5],"texture":"#0"},"east":{"uv":[0,1.25,0.375,1.375],"texture":"#0"},"south":{"uv":[0,1.375,0.375,1.5],"texture":"#0"},"west":{"uv":[0,1.25,0.375,1.375],"texture":"#0"},"up":{"uv":[0,0.875,0.375,1.25],"rotation":270,"texture":"#0"},"down":{"uv":[0,0.875,0.375,1.25],"rotation":270,"texture":"#0"}}},{"from":[7,16,7],"to":[9,17,10],"rotation":{"angle":0,"axis":"y","origin":[0,-4,17]},"faces":{"north":{"uv":[2.1875,1,2.4375,1.125],"texture":"#0"},"east":{"uv":[2.1875,0.875,2.5625,1],"texture":"#0"},"south":{"uv":[2.1875,1,2.4375,1.125],"texture":"#0"},"west":{"uv":[2.1875,0.875,2.5625,1],"texture":"#0"},"up":{"uv":[2.1875,0.625,2.5625,0.875],"rotation":270,"texture":"#0"},"down":{"uv":[2.1875,0.625,2.5625,0.875],"rotation":270,"texture":"#0"}}},{"from":[7,7.2,6.5],"to":[9,8.7,10.5],"rotation":{"angle":0,"axis":"y","origin":[0,-4,17]},"faces":{"north":{"uv":[0.375,0.8125,0.625,1],"texture":"#0"},"east":{"uv":[0.375,0.625,0.875,0.8125],"texture":"#0"},"south":{"uv":[0.375,0.8125,0.625,1],"texture":"#0"},"west":{"uv":[0.375,0.625,0.875,0.8125],"texture":"#0"},"up":{"uv":[0.375,0.375,0.875,0.625],"rotation":270,"texture":"#0"},"down":{"uv":[0.375,0.375,0.875,0.625],"rotation":270,"texture":"#0"}}},{"from":[7,17,6.5],"to":[9,18.5,10.5],"rotation":{"angle":0,"axis":"y","origin":[0,-4,17]},"faces":{"north":{"uv":[0.375,0.8125,0.625,1],"texture":"#0"},"east":{"uv":[0.375,0.625,0.875,0.8125],"texture":"#0"},"south":{"uv":[0.375,0.8125,0.625,1],"texture":"#0"},"west":{"uv":[0.375,0.625,0.875,0.8125],"texture":"#0"},"up":{"uv":[0.375,0.375,0.875,0.625],"rotation":270,"texture":"#0"},"down":{"uv":[0.375,0.375,0.875,0.625],"rotation":270,"texture":"#0"}}},{"from":[7.15,18.2,-12],"to":[8.85,20.2,-10],"rotation":{"angle":45,"axis":"x","origin":[0,-4,0]},"faces":{"north":{"uv":[2.0625,1.625,2.25,1.875],"texture":"#0"},"east":{"uv":[1.8125,1.625,2.0625,1.875],"texture":"#0"},"south":{"uv":[2.0625,1.625,2.25,1.875],"texture":"#0"},"west":{"uv":[1.8125,1.625,2.0625,1.875],"texture":"#0"},"up":{"uv":[2.0625,1.625,2.25,1.875],"texture":"#0"},"down":{"uv":[2.0625,1.625,2.25,1.875],"texture":"#0"}}},{"from":[7.15,-0.8,3.9],"to":[8.85,3.2,5.4],"rotation":{"angle":22.5,"axis":"x","origin":[0,-4,17]},"faces":{"north":{"uv":[0.1875,1.5,0.375,2],"texture":"#0"},"east":{"uv":[0,1.5,0.1875,2],"texture":"#0"},"south":{"uv":[0.1875,1.5,0.375,2],"texture":"#0"},"west":{"uv":[0,1.5,0.1875,2],"texture":"#0"},"up":{"uv":[0.375,1,0.5625,1.1875],"rotation":270,"texture":"#0"},"down":{"uv":[0.375,1,0.5625,1.1875],"rotation":270,"texture":"#0"}}},{"from":[7.25,7,7.3],"to":[8.75,12,9.8],"rotation":{"angle":0,"axis":"y","origin":[0,-4,17]},"faces":{"north":{"uv":[0.9375,0.8125,1.125,1.4375],"texture":"#0"},"east":{"uv":[0.625,0.8125,0.9375,1.4375],"texture":"#0"},"south":{"uv":[0.9375,0.8125,1.125,1.4375],"texture":"#0"},"west":{"uv":[0.625,0.8125,0.9375,1.4375],"texture":"#0"},"up":{"uv":[1.125,0.75,1.4375,0.9375],"rotation":90,"texture":"#0"},"down":{"uv":[1.125,0.75,1.4375,0.9375],"rotation":90,"texture":"#0"}}},{"from":[7.25,5.5,15.4],"to":[8.75,9.5,16.9],"rotation":{"angle":-45,"axis":"x","origin":[0,-4,17]},"faces":{"north":{"uv":[0.375,1.4375,0.5625,1.9375],"texture":"#0"},"east":{"uv":[0.5625,1.9375,0.75,1.4375],"texture":"#0"},"south":{"uv":[0.375,1.4375,0.5625,1.9375],"texture":"#0"},"west":{"uv":[0.5625,1.4375,0.75,1.9375],"texture":"#0"},"up":{"uv":[0.375,1.1875,0.5625,1.375],"rotation":270,"texture":"#0"},"down":{"uv":[0.375,1.1875,0.5625,1.375],"rotation":270,"texture":"#0"}}},{"from":[6.75,-0.5,7],"to":[9.25,1,11],"rotation":{"angle":-45,"axis":"x","origin":[0,-4,17]},"faces":{"north":{"uv":[1.8125,1.125,2.125,1.3125],"texture":"#0"},"east":{"uv":[1.3125,1.625,1.8125,1.8125],"texture":"#0"},"south":{"uv":[1.8125,1.125,2.125,1.3125],"texture":"#0"},"west":{"uv":[1.3125,1.625,1.8125,1.8125],"texture":"#0"},"up":{"uv":[1.3125,1.3125,1.8125,1.625],"rotation":270,"texture":"#0"},"down":{"uv":[1.3125,1.3125,1.8125,1.625],"rotation":270,"texture":"#0"}}},{"from":[7,0.5,8],"to":[9,2,10.5],"rotation":{"angle":-45,"axis":"x","origin":[0,-4,17]},"faces":{"north":{"uv":[1.0625,1.4375,1.3125,1.625],"texture":"#0"},"east":{"uv":[0.75,1.6875,1.0625,1.875],"texture":"#0"},"south":{"uv":[1.0625,1.4375,1.3125,1.625],"texture":"#0"},"west":{"uv":[0.75,1.6875,1.0625,1.875],"texture":"#0"},"up":{"uv":[0.75,1.4375,1.0625,1.6875],"rotation":270,"texture":"#0"},"down":{"uv":[0.75,1.4375,1.0625,1.6875],"rotation":270,"texture":"#0"}}},{"from":[7.25,-13,9.2],"to":[8.75,-10.5,10.2],"rotation":{"angle":22.5,"axis":"x","origin":[0,-4,17]},"faces":{"north":{"uv":[1.8125,1.3125,2.125,1.5],"rotation":90,"texture":"#0"},"east":{"uv":[1.8125,1.5,2.125,1.625],"rotation":270,"texture":"#0"},"south":{"uv":[1.8125,1.3125,2.125,1.5],"rotation":90,"texture":"#0"},"west":{"uv":[1.8125,1.5,2.125,1.625],"rotation":270,"texture":"#0"},"up":{"uv":[1.125,1.3125,1.3125,1.4375],"rotation":180,"texture":"#0"},"down":{"uv":[1.125,1.3125,1.3125,1.4375],"rotation":180,"texture":"#0"}}},{"from":[7.5,-6.4,5.2],"to":[8.5,-4.9,6.2],"rotation":{"angle":-22.5,"axis":"x","origin":[0,-4,17]},"faces":{"north":{"uv":[1.0625,1.625,1.25,1.75],"rotation":90,"texture":"#0"},"east":{"uv":[1.0625,1.75,1.25,1.875],"rotation":270,"texture":"#0"},"south":{"uv":[1.0625,1.625,1.25,1.75],"rotation":90,"texture":"#0"},"west":{"uv":[1.0625,1.75,1.25,1.875],"rotation":270,"texture":"#0"},"up":{"uv":[1.125,1.1875,1.25,1.3125],"rotation":180,"texture":"#0"},"down":{"uv":[1.125,1.1875,1.25,1.3125],"rotation":180,"texture":"#0"}}},{"from":[7.25,-15,5.8],"to":[8.75,-12.5,6.8],"rotation":{"angle":-45,"axis":"x","origin":[0,-6,-1]},"faces":{"north":{"uv":[1.8125,1.5,2.125,1.3125],"rotation":90,"texture":"#0"},"east":{"uv":[1.8125,1.625,2.125,1.5],"rotation":270,"texture":"#0"},"south":{"uv":[1.8125,1.5,2.125,1.3125],"rotation":90,"texture":"#0"},"west":{"uv":[1.8125,1.625,2.125,1.5],"rotation":270,"texture":"#0"},"up":{"uv":[1.125,1.4375,1.3125,1.3125],"rotation":180,"texture":"#0"},"down":{"uv":[1.125,1.4375,1.3125,1.3125],"rotation":180,"texture":"#0"}}},{"from":[7.5,-8.4,9.8],"to":[8.5,-6.9,10.8],"rotation":{"angle":0,"axis":"y","origin":[0,-6,-1]},"faces":{"north":{"uv":[1.0625,1.75,1.25,1.625],"rotation":90,"texture":"#0"},"east":{"uv":[1.0625,1.875,1.25,1.75],"rotation":270,"texture":"#0"},"south":{"uv":[1.0625,1.75,1.25,1.625],"rotation":90,"texture":"#0"},"west":{"uv":[1.0625,1.875,1.25,1.75],"rotation":270,"texture":"#0"},"up":{"uv":[1.125,1.3125,1.25,1.1875],"rotation":180,"texture":"#0"},"down":{"uv":[1.125,1.3125,1.25,1.1875],"rotation":180,"texture":"#0"}}},{"from":[7.15,-5,7],"to":[8.85,0,8.5],"rotation":{"angle":22.5,"axis":"x","origin":[-0.2,-4,17]},"faces":{"north":{"uv":[1.625,0.625,1.8125,1.25],"texture":"#0"},"east":{"uv":[1.4375,0.625,1.625,1.25],"texture":"#0"},"south":{"uv":[1.8125,0.625,1.625,1.25],"texture":"#0"},"west":{"uv":[1.4375,0.625,1.625,1.25],"texture":"#0"},"up":{"uv":[1.25,0.9375,1.4375,1.125],"rotation":270,"texture":"#0"},"down":{"uv":[1.25,0.9375,1.4375,1.125],"rotation":270,"texture":"#0"}}},{"from":[7.25,-5.1,7.5],"to":[8.75,-1.1,9],"rotation":{"angle":0,"axis":"y","origin":[-0.2,-4,17]},"faces":{"north":{"uv":[2,0.625,2.1875,1.125],"texture":"#0"},"east":{"uv":[1.8125,0.625,2,1.125],"texture":"#0"},"south":{"uv":[2,0.625,2.1875,1.125],"texture":"#0"},"west":{"uv":[1.8125,0.625,2,1.125],"texture":"#0"},"up":{"uv":[1.25,1.125,1.4375,1.3125],"rotation":270,"texture":"#0"},"down":{"uv":[1.25,1.125,1.4375,1.3125],"rotation":270,"texture":"#0"}}},{"from":[7.25,-2.1,9],"to":[8.75,-0.1,11],"rotation":{"angle":45,"axis":"x","origin":[0,-4,0]},"faces":{"north":{"uv":[2.0625,1.625,2.25,1.875],"texture":"#0"},"east":{"uv":[1.8125,1.625,2.0625,1.875],"texture":"#0"},"south":{"uv":[2.0625,1.625,2.25,1.875],"texture":"#0"},"west":{"uv":[1.8125,1.625,2.0625,1.875],"texture":"#0"},"up":{"uv":[2.0625,1.625,2.25,1.875],"texture":"#0"},"down":{"uv":[2.0625,1.625,2.25,1.875],"texture":"#0"}}},{"from":[8,-2.5,-2],"to":[8,1.5,2],"rotation":{"angle":-45,"axis":"x","origin":[7.5,13,4]},"faces":{"north":{"uv":[0,0,0,8],"rotation":180,"texture":"#missing"},"east":{"uv":[2.6875,3.1875,2.1875,3.6875],"rotation":90,"texture":"#0"},"south":{"uv":[0,0,0,8],"texture":"#missing"},"west":{"uv":[2.1875,3.1875,2.6875,3.6875],"rotation":270,"texture":"#0"},"up":{"uv":[0,0,0,8],"texture":"#missing"},"down":{"uv":[0,0,0,8],"rotation":180,"texture":"#missing"}}},{"from":[6.8,13.5,-2],"to":[6.8,17.5,2],"rotation":{"angle":22.5,"axis":"x","origin":[7.5,3,4]},"faces":{"north":{"uv":[0,8,0,0],"texture":"#missing"},"east":{"uv":[2.1875,3.1875,2.6875,3.6875],"rotation":180,"texture":"#0"},"south":{"uv":[0,8,0,0],"texture":"#missing"},"west":{"uv":[2.6875,3.1875,2.1875,3.6875],"rotation":180,"texture":"#0"},"up":{"uv":[0,8,0,0],"texture":"#missing"},"down":{"uv":[0,8,0,0],"texture":"#missing"}}},{"from":[8,15,12.2],"to":[8,19,17.2],"rotation":{"angle":-22.5,"axis":"x","origin":[7.5,3,4]},"faces":{"north":{"uv":[0,8,0,0],"rotation":180,"texture":"#missing"},"east":{"uv":[2.1875,3.1875,2.6875,3.6875],"rotation":90,"texture":"#0"},"south":{"uv":[0,8,0,0],"texture":"#missing"},"west":{"uv":[2.6875,3.1875,2.1875,3.6875],"rotation":270,"texture":"#0"},"up":{"uv":[0,8,0,0],"rotation":180,"texture":"#missing"},"down":{"uv":[0,8,0,0],"texture":"#missing"}}},{"from":[9.2,13.5,-2],"to":[9.2,17.5,2],"rotation":{"angle":22.5,"axis":"x","origin":[8.5,3,4]},"faces":{"north":{"uv":[0,8,0,0],"texture":"#missing"},"east":{"uv":[2.1875,3.1875,2.6875,3.6875],"rotation":180,"texture":"#0"},"south":{"uv":[0,8,0,0],"texture":"#missing"},"west":{"uv":[2.6875,3.1875,2.1875,3.6875],"rotation":180,"texture":"#0"},"up":{"uv":[0,8,0,0],"texture":"#missing"},"down":{"uv":[0,8,0,0],"texture":"#missing"}}},{"from":[9.2,9.5,10.5],"to":[9.2,13.5,14.5],"rotation":{"angle":22.5,"axis":"x","origin":[8.5,13,12]},"faces":{"north":{"uv":[0,0,0,8],"texture":"#missing"},"east":{"uv":[2.6875,3.6875,2.1875,3.1875],"rotation":180,"texture":"#0"},"south":{"uv":[0,0,0,8],"texture":"#missing"},"west":{"uv":[2.1875,3.6875,2.6875,3.1875],"rotation":180,"texture":"#0"},"up":{"uv":[0,8,0,0],"texture":"#missing"},"down":{"uv":[0,8,0,0],"texture":"#missing"}}},{"from":[6.8,9.5,10.5],"to":[6.8,13.5,14.5],"rotation":{"angle":22.5,"axis":"x","origin":[7.5,13,12]},"faces":{"north":{"uv":[0,0,0,8],"texture":"#missing"},"east":{"uv":[2.6875,3.6875,2.1875,3.1875],"rotation":180,"texture":"#0"},"south":{"uv":[0,0,0,8],"texture":"#missing"},"west":{"uv":[2.1875,3.6875,2.6875,3.1875],"rotation":180,"texture":"#0"},"up":{"uv":[0,8,0,0],"texture":"#missing"},"down":{"uv":[0,8,0,0],"texture":"#missing"}}},{"from":[5.9,8.8,5.7],"to":[5.9,12.3,9.2],"rotation":{"angle":-45,"axis":"x","origin":[7.5,13,4]},"faces":{"north":{"uv":[0,0,0,8],"rotation":180,"texture":"#missing"},"east":{"uv":[2.75,1.875,3.25,1.375],"rotation":270,"texture":"#0"},"south":{"uv":[0,0,0,8],"texture":"#missing"},"west":{"uv":[2.75,1.375,3.25,1.875],"rotation":270,"texture":"#0"},"up":{"uv":[0,0,0,8],"texture":"#missing"},"down":{"uv":[0,0,0,8],"rotation":180,"texture":"#missing"}}},{"from":[10.1,8.8,5.7],"to":[10.1,12.3,9.2],"rotation":{"angle":-45,"axis":"x","origin":[8.5,13,4]},"faces":{"north":{"uv":[0,0,0,8],"rotation":180,"texture":"#missing"},"east":{"uv":[2.75,1.875,3.25,1.375],"rotation":270,"texture":"#0"},"south":{"uv":[0,0,0,8],"texture":"#missing"},"west":{"uv":[2.75,1.375,3.25,1.875],"rotation":270,"texture":"#0"},"up":{"uv":[0,0,0,8],"texture":"#missing"},"down":{"uv":[0,0,0,8],"rotation":180,"texture":"#missing"}}},{"from":[8,-2.2,11.5],"to":[8,0.8,14.5],"rotation":{"angle":-22.5,"axis":"x","origin":[0,-4,0]},"faces":{"north":{"uv":[0,0,0,6],"texture":"#missing"},"east":{"uv":[3.125,1.9375,2.75,2.3125],"texture":"#0"},"south":{"uv":[0,0,0,6],"texture":"#missing"},"west":{"uv":[2.75,1.9375,3.125,2.3125],"texture":"#0"},"up":{"uv":[0,0,0,6],"texture":"#missing"},"down":{"uv":[0,0,0,6],"texture":"#missing"}}},{"from":[9,20.8,9.5],"to":[9,23.8,12.5],"rotation":{"angle":22.5,"axis":"x","origin":[0,-4,0]},"faces":{"north":{"uv":[0,0,0,6],"texture":"#missing"},"east":{"uv":[3.125,1.9375,2.75,2.3125],"texture":"#0"},"south":{"uv":[0,0,0,6],"texture":"#missing"},"west":{"uv":[2.75,1.9375,3.125,2.3125],"texture":"#0"},"up":{"uv":[0,0,0,6],"texture":"#missing"},"down":{"uv":[0,0,0,6],"texture":"#missing"}}},{"from":[8,-8,4.5],"to":[8,-5,7.5],"rotation":{"angle":-22.5,"axis":"x","origin":[0,-4,0]},"faces":{"north":{"uv":[0,0,0,6],"texture":"#missing"},"east":{"uv":[2.75,1.9375,3.125,2.3125],"texture":"#0"},"south":{"uv":[0,0,0,6],"texture":"#missing"},"west":{"uv":[3.125,1.9375,2.75,2.3125],"texture":"#0"},"up":{"uv":[0,0,0,6],"texture":"#missing"},"down":{"uv":[0,0,0,6],"texture":"#missing"}}},{"from":[6.5,-12,6.5],"to":[6.5,-7,11.5],"rotation":{"angle":0,"axis":"y","origin":[0,-4,0]},"faces":{"north":{"uv":[0,0,0,10],"texture":"#6"},"east":{"uv":[10,0,0,10],"texture":"#6"},"south":{"uv":[0,0,0,10],"texture":"#6"},"west":{"uv":[0,0,10,10],"texture":"#6"},"up":{"uv":[0,10,0,0],"texture":"#6"},"down":{"uv":[0,0,0,10],"texture":"#6"}}},{"from":[7,19,6.5],"to":[7,24,11.5],"rotation":{"angle":0,"axis":"y","origin":[0,20,0]},"faces":{"north":{"uv":[0,10,0,0],"texture":"#6"},"east":{"uv":[10,10,0,0],"texture":"#6"},"south":{"uv":[0,10,0,0],"texture":"#6"},"west":{"uv":[0,10,10,0],"texture":"#6"},"up":{"uv":[0,10,0,0],"texture":"#6"},"down":{"uv":[0,0,0,10],"texture":"#6"}}},{"from":[9,19,6.5],"to":[9,24,11.5],"rotation":{"angle":0,"axis":"y","origin":[16,20,0]},"faces":{"north":{"uv":[0,10,0,0],"texture":"#6"},"east":{"uv":[10,10,0,0],"texture":"#6"},"south":{"uv":[0,10,0,0],"texture":"#6"},"west":{"uv":[0,10,10,0],"texture":"#6"},"up":{"uv":[0,10,0,0],"texture":"#6"},"down":{"uv":[0,0,0,10],"texture":"#6"}}},{"from":[9.5,-12,6.5],"to":[9.5,-7,11.5],"rotation":{"angle":0,"axis":"y","origin":[16,-4,0]},"faces":{"north":{"uv":[0,0,0,10],"texture":"#6"},"east":{"uv":[10,0,0,10],"texture":"#6"},"south":{"uv":[0,0,0,10],"texture":"#6"},"west":{"uv":[0,0,10,10],"texture":"#6"},"up":{"uv":[0,10,0,0],"texture":"#6"},"down":{"uv":[0,0,0,10],"texture":"#6"}}},{"from":[5,9,3],"to":[11,17,5],"faces":{"north":{"uv":[5.4375,0,6.1875,1],"texture":"#0"},"east":{"uv":[5.4375,0,5.1875,1],"texture":"#0"},"south":{"uv":[6.3125,0,7.0625,1],"texture":"#0"},"west":{"uv":[5.1875,0,5.4375,1],"texture":"#0"},"up":{"uv":[5.1875,1,5.9375,1.25],"texture":"#0"},"down":{"uv":[5.1875,1.25,5.9375,1],"texture":"#0"}}},{"from":[4,8,-2],"to":[12,18,3],"faces":{"north":{"uv":[4.1875,0,5.1875,1.25],"texture":"#0"},"east":{"uv":[4.1875,0,3.5625,1.25],"texture":"#0"},"south":{"uv":[6.1875,0,7.1875,1.25],"texture":"#0"},"west":{"uv":[3.5625,0,4.1875,1.25],"texture":"#0"},"up":{"uv":[3.5625,1.25,4.5625,1.875],"texture":"#0"},"down":{"uv":[3.5625,1.875,4.5625,1.25],"texture":"#0"}}},{"from":[11.8,13,17],"to":[11.8,17,21],"rotation":{"angle":22.5,"axis":"x","origin":[5.8,17,20]},"faces":{"north":{"uv":[0,0,0,8],"texture":"#3"},"east":{"uv":[8,0,0,8],"texture":"#3"},"south":{"uv":[0,0,0,8],"texture":"#3"},"west":{"uv":[0,0,8,8],"texture":"#3"},"up":{"uv":[0,8,0,0],"texture":"#3"},"down":{"uv":[0,0,0,8],"texture":"#3"}}},{"from":[4.2,11,11],"to":[4.2,15,15],"rotation":{"angle":-22.5,"axis":"x","origin":[10.2,17,20]},"faces":{"north":{"uv":[0,0,0,8],"texture":"#3"},"east":{"uv":[8,0,0,8],"texture":"#3"},"south":{"uv":[0,0,0,8],"texture":"#3"},"west":{"uv":[0,0,8,8],"texture":"#3"},"up":{"uv":[0,8,0,0],"texture":"#3"},"down":{"uv":[0,0,0,8],"texture":"#3"}}},{"from":[3.5,12,0],"to":[3.5,19,7],"rotation":{"angle":0,"axis":"y","origin":[0,-4,0]},"faces":{"north":{"uv":[0,0,0,14],"texture":"#4"},"east":{"uv":[14,0,0,14],"texture":"#4"},"south":{"uv":[0,0,0,14],"texture":"#4"},"west":{"uv":[0,0,14,14],"texture":"#4"},"up":{"uv":[0,14,0,0],"texture":"#4"},"down":{"uv":[0,0,0,14],"texture":"#4"}}},{"from":[5,9,12],"to":[11,17,17],"rotation":{"angle":0,"axis":"y","origin":[0,0,14]},"faces":{"north":{"uv":[6.25,0.0625,7,1.0625],"texture":"#0"},"east":{"uv":[3.5625,1.875,4.1875,2.875],"texture":"#0"},"south":{"uv":[7,0.0625,6.25,1.0625],"texture":"#0"},"west":{"uv":[3.5625,1.875,4.1875,2.875],"texture":"#0"},"up":{"uv":[3.5625,2.875,4.3125,3.5],"texture":"#0"},"down":{"uv":[3.5625,2.875,4.3125,3.5],"texture":"#0"}}},{"from":[5.5,11.2,15.2],"to":[10.5,17.7,18.2],"rotation":{"angle":22.5,"axis":"x","origin":[8,13,13.5]},"faces":{"north":{"uv":[4.9375,1.75,5.5625,2.5625],"texture":"#0"},"east":{"uv":[4.5625,1.625,5.375,1.25],"rotation":270,"texture":"#0"},"south":{"uv":[4.9375,1.75,5.5625,2.5625],"texture":"#0"},"west":{"uv":[4.5625,1.25,5.375,1.625],"rotation":270,"texture":"#0"},"up":{"uv":[5.4375,1.25,6.0625,1.625],"texture":"#0"},"down":{"uv":[5.4375,1.25,6.0625,1.625],"texture":"#0"}}},{"from":[7.5,14.9,10],"to":[7.5,19.9,13],"rotation":{"angle":22.5,"axis":"x","origin":[7.9,17.5,10.5]},"faces":{"north":{"uv":[0,0,0,8],"texture":"#missing"},"east":{"uv":[2.6875,1.375,2.3125,2],"texture":"#0"},"south":{"uv":[0,0,0,8],"texture":"#missing"},"west":{"uv":[2.3125,1.375,2.6875,2],"texture":"#0"},"up":{"uv":[0,0,0,6],"texture":"#missing"},"down":{"uv":[0,0,0,6],"texture":"#missing"}}}],"gui_light":"front","display":{"thirdperson_righthand":{"translation":[0,5.5,1.25],"scale":[0.8,0.8,0.8]},"thirdperson_lefthand":{"translation":[0,5.5,1.25],"scale":[0.8,0.8,0.8]},"firstperson_righthand":{"rotation":[0,-4,0],"translation":[3.75,5,0],"scale":[0.43008,0.43008,0.43008]},"firstperson_lefthand":{"rotation":[0,-4,0],"translation":[3.75,5,0],"scale":[0.43008,0.43008,0.43008]},"ground":{"rotation":[-45,0,0],"translation":[0,9,0],"scale":[0.5,0.5,0.5]},"gui":{"rotation":[-90,-45,-90],"translation":[0,-0.5,-1.5],"scale":[0.52578,0.52578,0.52578]},"head":{"translation":[0,-13.25,0],"scale":[0,0,0]},"fixed":{"rotation":[0,-90,0],"translation":[-0.75,6.25,-3],"scale":[1.5,1.5,1.5]}}}