{"credit":"MadewithBlockbench","texture_size":[64,64],"textures":{"7":"elitecreatures:adventure_backpack_cosmetic/texture_11"},"elements":[{"from":[10.9919,3.00092,0.02279],"to":[12.6919,5.10092,1.72279],"rotation":{"angle":0,"axis":"y","origin":[11.86355,4.37447,-0.3]},"faces":{"north":{"uv":[7.75,3,8.1875,3.5],"texture":"#7"},"east":{"uv":[8.25,3,8.6875,3.5],"texture":"#7"},"south":{"uv":[8.25,7.5,8.6875,8],"texture":"#7"},"west":{"uv":[8.25,8,8.6875,8.5],"texture":"#7"},"up":{"uv":[8.9375,2.9375,8.5,2.5],"texture":"#7"},"down":{"uv":[8.1875,8.5,7.75,8.9375],"texture":"#7"}}},{"from":[11.10279,4.76439,0.22279],"to":[12.40279,5.96439,1.52279],"rotation":{"angle":0,"axis":"y","origin":[11.86355,4.37447,-0.3]},"faces":{"north":{"uv":[9.5,0,9.8125,0.3125],"texture":"#7"},"east":{"uv":[0.25,9.5,0.5625,9.8125],"texture":"#7"},"south":{"uv":[9.5,0.5,9.8125,0.8125],"texture":"#7"},"west":{"uv":[0.75,9.5,1.0625,9.8125],"texture":"#7"},"up":{"uv":[1.5625,9.8125,1.25,9.5],"texture":"#7"},"down":{"uv":[9.8125,1.5,9.5,1.8125],"texture":"#7"}}},{"from":[11.36858,4.63624,0.12279],"to":[12.86858,5.33624,1.62279],"rotation":{"angle":22.5,"axis":"z","origin":[11.86355,4.37447,-0.3]},"faces":{"north":{"uv":[8.5,9.75,8.875,9.9375],"texture":"#7"},"east":{"uv":[9.75,9.25,10.125,9.4375],"texture":"#7"},"south":{"uv":[9.5,9.75,9.875,9.9375],"texture":"#7"},"west":{"uv":[9.75,9.5,10.125,9.6875],"texture":"#7"},"up":{"uv":[9.375,1.875,9,1.5],"texture":"#7"},"down":{"uv":[9.375,2,9,2.375],"texture":"#7"}}},{"from":[11.56858,5.53624,0.52279],"to":[12.66858,6.63624,1.12279],"rotation":{"angle":22.5,"axis":"z","origin":[11.86355,4.37447,-0.3]},"faces":{"north":{"uv":[8.5,3.5,8.75,3.75],"texture":"#7"},"east":{"uv":[10.25,7,10.375,7.25],"texture":"#7"},"south":{"uv":[8.5,7.25,8.75,7.5],"texture":"#7"},"west":{"uv":[7.25,10.25,7.375,10.5],"texture":"#7"},"up":{"uv":[10.5,7.375,10.25,7.25],"texture":"#7"},"down":{"uv":[7.75,10.25,7.5,10.375],"texture":"#7"}}},{"from":[3.7,1.6,0.7],"to":[8.7,2.6,1.7],"rotation":{"angle":0,"axis":"y","origin":[0.7,0.6,-0.3]},"faces":{"north":{"uv":[7.5,1,8.75,1.25],"texture":"#7"},"east":{"uv":[10,1.5,10.25,1.75],"texture":"#7"},"south":{"uv":[7.5,1.25,8.75,1.5],"texture":"#7"},"west":{"uv":[1.75,10,2,10.25],"texture":"#7"},"up":{"uv":[8.75,1.75,7.5,1.5],"texture":"#7"},"down":{"uv":[8.75,1.75,7.5,2],"texture":"#7"}}},{"from":[3.7,11.6,0.7],"to":[8.7,12.6,1.7],"rotation":{"angle":0,"axis":"y","origin":[0.7,0.6,-0.3]},"faces":{"north":{"uv":[7.5,2,8.75,2.25],"texture":"#7"},"east":{"uv":[10,1.75,10.25,2],"texture":"#7"},"south":{"uv":[7.5,2.25,8.75,2.5],"texture":"#7"},"west":{"uv":[10,2,10.25,2.25],"texture":"#7"},"up":{"uv":[8.75,4,7.5,3.75],"texture":"#7"},"down":{"uv":[8.75,4,7.5,4.25],"texture":"#7"}}},{"from":[2.2,12.6,3.4],"to":[3,13.6,4.2],"rotation":{"angle":45,"axis":"y","origin":[0.7,0.6,-0.3]},"faces":{"north":{"uv":[8,10,8.1875,10.25],"texture":"#7"},"east":{"uv":[9,10,9.1875,10.25],"texture":"#7"},"south":{"uv":[9.25,10,9.4375,10.25],"texture":"#7"},"west":{"uv":[9.5,10,9.6875,10.25],"texture":"#7"},"up":{"uv":[6.4375,10.4375,6.25,10.25],"texture":"#7"},"down":{"uv":[10.4375,6.25,10.25,6.4375],"texture":"#7"}}},{"from":[2.2,0.6,3.4],"to":[3,1.6,4.2],"rotation":{"angle":45,"axis":"y","origin":[0.7,16.6,-0.3]},"faces":{"north":{"uv":[9.75,10,9.9375,10.25],"texture":"#7"},"east":{"uv":[10,9.75,10.1875,10],"texture":"#7"},"south":{"uv":[10,10,10.1875,10.25],"texture":"#7"},"west":{"uv":[0,10.25,0.1875,10.5],"texture":"#7"},"up":{"uv":[6.6875,10.4375,6.5,10.25],"texture":"#7"},"down":{"uv":[10.4375,6.5,10.25,6.6875],"texture":"#7"}}},{"from":[3.3,13.5,0.8],"to":[5.1,14.6,1.6],"rotation":{"angle":-22.5,"axis":"z","origin":[0.7,0.6,-0.3]},"faces":{"north":{"uv":[2.5,3.5,2.9375,3.75],"texture":"#7"},"east":{"uv":[10.25,0,10.4375,0.25],"texture":"#7"},"south":{"uv":[5.25,9.25,5.6875,9.5],"texture":"#7"},"west":{"uv":[10.25,0.25,10.4375,0.5],"texture":"#7"},"up":{"uv":[10.1875,5.9375,9.75,5.75],"texture":"#7"},"down":{"uv":[10.1875,6,9.75,6.1875],"texture":"#7"}}},{"from":[12.9,6.7,0.9],"to":[14.7,7.8,1.5],"rotation":{"angle":22.5,"axis":"z","origin":[0.7,0.6,-0.3]},"faces":{"north":{"uv":[9.25,5.5,9.6875,5.75],"texture":"#7"},"east":{"uv":[10.25,7.5,10.375,7.75],"texture":"#7"},"south":{"uv":[9.25,5.75,9.6875,6],"texture":"#7"},"west":{"uv":[7.75,10.25,7.875,10.5],"texture":"#7"},"up":{"uv":[10.4375,8.125,10,8],"texture":"#7"},"down":{"uv":[10.4375,8.25,10,8.375],"texture":"#7"}}},{"from":[8.4,-1.5,0.8],"to":[11.1,-0.4,1.6],"rotation":{"angle":22.5,"axis":"z","origin":[0.7,0.6,-0.3]},"faces":{"north":{"uv":[7.75,3.5,8.4375,3.75],"texture":"#7"},"east":{"uv":[10.25,0.5,10.4375,0.75],"texture":"#7"},"south":{"uv":[7.75,5.75,8.4375,6],"texture":"#7"},"west":{"uv":[0.75,10.25,0.9375,10.5],"texture":"#7"},"up":{"uv":[0.9375,9.4375,0.25,9.25],"texture":"#7"},"down":{"uv":[1.6875,9.25,1,9.4375],"texture":"#7"}}},{"from":[7,2.6,0.7],"to":[8,11.6,1.7],"rotation":{"angle":0,"axis":"y","origin":[1.7,0.6,-0.3]},"faces":{"north":{"uv":[5.25,6,5.5,8.25],"texture":"#7"},"east":{"uv":[5.5,6,5.75,8.25],"texture":"#7"},"south":{"uv":[5.75,6,6,8.25],"texture":"#7"},"west":{"uv":[6,6,6.25,8.25],"texture":"#7"},"up":{"uv":[10.25,2.5,10,2.25],"texture":"#7"},"down":{"uv":[2.75,10,2.5,10.25],"texture":"#7"}}},{"from":[6.5,6.5,0.9],"to":[9.7,7.1,1.6],"rotation":{"angle":0,"axis":"y","origin":[1.7,0.6,-0.3]},"faces":{"north":{"uv":[8.5,9.25,9.3125,9.375],"texture":"#7"},"east":{"uv":[10.5,3.25,10.6875,3.375],"texture":"#7"},"south":{"uv":[9.25,9,10.0625,9.125],"texture":"#7"},"west":{"uv":[10.5,3.5,10.6875,3.625],"texture":"#7"},"up":{"uv":[9.8125,1.1875,9,1],"texture":"#7"},"down":{"uv":[9.8125,1.25,9,1.4375],"texture":"#7"}}},{"from":[6.5,9.1,0.9],"to":[8.3,9.7,1.6],"rotation":{"angle":-22.5,"axis":"z","origin":[1.7,0.6,-0.3]},"faces":{"north":{"uv":[8.5,10,8.9375,10.125],"texture":"#7"},"east":{"uv":[10.5,3.75,10.6875,3.875],"texture":"#7"},"south":{"uv":[10,8.5,10.4375,8.625],"texture":"#7"},"west":{"uv":[10.5,4,10.6875,4.125],"texture":"#7"},"up":{"uv":[10.1875,6.4375,9.75,6.25],"texture":"#7"},"down":{"uv":[10.1875,6.5,9.75,6.6875],"texture":"#7"}}},{"from":[9.4,6.4,0.8],"to":[10.1,7.2,1.7],"rotation":{"angle":0,"axis":"y","origin":[1.7,0.6,-0.3]},"faces":{"north":{"uv":[10.25,6.75,10.4375,6.9375],"texture":"#7"},"east":{"uv":[10.25,0.75,10.5,0.9375],"texture":"#7"},"south":{"uv":[7,10.25,7.1875,10.4375],"texture":"#7"},"west":{"uv":[1,10.25,1.25,10.4375],"texture":"#7"},"up":{"uv":[1.4375,10.5,1.25,10.25],"texture":"#7"},"down":{"uv":[1.6875,10.25,1.5,10.5],"texture":"#7"}}},{"from":[9.5,2.6,1],"to":[10,11.6,1.4],"rotation":{"angle":0,"axis":"y","origin":[1.7,0.6,-0.3]},"faces":{"north":{"uv":[6.75,7.5,6.875,9.75],"texture":"#7"},"east":{"uv":[7.75,6.25,7.875,8.5],"texture":"#7"},"south":{"uv":[7,7.75,7.125,10],"texture":"#7"},"west":{"uv":[8,6.25,8.125,8.5],"texture":"#7"},"up":{"uv":[10.625,8.375,10.5,8.25],"texture":"#7"},"down":{"uv":[8.625,10.5,8.5,10.625],"texture":"#7"}}},{"from":[9.4,10.8,0.6],"to":[10.1,12.3,1.7],"rotation":{"angle":0,"axis":"y","origin":[1.7,0.6,-0.3]},"faces":{"north":{"uv":[10,0,10.1875,0.375],"texture":"#7"},"east":{"uv":[9.5,4.5,9.75,4.875],"texture":"#7"},"south":{"uv":[0.25,10,0.4375,10.375],"texture":"#7"},"west":{"uv":[5,9.5,5.25,9.875],"texture":"#7"},"up":{"uv":[10.4375,1.75,10.25,1.5],"texture":"#7"},"down":{"uv":[1.9375,10.25,1.75,10.5],"texture":"#7"}}},{"from":[9.4,1.8,0.6],"to":[10.1,3.3,1.7],"rotation":{"angle":0,"axis":"y","origin":[1.7,0.6,-0.3]},"faces":{"north":{"uv":[0.5,10,0.6875,10.375],"texture":"#7"},"east":{"uv":[9.5,5,9.75,5.375],"texture":"#7"},"south":{"uv":[10,0.5,10.1875,0.875],"texture":"#7"},"west":{"uv":[5.25,9.5,5.5,9.875],"texture":"#7"},"up":{"uv":[10.4375,2,10.25,1.75],"texture":"#7"},"down":{"uv":[2.1875,10.25,2,10.5],"texture":"#7"}}},{"from":[4.5,8.67612,1.01732],"to":[5.4,11.67612,1.31732],"rotation":{"angle":0,"axis":"y","origin":[0,2.67612,-0.68268]},"faces":{"north":{"uv":[8.25,8.5,8.5,9.25],"texture":"#7"},"east":{"uv":[10.25,2,10.3125,2.75],"texture":"#7"},"south":{"uv":[8.5,8.5,8.75,9.25],"texture":"#7"},"west":{"uv":[2.25,10.25,2.3125,11],"texture":"#7"},"up":{"uv":[10.75,8.5625,10.5,8.5],"texture":"#7"},"down":{"uv":[9,10.5,8.75,10.5625],"texture":"#7"}}},{"from":[3.7,10.5,1.05],"to":[4.9,11.7,1.3],"rotation":{"angle":-45,"axis":"z","origin":[4,10.67612,-0.68268]},"faces":{"north":{"uv":[9.5,2,9.8125,2.3125],"texture":"#7"},"east":{"uv":[10.5,5.25,10.5625,5.5625],"texture":"#7"},"south":{"uv":[9.5,3.5,9.8125,3.8125],"texture":"#7"},"west":{"uv":[10.5,5.75,10.5625,6.0625],"texture":"#7"},"up":{"uv":[6.5625,10.5625,6.25,10.5],"texture":"#7"},"down":{"uv":[10.8125,6.25,10.5,6.3125],"texture":"#7"}}},{"from":[4.7,9.1,1.05],"to":[5.3,10.3,1.3],"rotation":{"angle":-22.5,"axis":"z","origin":[4,10.67612,-0.68268]},"faces":{"north":{"uv":[5,10.25,5.125,10.5625],"texture":"#7"},"east":{"uv":[10.5,6.5,10.5625,6.8125],"texture":"#7"},"south":{"uv":[5.25,10.25,5.375,10.5625],"texture":"#7"},"west":{"uv":[6.75,10.5,6.8125,10.8125],"texture":"#7"},"up":{"uv":[10.625,9.8125,10.5,9.75],"texture":"#7"},"down":{"uv":[10.125,10.5,10,10.5625],"texture":"#7"}}},{"from":[4.9,5.9,1.05],"to":[5.5,7.1,1.3],"rotation":{"angle":-22.5,"axis":"z","origin":[4.2,7.67612,-0.68268]},"faces":{"north":{"uv":[5.5,10.25,5.625,10.5625],"texture":"#7"},"east":{"uv":[7,10.5,7.0625,10.8125],"texture":"#7"},"south":{"uv":[5.75,10.25,5.875,10.5625],"texture":"#7"},"west":{"uv":[10.5,7,10.5625,7.3125],"texture":"#7"},"up":{"uv":[10.625,10.0625,10.5,10],"texture":"#7"},"down":{"uv":[10.375,10.5,10.25,10.5625],"texture":"#7"}}},{"from":[4,7.6,1.05],"to":[5,8.7,1.3],"rotation":{"angle":-45,"axis":"z","origin":[4.2,7.67612,-0.68268]},"faces":{"north":{"uv":[2.75,10,3,10.25],"texture":"#7"},"east":{"uv":[10.5,8.75,10.5625,9],"texture":"#7"},"south":{"uv":[3,10,3.25,10.25],"texture":"#7"},"west":{"uv":[9,10.5,9.0625,10.75],"texture":"#7"},"up":{"uv":[10.75,9.0625,10.5,9],"texture":"#7"},"down":{"uv":[9.5,10.5,9.25,10.5625],"texture":"#7"}}},{"from":[4.7,5.67612,1.01732],"to":[5.4,8.67612,1.31732],"rotation":{"angle":0,"axis":"y","origin":[0.2,-0.32388,-0.68268]},"faces":{"north":{"uv":[2,9,2.1875,9.75],"texture":"#7"},"east":{"uv":[2.5,10.25,2.5625,11],"texture":"#7"},"south":{"uv":[9,2.5,9.1875,3.25],"texture":"#7"},"west":{"uv":[2.75,10.25,2.8125,11],"texture":"#7"},"up":{"uv":[10.6875,9.5625,10.5,9.5],"texture":"#7"},"down":{"uv":[9.9375,10.5,9.75,10.5625],"texture":"#7"}}},{"from":[4.7,3.1,1.05],"to":[5.3,4.3,1.3],"rotation":{"angle":-22.5,"axis":"z","origin":[4,4.67612,-0.68268]},"faces":{"north":{"uv":[10.25,5.75,10.375,6.0625],"texture":"#7"},"east":{"uv":[7.25,10.5,7.3125,10.8125],"texture":"#7"},"south":{"uv":[6,10.25,6.125,10.5625],"texture":"#7"},"west":{"uv":[7.5,10.5,7.5625,10.8125],"texture":"#7"},"up":{"uv":[10.625,10.3125,10.5,10.25],"texture":"#7"},"down":{"uv":[10.625,10.5,10.5,10.5625],"texture":"#7"}}},{"from":[3.7,4.5,1.05],"to":[4.9,5.7,1.3],"rotation":{"angle":-45,"axis":"z","origin":[4,4.67612,-0.68268]},"faces":{"north":{"uv":[9.5,4,9.8125,4.3125],"texture":"#7"},"east":{"uv":[10.5,7.5,10.5625,7.8125],"texture":"#7"},"south":{"uv":[4.5,9.5,4.8125,9.8125],"texture":"#7"},"west":{"uv":[7.75,10.5,7.8125,10.8125],"texture":"#7"},"up":{"uv":[8.3125,10.5625,8,10.5],"texture":"#7"},"down":{"uv":[10.8125,8,10.5,8.0625],"texture":"#7"}}},{"from":[4.5,2.67612,1.01732],"to":[5.4,5.67612,1.31732],"rotation":{"angle":0,"axis":"y","origin":[0,-3.32388,-0.68268]},"faces":{"north":{"uv":[8.75,1,9,1.75],"texture":"#7"},"east":{"uv":[10.25,2.75,10.3125,3.5],"texture":"#7"},"south":{"uv":[8.75,1.75,9,2.5],"texture":"#7"},"west":{"uv":[3,10.25,3.0625,11],"texture":"#7"},"up":{"uv":[10.75,9.3125,10.5,9.25],"texture":"#7"},"down":{"uv":[9.75,10.5,9.5,10.5625],"texture":"#7"}}},{"from":[10.4,-0.33007,5.98555],"to":[11.4,15.16993,6.98555],"rotation":{"angle":0,"axis":"y","origin":[16,1.6,4.5]},"faces":{"north":{"uv":[2.25,5.75,2.5,9.625],"texture":"#7"},"east":{"uv":[2.5,6,2.75,9.875],"texture":"#7"},"south":{"uv":[2.75,6,3,9.875],"texture":"#7"},"west":{"uv":[3,6,3.25,9.875],"texture":"#7"},"up":{"uv":[3.5,10.25,3.25,10],"texture":"#7"},"down":{"uv":[3.75,10,3.5,10.25],"texture":"#7"}}},{"from":[10.86355,11.85798,2.61535],"to":[11.96355,12.95798,3.21535],"rotation":{"angle":22.5,"axis":"x","origin":[11.66355,12.02428,1.59256]},"faces":{"north":{"uv":[5,10,5.25,10.25],"texture":"#7"},"east":{"uv":[10.25,10,10.375,10.25],"texture":"#7"},"south":{"uv":[5.25,10,5.5,10.25],"texture":"#7"},"west":{"uv":[10.25,10.25,10.375,10.5],"texture":"#7"},"up":{"uv":[0.25,10.625,0,10.5],"texture":"#7"},"down":{"uv":[10.75,0,10.5,0.125],"texture":"#7"}}},{"from":[10.86355,9.55974,2.11321],"to":[11.96355,11.15974,2.71321],"rotation":{"angle":-22.5,"axis":"x","origin":[11.66355,12.22604,1.49042]},"faces":{"north":{"uv":[9.5,9.25,9.75,9.625],"texture":"#7"},"east":{"uv":[4.25,10.25,4.375,10.625],"texture":"#7"},"south":{"uv":[2,9.75,2.25,10.125],"texture":"#7"},"west":{"uv":[4.5,10.25,4.625,10.625],"texture":"#7"},"up":{"uv":[0.75,10.625,0.5,10.5],"texture":"#7"},"down":{"uv":[10.75,0.5,10.5,0.625],"texture":"#7"}}},{"from":[10.86355,11.55168,3.0337],"to":[11.96355,12.15168,5.8337],"rotation":{"angle":-22.5,"axis":"x","origin":[11.66355,11.97447,2.1]},"faces":{"north":{"uv":[0.25,10.5,0.5,10.625],"texture":"#7"},"east":{"uv":[9.5,8.75,10.1875,8.875],"texture":"#7"},"south":{"uv":[10.5,0.25,10.75,0.375],"texture":"#7"},"west":{"uv":[9.75,5,10.4375,5.125],"texture":"#7"},"up":{"uv":[9,3.6875,8.75,3],"texture":"#7"},"down":{"uv":[9,3.75,8.75,4.4375],"texture":"#7"}}},{"from":[10.86355,8.76486,5.78696],"to":[11.96355,12.16486,6.38696],"rotation":{"angle":-22.5,"axis":"x","origin":[11.66355,12.09855,2.10975]},"faces":{"north":{"uv":[4.5,8.5,4.75,9.375],"texture":"#7"},"east":{"uv":[5.75,9.25,5.875,10.125],"texture":"#7"},"south":{"uv":[4.75,8.5,5,9.375],"texture":"#7"},"west":{"uv":[9.25,7,9.375,7.875],"texture":"#7"},"up":{"uv":[1,10.625,0.75,10.5],"texture":"#7"},"down":{"uv":[10.75,0.75,10.5,0.875],"texture":"#7"}}},{"from":[10.86355,8.16486,4.38696],"to":[11.96355,8.76486,6.38696],"rotation":{"angle":-22.5,"axis":"x","origin":[10.66355,12.09855,2.10975]},"faces":{"north":{"uv":[1,10.5,1.25,10.625],"texture":"#7"},"east":{"uv":[6,10,6.5,10.125],"texture":"#7"},"south":{"uv":[10.5,1,10.75,1.125],"texture":"#7"},"west":{"uv":[7,10,7.5,10.125],"texture":"#7"},"up":{"uv":[9.5,4,9.25,3.5],"texture":"#7"},"down":{"uv":[9.5,4,9.25,4.5],"texture":"#7"}}},{"from":[4.03645,8.16486,4.38696],"to":[5.13645,8.76486,6.38696],"rotation":{"angle":-22.5,"axis":"x","origin":[5.33645,12.09855,2.10975]},"faces":{"north":{"uv":[10.5,2.75,10.75,2.875],"texture":"#7"},"east":{"uv":[7.5,10,8,10.125],"texture":"#7"},"south":{"uv":[10.5,3,10.75,3.125],"texture":"#7"},"west":{"uv":[10,7.75,10.5,7.875],"texture":"#7"},"up":{"uv":[9.5,5,9.25,4.5],"texture":"#7"},"down":{"uv":[9.5,5,9.25,5.5],"texture":"#7"}}},{"from":[4.03645,11.55168,3.0337],"to":[5.13645,12.15168,5.8337],"rotation":{"angle":-22.5,"axis":"x","origin":[4.33645,11.97447,2.1]},"faces":{"north":{"uv":[10.5,2.25,10.75,2.375],"texture":"#7"},"east":{"uv":[9.75,5.25,10.4375,5.375],"texture":"#7"},"south":{"uv":[10.5,2.5,10.75,2.625],"texture":"#7"},"west":{"uv":[9.75,5.5,10.4375,5.625],"texture":"#7"},"up":{"uv":[9,5.1875,8.75,4.5],"texture":"#7"},"down":{"uv":[9,5.25,8.75,5.9375],"texture":"#7"}}},{"from":[4.03645,8.76486,5.78696],"to":[5.13645,12.16486,6.38696],"rotation":{"angle":-22.5,"axis":"x","origin":[4.33645,12.09855,2.10975]},"faces":{"north":{"uv":[5,8.5,5.25,9.375],"texture":"#7"},"east":{"uv":[9.25,8,9.375,8.875],"texture":"#7"},"south":{"uv":[8.5,6.25,8.75,7.125],"texture":"#7"},"west":{"uv":[8.25,9.25,8.375,10.125],"texture":"#7"},"up":{"uv":[2.25,10.625,2,10.5],"texture":"#7"},"down":{"uv":[10.75,2,10.5,2.125],"texture":"#7"}}},{"from":[4.03645,11.85798,2.61535],"to":[5.13645,12.95798,3.21535],"rotation":{"angle":22.5,"axis":"x","origin":[4.33645,12.02428,1.59256]},"faces":{"north":{"uv":[5.5,10,5.75,10.25],"texture":"#7"},"east":{"uv":[1.5,10.5,1.625,10.75],"texture":"#7"},"south":{"uv":[6.5,10,6.75,10.25],"texture":"#7"},"west":{"uv":[10.5,1.5,10.625,1.75],"texture":"#7"},"up":{"uv":[2,10.625,1.75,10.5],"texture":"#7"},"down":{"uv":[10.75,1.75,10.5,1.875],"texture":"#7"}}},{"from":[4.03645,9.55974,2.11321],"to":[5.13645,11.15974,2.71321],"rotation":{"angle":-22.5,"axis":"x","origin":[4.33645,12.22604,1.49042]},"faces":{"north":{"uv":[2.25,9.75,2.5,10.125],"texture":"#7"},"east":{"uv":[10.25,4.5,10.375,4.875],"texture":"#7"},"south":{"uv":[9.75,4.5,10,4.875],"texture":"#7"},"west":{"uv":[4.75,10.25,4.875,10.625],"texture":"#7"},"up":{"uv":[1.5,10.625,1.25,10.5],"texture":"#7"},"down":{"uv":[10.75,1.25,10.5,1.375],"texture":"#7"}}},{"from":[3.4,7.16993,2.88555],"to":[12.6,10.16993,5.88555],"rotation":{"angle":0,"axis":"y","origin":[16,1.6,4.5]},"faces":{"north":{"uv":[2.5,4.5,4.8125,5.25],"texture":"#7"},"east":{"uv":[6.25,6,7,6.75],"texture":"#7"},"south":{"uv":[0,5,2.3125,5.75],"texture":"#7"},"west":{"uv":[0,6.5,0.75,7.25],"texture":"#7"},"up":{"uv":[7.3125,4.5,5,3.75],"texture":"#7"},"down":{"uv":[7.3125,4.5,5,5.25],"texture":"#7"}}},{"from":[3.5,1.26993,4.58555],"to":[12.5,4.26993,7.58555],"rotation":{"angle":-45,"axis":"x","origin":[16,1.6,4.5]},"faces":{"north":{"uv":[2.5,5.25,4.75,6],"texture":"#7"},"east":{"uv":[6.25,6.75,7,7.5],"texture":"#7"},"south":{"uv":[4.75,5.25,7,6],"texture":"#7"},"west":{"uv":[7,5.25,7.75,6],"texture":"#7"},"up":{"uv":[7.75,3.75,5.5,3],"texture":"#7"},"down":{"uv":[2.25,5.75,0,6.5],"texture":"#7"}}},{"from":[3.3,4.26993,4.38555],"to":[12.8,7.26993,7.38555],"rotation":{"angle":-22.5,"axis":"x","origin":[0,1.6,4.5]},"faces":{"north":{"uv":[3,3,5.375,3.75],"texture":"#7"},"east":{"uv":[6.75,1,7.5,1.75],"texture":"#7"},"south":{"uv":[0,3.5,2.375,4.25],"texture":"#7"},"west":{"uv":[6.75,1.75,7.5,2.5],"texture":"#7"},"up":{"uv":[4.875,4.5,2.5,3.75],"texture":"#7"},"down":{"uv":[2.375,4.25,0,5],"texture":"#7"}}},{"from":[10,11.335,10.06936],"to":[11.8,12.035,11.66936],"rotation":{"angle":-22.5,"axis":"x","origin":[16,1.6,4.5]},"faces":{"north":{"uv":[9.75,6.75,10.1875,6.9375],"texture":"#7"},"east":{"uv":[0.75,10,1.125,10.1875],"texture":"#7"},"south":{"uv":[9.75,7,10.1875,7.1875],"texture":"#7"},"west":{"uv":[10,1,10.375,1.1875],"texture":"#7"},"up":{"uv":[9.1875,6.625,8.75,6.25],"texture":"#7"},"down":{"uv":[9.1875,6.75,8.75,7.125],"texture":"#7"}}},{"from":[2,12.4,1.88555],"to":[14,13.4,2.88555],"rotation":{"angle":22.5,"axis":"x","origin":[0,1.6,4.5]},"faces":{"north":{"uv":[6,0,9,0.25],"texture":"#7"},"east":{"uv":[10,3.5,10.25,3.75],"texture":"#7"},"south":{"uv":[6,0.25,9,0.5],"texture":"#7"},"west":{"uv":[3.75,10,4,10.25],"texture":"#7"},"up":{"uv":[9,0.75,6,0.5],"texture":"#7"},"down":{"uv":[9,0.75,6,1],"texture":"#7"}}},{"from":[4.6,-0.33007,5.98555],"to":[5.6,15.16993,6.98555],"rotation":{"angle":0,"axis":"y","origin":[0,1.6,4.5]},"faces":{"north":{"uv":[3.25,6,3.5,9.875],"texture":"#7"},"east":{"uv":[3.5,6,3.75,9.875],"texture":"#7"},"south":{"uv":[3.75,6,4,9.875],"texture":"#7"},"west":{"uv":[4,6,4.25,9.875],"texture":"#7"},"up":{"uv":[10.25,4,10,3.75],"texture":"#7"},"down":{"uv":[4.25,10,4,10.25],"texture":"#7"}}},{"from":[10.5,0.31445,0.96993],"to":[11.5,1.31445,7.76993],"rotation":{"angle":0,"axis":"y","origin":[16,1.6,4.5]},"faces":{"north":{"uv":[10,4,10.25,4.25],"texture":"#7"},"east":{"uv":[6.75,2.5,8.4375,2.75],"texture":"#7"},"south":{"uv":[10,4.25,10.25,4.5],"texture":"#7"},"west":{"uv":[6.75,2.75,8.4375,3],"texture":"#7"},"up":{"uv":[7.25,7.6875,7,6],"texture":"#7"},"down":{"uv":[0.25,7.25,0,8.9375],"texture":"#7"}}},{"from":[4.5,0.31445,0.96993],"to":[5.5,1.31445,7.76993],"rotation":{"angle":0,"axis":"y","origin":[0,1.6,4.5]},"faces":{"north":{"uv":[4.75,10,5,10.25],"texture":"#7"},"east":{"uv":[0.25,7.25,1.9375,7.5],"texture":"#7"},"south":{"uv":[10,4.75,10.25,5],"texture":"#7"},"west":{"uv":[7.25,6,8.9375,6.25],"texture":"#7"},"up":{"uv":[2.25,8.9375,2,7.25],"texture":"#7"},"down":{"uv":[7.5,6.25,7.25,7.9375],"texture":"#7"}}},{"from":[9.9,0.11445,1.26993],"to":[11.6,1.61445,2.16993],"rotation":{"angle":0,"axis":"y","origin":[16,1.6,4.5]},"faces":{"north":{"uv":[8.75,7.25,9.1875,7.625],"texture":"#7"},"east":{"uv":[9.5,7,9.75,7.375],"texture":"#7"},"south":{"uv":[8.75,7.75,9.1875,8.125],"texture":"#7"},"west":{"uv":[7.25,9.5,7.5,9.875],"texture":"#7"},"up":{"uv":[9.6875,6.25,9.25,6],"texture":"#7"},"down":{"uv":[9.6875,6.25,9.25,6.5],"texture":"#7"}}},{"from":[4.4,0.11445,1.26993],"to":[6.1,1.61445,2.16993],"rotation":{"angle":0,"axis":"y","origin":[0,1.6,4.5]},"faces":{"north":{"uv":[9,0,9.4375,0.375],"texture":"#7"},"east":{"uv":[9,9.5,9.25,9.875],"texture":"#7"},"south":{"uv":[9,0.5,9.4375,0.875],"texture":"#7"},"west":{"uv":[9.25,9.5,9.5,9.875],"texture":"#7"},"up":{"uv":[9.6875,6.75,9.25,6.5],"texture":"#7"},"down":{"uv":[9.6875,6.75,9.25,7],"texture":"#7"}}},{"from":[2,8.835,6.96936],"to":[14,11.835,9.96936],"rotation":{"angle":-22.5,"axis":"x","origin":[16,1.6,4.5]},"faces":{"north":{"uv":[3,0,6,0.75],"texture":"#7"},"east":{"uv":[0.75,6.5,1.5,7.25],"texture":"#7"},"south":{"uv":[3,0.75,6,1.5],"texture":"#7"},"west":{"uv":[1.5,6.5,2.25,7.25],"texture":"#7"},"up":{"uv":[6,2.25,3,1.5],"texture":"#7"},"down":{"uv":[6,2.25,3,3],"texture":"#7"}}},{"from":[2.4,5.635,5.66936],"to":[3.2,12.635,11.56936],"rotation":{"angle":-22.5,"axis":"x","origin":[16,1.8,4.2]},"faces":{"north":{"uv":[0.25,7.5,0.4375,9.25],"texture":"#7"},"east":{"uv":[0,0,1.5,1.75],"texture":"#7"},"south":{"uv":[0.5,7.5,0.6875,9.25],"texture":"#7"},"west":{"uv":[1.5,0,3,1.75],"texture":"#7"},"up":{"uv":[7.9375,5.75,7.75,4.25],"texture":"#7"},"down":{"uv":[8.1875,4.25,8,5.75],"texture":"#7"}}},{"from":[2.2,6.835,2.16936],"to":[2.9,13.835,8.06936],"rotation":{"angle":0,"axis":"y","origin":[0,1.8,4.2]},"faces":{"north":{"uv":[1.4375,7.5,1.25,9.25],"texture":"#7"},"east":{"uv":[3,1.75,1.5,3.5],"texture":"#7"},"south":{"uv":[1.6875,7.5,1.5,9.25],"texture":"#7"},"west":{"uv":[1.5,1.75,0,3.5],"texture":"#7"},"up":{"uv":[7.25,9.5,7.4375,8],"texture":"#7"},"down":{"uv":[8.25,4.25,8.4375,5.75],"texture":"#7"}}},{"from":[1.9,-3.665,5.36936],"to":[2.5,1.435,6.16936],"rotation":{"angle":-22.5,"axis":"x","origin":[20.2,1.6,4.5]},"faces":{"north":{"uv":[7.5,8.75,7.625,10],"texture":"#7"},"east":{"uv":[6,8.25,6.1875,9.5],"texture":"#7"},"south":{"uv":[0,9,0.125,10.25],"texture":"#7"},"west":{"uv":[8.25,6.25,8.4375,7.5],"texture":"#7"},"up":{"uv":[10.625,4.4375,10.5,4.25],"texture":"#7"},"down":{"uv":[10.625,4.5,10.5,4.6875],"texture":"#7"}}},{"from":[2,-2.665,3.76936],"to":[2.4,-1.565,5.36936],"rotation":{"angle":-22.5,"axis":"x","origin":[20.2,1.6,4.5]},"faces":{"north":{"uv":[10.25,9.75,10.375,10],"texture":"#7"},"east":{"uv":[8.5,9.5,8.875,9.75],"texture":"#7"},"south":{"uv":[10,10.25,10.125,10.5],"texture":"#7"},"west":{"uv":[9.5,8.5,9.875,8.75],"texture":"#7"},"up":{"uv":[4.125,10.625,4,10.25],"texture":"#7"},"down":{"uv":[10.375,4,10.25,4.375],"texture":"#7"}}},{"from":[1.9,-3.565,2.46936],"to":[2.5,0.535,5.06936],"rotation":{"angle":-22.5,"axis":"x","origin":[20.2,1.6,4.5]},"faces":{"north":{"uv":[7.75,9,7.875,10],"texture":"#7"},"east":{"uv":[6,1,6.625,2],"texture":"#7"},"south":{"uv":[8,9,8.125,10],"texture":"#7"},"west":{"uv":[6,2,6.625,3],"texture":"#7"},"up":{"uv":[6.875,10.375,6.75,9.75],"texture":"#7"},"down":{"uv":[9.875,7.75,9.75,8.375],"texture":"#7"}}},{"from":[1.7,-3.165,5.26936],"to":[2.7,-0.965,6.26936],"rotation":{"angle":-22.5,"axis":"x","origin":[20.2,1.6,4.5]},"faces":{"north":{"uv":[9,3.25,9.25,3.8125],"texture":"#7"},"east":{"uv":[9,4,9.25,4.5625],"texture":"#7"},"south":{"uv":[9,4.75,9.25,5.3125],"texture":"#7"},"west":{"uv":[9,5.5,9.25,6.0625],"texture":"#7"},"up":{"uv":[4.75,10.25,4.5,10],"texture":"#7"},"down":{"uv":[10.25,4.5,10,4.75],"texture":"#7"}}},{"from":[1.9,1.78025,5.36632],"to":[2.5,8.88025,6.16632],"rotation":{"angle":0,"axis":"y","origin":[20.2,1.44525,4.49697]},"faces":{"north":{"uv":[4.25,8.5,4.375,10.25],"texture":"#7"},"east":{"uv":[0.75,7.5,0.9375,9.25],"texture":"#7"},"south":{"uv":[8.5,4.25,8.625,6],"texture":"#7"},"west":{"uv":[1,7.5,1.1875,9.25],"texture":"#7"},"up":{"uv":[10.625,4.9375,10.5,4.75],"texture":"#7"},"down":{"uv":[10.625,5,10.5,5.1875],"texture":"#7"}}},{"from":[10,11.735,6.06936],"to":[10.9,12.335,10.06936],"rotation":{"angle":-22.5,"axis":"x","origin":[16,1.9,5.3]},"faces":{"north":{"uv":[8,10.25,8.25,10.375],"texture":"#7"},"east":{"uv":[9.25,2.5,10.25,2.625],"texture":"#7"},"south":{"uv":[8.25,10.25,8.5,10.375],"texture":"#7"},"west":{"uv":[9.25,2.75,10.25,2.875],"texture":"#7"},"up":{"uv":[7.75,5.25,7.5,4.25],"texture":"#7"},"down":{"uv":[5.5,8.25,5.25,9.25],"texture":"#7"}}},{"from":[10,6.22633,2.30641],"to":[10.9,7.62633,2.90641],"rotation":{"angle":22.5,"axis":"x","origin":[16,10.45698,12.74141]},"faces":{"north":{"uv":[5.5,9.5,5.75,9.875],"texture":"#7"},"east":{"uv":[3.25,10.25,3.375,10.625],"texture":"#7"},"south":{"uv":[6,9.5,6.25,9.875],"texture":"#7"},"west":{"uv":[3.5,10.25,3.625,10.625],"texture":"#7"},"up":{"uv":[8.75,10.375,8.5,10.25],"texture":"#7"},"down":{"uv":[9,10.25,8.75,10.375],"texture":"#7"}}},{"from":[10,1.14167,1.48173],"to":[10.9,10.54167,2.08173],"rotation":{"angle":0,"axis":"y","origin":[16,14.77232,11.91673]},"faces":{"north":{"uv":[4.25,6,4.5,8.375],"texture":"#7"},"east":{"uv":[1.75,7.5,1.875,9.875],"texture":"#7"},"south":{"uv":[4.5,6,4.75,8.375],"texture":"#7"},"west":{"uv":[6.25,7.5,6.375,9.875],"texture":"#7"},"up":{"uv":[10.5,8.875,10.25,8.75],"texture":"#7"},"down":{"uv":[9.25,10.25,9,10.375],"texture":"#7"}}},{"from":[5.1,11.735,6.06936],"to":[6,12.335,10.06936],"rotation":{"angle":-22.5,"axis":"x","origin":[0,1.9,5.3]},"faces":{"north":{"uv":[10.25,9.5,10.5,9.625],"texture":"#7"},"east":{"uv":[9.25,3,10.25,3.125],"texture":"#7"},"south":{"uv":[9.75,10.25,10,10.375],"texture":"#7"},"west":{"uv":[9.25,3.25,10.25,3.375],"texture":"#7"},"up":{"uv":[5.75,9.25,5.5,8.25],"texture":"#7"},"down":{"uv":[6,8.25,5.75,9.25],"texture":"#7"}}},{"from":[5.1,6.22633,2.30641],"to":[6,7.62633,2.90641],"rotation":{"angle":22.5,"axis":"x","origin":[0,10.45698,12.74141]},"faces":{"north":{"uv":[9.5,7.5,9.75,7.875],"texture":"#7"},"east":{"uv":[10.25,3.5,10.375,3.875],"texture":"#7"},"south":{"uv":[9.5,8,9.75,8.375],"texture":"#7"},"west":{"uv":[3.75,10.25,3.875,10.625],"texture":"#7"},"up":{"uv":[10.5,9.375,10.25,9.25],"texture":"#7"},"down":{"uv":[9.75,10.25,9.5,10.375],"texture":"#7"}}},{"from":[4.2,11.335,10.06936],"to":[6,12.035,11.66936],"rotation":{"angle":-22.5,"axis":"x","origin":[0,1.6,4.5]},"faces":{"north":{"uv":[9.75,7.25,10.1875,7.4375],"texture":"#7"},"east":{"uv":[1.25,10,1.625,10.1875],"texture":"#7"},"south":{"uv":[9.75,7.5,10.1875,7.6875],"texture":"#7"},"west":{"uv":[10,1.25,10.375,1.4375],"texture":"#7"},"up":{"uv":[9.1875,8.625,8.75,8.25],"texture":"#7"},"down":{"uv":[9.1875,8.75,8.75,9.125],"texture":"#7"}}},{"from":[2,2.5,1.88555],"to":[14,3.5,2.88555],"rotation":{"angle":22.5,"axis":"x","origin":[0,-8.3,4.5]},"faces":{"north":{"uv":[6,0,9,0.25],"texture":"#7"},"east":{"uv":[10,3.5,10.25,3.75],"texture":"#7"},"south":{"uv":[6,0.25,9,0.5],"texture":"#7"},"west":{"uv":[3.75,10,4,10.25],"texture":"#7"},"up":{"uv":[9,0.75,6,0.5],"texture":"#7"},"down":{"uv":[9,0.75,6,1],"texture":"#7"}}},{"from":[10,1.435,10.06936],"to":[11.8,2.135,11.66936],"rotation":{"angle":-22.5,"axis":"x","origin":[16,-8.3,4.5]},"faces":{"north":{"uv":[9.75,6.75,10.1875,6.9375],"texture":"#7"},"east":{"uv":[0.75,10,1.125,10.1875],"texture":"#7"},"south":{"uv":[9.75,7,10.1875,7.1875],"texture":"#7"},"west":{"uv":[10,1,10.375,1.1875],"texture":"#7"},"up":{"uv":[9.1875,6.625,8.75,6.25],"texture":"#7"},"down":{"uv":[9.1875,6.75,8.75,7.125],"texture":"#7"}}},{"from":[4.2,1.435,10.06936],"to":[6,2.135,11.66936],"rotation":{"angle":-22.5,"axis":"x","origin":[0,-8.3,4.5]},"faces":{"north":{"uv":[9.75,7.25,10.1875,7.4375],"texture":"#7"},"east":{"uv":[1.25,10,1.625,10.1875],"texture":"#7"},"south":{"uv":[9.75,7.5,10.1875,7.6875],"texture":"#7"},"west":{"uv":[10,1.25,10.375,1.4375],"texture":"#7"},"up":{"uv":[9.1875,8.625,8.75,8.25],"texture":"#7"},"down":{"uv":[9.1875,8.75,8.75,9.125],"texture":"#7"}}},{"from":[5.1,1.14167,1.48173],"to":[6,10.54167,2.08173],"rotation":{"angle":0,"axis":"y","origin":[0,14.77232,11.91673]},"faces":{"north":{"uv":[4.75,6,5,8.375],"texture":"#7"},"east":{"uv":[7.5,6.25,7.625,8.625],"texture":"#7"},"south":{"uv":[5,6,5.25,8.375],"texture":"#7"},"west":{"uv":[6.5,7.5,6.625,9.875],"texture":"#7"},"up":{"uv":[10.5,9.125,10.25,9],"texture":"#7"},"down":{"uv":[9.5,10.25,9.25,10.375],"texture":"#7"}}}],"gui_light":"front","display":{"thirdperson_righthand":{"rotation":[57,0,0],"translation":[0,-0.75,0.75],"scale":[0.46485,0.46485,0.46485]},"thirdperson_lefthand":{"rotation":[68.03,180,0],"translation":[-6,-3.75,7.5],"scale":[1.28203,1.28203,1.28203]},"firstperson_lefthand":{"scale":[0,0,0]},"ground":{"translation":[0,4.5,0.75],"scale":[0.66797,0.66797,0.66797]},"gui":{"translation":[0,0.5,0],"scale":[0.95703,0.95703,0.95703]},"head":{"rotation":[0,180,0],"translation":[0,-51.5,1.5],"scale":[2,2,2]},"fixed":{"rotation":[-90,180,0],"translation":[-0.25,-8.75,-19.75],"scale":[2.5,2.5,2.5]}}}