{"credit":"magic_store_official","texture_size":[64,64],"textures":{"0":"magic_store:furnitures/medieval_fullpack_3/medieval_plant_wooden_table_1","particle":"magic_store:furnitures/medieval_fullpack_3/medieval_plant_wooden_table_1"},"elements":[{"from":[4,0,4],"to":[12,7,12],"faces":{"north":{"uv":[10.5,10.75,12.5,12.75],"texture":"#0"},"east":{"uv":[10.5,10.75,12.5,12.75],"texture":"#0"},"south":{"uv":[10.5,10.75,12.5,12.75],"texture":"#0"},"west":{"uv":[10.5,10.75,12.5,12.75],"texture":"#0"},"up":{"uv":[0,0,8,8],"texture":"#0"},"down":{"uv":[10.5,8.75,12.5,10.75],"texture":"#0"}}},{"from":[3.5,7,3.5],"to":[12.5,9,12.5],"faces":{"north":{"uv":[10.25,12.75,12.5,13.25],"texture":"#0"},"east":{"uv":[10.25,12.75,12.5,13.25],"texture":"#0"},"south":{"uv":[10.25,12.75,12.5,13.25],"texture":"#0"},"west":{"uv":[10.25,12.75,12.5,13.25],"texture":"#0"},"up":{"uv":[10.25,13.25,12.5,15.5],"texture":"#0"},"down":{"uv":[10.25,13.25,12.5,15.5],"texture":"#0"}}},{"from":[3.9,1,3.9],"to":[12.1,3,12.1],"faces":{"north":{"uv":[8,15.5,10,16],"texture":"#0","tintindex":0},"east":{"uv":[8,15.5,10,16],"texture":"#0","tintindex":0},"south":{"uv":[8,15.5,10,16],"texture":"#0","tintindex":0},"west":{"uv":[8,15.5,10,16],"texture":"#0","tintindex":0}}},{"from":[7,9,7],"to":[9,19,9],"faces":{"north":{"uv":[11.5,0.5,14,1],"rotation":90,"texture":"#0"},"east":{"uv":[11.5,0.5,14,1],"rotation":90,"texture":"#0"},"south":{"uv":[11.5,0.5,14,1],"rotation":90,"texture":"#0"},"west":{"uv":[11.5,0.5,14,1],"rotation":90,"texture":"#0"},"up":{"uv":[14.5,0.5,14,1],"texture":"#0"},"down":{"uv":[14.5,0.5,14,1],"texture":"#0"}}},{"from":[-1,14,7],"to":[7,16,9],"faces":{"north":{"uv":[14,0.5,16,1],"texture":"#0"},"east":{"uv":[14.5,0.5,14,1],"texture":"#0"},"south":{"uv":[16,0.5,14,1],"texture":"#0"},"west":{"uv":[14.5,0.5,14,1],"texture":"#0"},"up":{"uv":[16,0.5,14,0.75],"texture":"#0"},"down":{"uv":[16,0.75,14,1],"texture":"#0"}}},{"from":[9,14,7],"to":[17,16,9],"rotation":{"angle":22.5,"axis":"y","origin":[8,15,8]},"faces":{"north":{"uv":[14,0.5,16,1],"texture":"#0"},"east":{"uv":[14.5,0.5,14,1],"texture":"#0"},"south":{"uv":[16,0.5,14,1],"texture":"#0"},"west":{"uv":[14.5,0.5,14,1],"texture":"#0"},"up":{"uv":[16,0.5,14,0.75],"texture":"#0"},"down":{"uv":[16,0.75,14,1],"texture":"#0"}}},{"from":[3,17,3],"to":[13,26,13],"faces":{"north":{"uv":[3.5,2,6,4.25],"texture":"#0"},"east":{"uv":[3.5,2,6,4.25],"texture":"#0"},"south":{"uv":[3.5,2,6,4.25],"texture":"#0"},"west":{"uv":[3.5,2,6,4.25],"texture":"#0"},"up":{"uv":[5.5,4.25,8,6.75],"texture":"#0"},"down":{"uv":[5.5,4.25,8,6.75],"texture":"#0"}}},{"from":[14,15,6],"to":[19,19,11],"rotation":{"angle":22.5,"axis":"y","origin":[8,15,8]},"faces":{"north":{"uv":[12,1,13.25,2],"texture":"#0"},"east":{"uv":[12,1,13.25,2],"texture":"#0"},"south":{"uv":[12,1,13.25,2],"texture":"#0"},"west":{"uv":[12,1,13.25,2],"texture":"#0"},"up":{"uv":[12,2,13.25,3.25],"texture":"#0"},"down":{"uv":[12,2,13.25,3.25],"texture":"#0"}}},{"from":[11.46194,14,5.19134],"to":[20.46194,20,5.19134],"rotation":{"angle":-22.5,"axis":"y","origin":[15.96194,17,5.19134]},"faces":{"north":{"uv":[3.5,0.5,5.75,2],"texture":"#0"},"south":{"uv":[3.5,0.5,5.75,2],"texture":"#0"}}},{"from":[15.96194,14,0.69134],"to":[15.96194,20,9.69134],"rotation":{"angle":-22.5,"axis":"y","origin":[15.96194,17,5.19134]},"faces":{"east":{"uv":[3.5,0.5,5.75,2],"texture":"#0"},"west":{"uv":[3.5,0.5,5.75,2],"texture":"#0"}}},{"from":[-3.46222,15,5.72422],"to":[1.53778,19,10.72422],"rotation":{"angle":0,"axis":"y","origin":[-0.99687,17,8.20024]},"faces":{"north":{"uv":[12,1,13.25,2],"texture":"#0"},"east":{"uv":[12,1,13.25,2],"texture":"#0"},"south":{"uv":[12,1,13.25,2],"texture":"#0"},"west":{"uv":[12,1,13.25,2],"texture":"#0"},"up":{"uv":[12,2,13.25,3.25],"texture":"#0"},"down":{"uv":[12,2,13.25,3.25],"texture":"#0"}}},{"from":[-5.53833,14,8.20778],"to":[3.46167,20,8.20778],"rotation":{"angle":-45,"axis":"y","origin":[-0.99687,17,8.20024]},"faces":{"north":{"uv":[3.5,0.5,5.75,2],"texture":"#0"},"south":{"uv":[3.5,0.5,5.75,2],"texture":"#0"}}},{"from":[-1.03833,14,3.70778],"to":[-1.03833,20,12.70778],"rotation":{"angle":-45,"axis":"y","origin":[-0.99687,17,8.20024]},"faces":{"east":{"uv":[3.5,0.5,5.75,2],"texture":"#0"},"west":{"uv":[3.5,0.5,5.75,2],"texture":"#0"}}},{"from":[-1,15,8],"to":[16,28,8],"rotation":{"angle":-45,"axis":"y","origin":[8,25,8]},"faces":{"north":{"uv":[0,12.75,4.25,16],"texture":"#0"},"south":{"uv":[4.25,12.75,0,16],"texture":"#0"}}},{"from":[-1,15,8],"to":[16,28,8],"rotation":{"angle":45,"axis":"y","origin":[8,25,8]},"faces":{"north":{"uv":[4.25,12.75,0,16],"texture":"#0"},"south":{"uv":[0,12.75,4.25,16],"texture":"#0"}}}],"display":{"thirdperson_righthand":{"scale":[0.4,0.4,0.4]},"thirdperson_lefthand":{"scale":[0.4,0.4,0.4]},"firstperson_righthand":{"rotation":[0,15.25,0],"translation":[2.25,2.75,0],"scale":[0.7,0.7,0.7]},"firstperson_lefthand":{"rotation":[0,15.25,0],"translation":[2.25,2.75,0],"scale":[0.7,0.7,0.7]},"ground":{"scale":[0.5,0.5,0.5]},"gui":{"rotation":[30,35,0],"translation":[0,-2.25,0],"scale":[0.55,0.55,0.55]},"head":{"translation":[0,-30.5,0],"scale":[1.6,1.6,1.6]},"fixed":{"rotation":[-90,0,0],"translation":[0,0,-16],"scale":[2,2,2]}}}