{"credit":"magic_store_official","texture_size":[64,64],"textures":{"0":"magic_store:furnitures/medieval_fullpack_3/medieval_plant_wooden_table_1","particle":"magic_store:furnitures/medieval_fullpack_3/medieval_plant_wooden_table_1"},"elements":[{"from":[4,0,4],"to":[12,7,12],"faces":{"north":{"uv":[10.5,10.75,12.5,12.75],"texture":"#0"},"east":{"uv":[10.5,10.75,12.5,12.75],"texture":"#0"},"south":{"uv":[10.5,10.75,12.5,12.75],"texture":"#0"},"west":{"uv":[10.5,10.75,12.5,12.75],"texture":"#0"},"up":{"uv":[0,0,8,8],"texture":"#0"},"down":{"uv":[10.5,8.75,12.5,10.75],"texture":"#0"}}},{"from":[3.5,7,3.5],"to":[12.5,9,12.5],"faces":{"north":{"uv":[10.25,12.75,12.5,13.25],"texture":"#0"},"east":{"uv":[10.25,12.75,12.5,13.25],"texture":"#0"},"south":{"uv":[10.25,12.75,12.5,13.25],"texture":"#0"},"west":{"uv":[10.25,12.75,12.5,13.25],"texture":"#0"},"up":{"uv":[10.25,13.25,12.5,15.5],"texture":"#0"},"down":{"uv":[10.25,13.25,12.5,15.5],"texture":"#0"}}},{"from":[3.9,1,3.9],"to":[12.1,3,12.1],"faces":{"north":{"uv":[8,15.5,10,16],"texture":"#0","tintindex":0},"east":{"uv":[8,15.5,10,16],"texture":"#0","tintindex":0},"south":{"uv":[8,15.5,10,16],"texture":"#0","tintindex":0},"west":{"uv":[8,15.5,10,16],"texture":"#0","tintindex":0}}},{"from":[6,9,3],"to":[6,22,10],"rotation":{"angle":45,"axis":"y","origin":[6,15.5,6.5]},"faces":{"east":{"uv":[1.75,9.5,0,12.75],"texture":"#0"},"west":{"uv":[0,9.5,1.75,12.75],"texture":"#0"}}},{"from":[8.53553,9,8.53553],"to":[8.53553,17,11.53553],"rotation":{"angle":45,"axis":"y","origin":[8.53553,13,10.03553]},"faces":{"east":{"uv":[1.25,9.25,0.5,11.25],"texture":"#0"},"west":{"uv":[0.5,9.25,1.25,11.25],"texture":"#0"}}},{"from":[7.03553,9,10.03553],"to":[10.03553,17,10.03553],"rotation":{"angle":22.5,"axis":"y","origin":[8.53553,13,10.03553]},"faces":{"north":{"uv":[1.25,9.25,0.5,11.25],"texture":"#0"},"south":{"uv":[0.5,9.25,1.25,11.25],"texture":"#0"}}},{"from":[2.5,9,6.5],"to":[9.5,22,6.5],"rotation":{"angle":22.5,"axis":"y","origin":[6,15.5,6.5]},"faces":{"north":{"uv":[1.75,9.5,0,12.75],"texture":"#0"},"south":{"uv":[0,9.5,1.75,12.75],"texture":"#0"}}}],"display":{"thirdperson_righthand":{"scale":[0.4,0.4,0.4]},"thirdperson_lefthand":{"scale":[0.4,0.4,0.4]},"firstperson_righthand":{"rotation":[0,15.25,0],"translation":[2.25,2.75,0],"scale":[0.7,0.7,0.7]},"firstperson_lefthand":{"rotation":[0,15.25,0],"translation":[2.25,2.75,0],"scale":[0.7,0.7,0.7]},"ground":{"scale":[0.5,0.5,0.5]},"gui":{"rotation":[30,35,0],"translation":[0,-1.5,0],"scale":[0.6,0.6,0.6]},"head":{"translation":[0,-30.5,0],"scale":[1.6,1.6,1.6]},"fixed":{"rotation":[-90,0,0],"translation":[0,0,-16],"scale":[2,2,2]}}}