{"credit":"magic_store_official","textures":{"0":"magic_store:furnitures/medieval_fullpack_3/medieval_plant_trees","particle":"magic_store:furnitures/medieval_fullpack_3/medieval_plant_trees"},"elements":[{"from":[0,0,8],"to":[16,16,8],"rotation":{"angle":-45,"axis":"y","origin":[8,0,8]},"faces":{"north":{"uv":[5.1875,1.125,6.1875,2.125],"texture":"#0"},"east":{"uv":[0,0,0,16],"texture":"#missing"},"south":{"uv":[6.1875,1.125,5.1875,2.125],"texture":"#0"},"west":{"uv":[0,0,0,16],"texture":"#missing"},"up":{"uv":[0,0,0,16],"rotation":270,"texture":"#missing"},"down":{"uv":[0,0,0,16],"rotation":90,"texture":"#missing"}}},{"from":[0,0,8],"to":[16,16,8],"rotation":{"angle":45,"axis":"y","origin":[8,0,8]},"faces":{"north":{"uv":[5.1875,1.125,6.1875,2.125],"texture":"#0"},"east":{"uv":[0,0,0,16],"texture":"#missing"},"south":{"uv":[6.1875,1.125,5.1875,2.125],"texture":"#0"},"west":{"uv":[0,0,0,16],"texture":"#missing"},"up":{"uv":[0,0,0,16],"rotation":270,"texture":"#missing"},"down":{"uv":[0,0,0,16],"rotation":90,"texture":"#missing"}}}],"display":{"thirdperson_righthand":{"scale":[0.4,0.4,0.4]},"thirdperson_lefthand":{"scale":[0.4,0.4,0.4]},"firstperson_righthand":{"rotation":[0,15.25,0],"translation":[2.25,2.75,0],"scale":[0.7,0.7,0.7]},"firstperson_lefthand":{"rotation":[0,15.25,0],"translation":[2.25,2.75,0],"scale":[0.7,0.7,0.7]},"ground":{"scale":[0.5,0.5,0.5]},"gui":{"rotation":[30,35,0],"translation":[0,-1.25,0],"scale":[0.6,0.6,0.6]},"head":{"translation":[0,-30.5,0],"scale":[1.6,1.6,1.6]},"fixed":{"rotation":[90,0,0],"translation":[0,0,-16],"scale":[2,2,2]}}}