{"credit":"magic_store_official","texture_size":[64,64],"textures":{"0":"magic_store:furnitures/medieval_fullpack_3/medieval_plant_wooden_table_1","particle":"magic_store:furnitures/medieval_fullpack_3/medieval_plant_wooden_table_1"},"elements":[{"from":[2,14,2],"to":[14,16,14],"faces":{"north":{"uv":[5,5,5.5,8],"rotation":90,"texture":"#0"},"east":{"uv":[5,5,5.5,8],"rotation":90,"texture":"#0"},"south":{"uv":[5,5,5.5,8],"rotation":90,"texture":"#0"},"west":{"uv":[5,5,5.5,8],"rotation":90,"texture":"#0"},"up":{"uv":[3,3,0,0],"texture":"#0"},"down":{"uv":[3,3,0,6],"texture":"#0"}}},{"from":[9.5,2,7],"to":[11.5,14,9],"rotation":{"angle":0,"axis":"y","origin":[8,4.5,8]},"faces":{"north":{"uv":[4.5,5,5,8],"texture":"#0"},"east":{"uv":[4.5,5,5,8],"texture":"#0"},"south":{"uv":[4.5,5,5,8],"texture":"#0"},"west":{"uv":[4.5,5,5,8],"texture":"#0"},"up":{"uv":[5.5,5.25,5.25,5],"texture":"#0"},"down":{"uv":[5.5,5.25,5.25,5],"texture":"#0"}}},{"from":[9.5,0,7],"to":[14.5,2,9],"rotation":{"angle":0,"axis":"y","origin":[8,4.5,8]},"faces":{"north":{"uv":[3.5,5,4,6.25],"rotation":90,"texture":"#0"},"east":{"uv":[4,6,4.5,6.25],"texture":"#0"},"south":{"uv":[3,5,3.5,6.25],"rotation":90,"texture":"#0"},"west":{"uv":[3.5,5,4,5.5],"texture":"#0"},"up":{"uv":[4.5,6.25,4,5],"rotation":90,"texture":"#0"},"down":{"uv":[4,7.5,4.5,6.25],"rotation":270,"texture":"#0"}}},{"from":[7,2,9.5],"to":[9,14,11.5],"rotation":{"angle":0,"axis":"y","origin":[8,4.5,8]},"faces":{"north":{"uv":[4.5,5,5,8],"texture":"#0"},"east":{"uv":[4.5,5,5,8],"texture":"#0"},"south":{"uv":[4.5,5,5,8],"texture":"#0"},"west":{"uv":[4.5,5,5,8],"texture":"#0"},"up":{"uv":[5.5,5.25,5.25,5],"texture":"#0"},"down":{"uv":[5.5,5.25,5.25,5],"texture":"#0"}}},{"from":[7,0,9.5],"to":[9,2,14.5],"rotation":{"angle":0,"axis":"y","origin":[8,4.5,8]},"faces":{"north":{"uv":[3.5,5,4,5.5],"texture":"#0"},"east":{"uv":[3.5,5,4,6.25],"rotation":90,"texture":"#0"},"south":{"uv":[4,6,4.5,6.25],"texture":"#0"},"west":{"uv":[3,5,3.5,6.25],"rotation":90,"texture":"#0"},"up":{"uv":[4.5,6.25,4,5],"rotation":180,"texture":"#0"},"down":{"uv":[4,7.5,4.5,6.25],"rotation":180,"texture":"#0"}}},{"from":[4.5,2,7],"to":[6.5,14,9],"rotation":{"angle":0,"axis":"y","origin":[8,4.5,8]},"faces":{"north":{"uv":[4.5,5,5,8],"texture":"#0"},"east":{"uv":[4.5,5,5,8],"texture":"#0"},"south":{"uv":[4.5,5,5,8],"texture":"#0"},"west":{"uv":[4.5,5,5,8],"texture":"#0"},"up":{"uv":[5.5,5.25,5.25,5],"texture":"#0"},"down":{"uv":[5.5,5.25,5.25,5],"texture":"#0"}}},{"from":[1.5,0,7],"to":[6.5,2,9],"rotation":{"angle":0,"axis":"y","origin":[8,4.5,8]},"faces":{"north":{"uv":[3,5,3.5,6.25],"rotation":90,"texture":"#0"},"east":{"uv":[3.5,5,4,5.5],"texture":"#0"},"south":{"uv":[3.5,5,4,6.25],"rotation":90,"texture":"#0"},"west":{"uv":[4,6,4.5,6.25],"texture":"#0"},"up":{"uv":[4.5,6.25,4,5],"rotation":270,"texture":"#0"},"down":{"uv":[4,7.5,4.5,6.25],"rotation":90,"texture":"#0"}}},{"from":[7,2,4.5],"to":[9,14,6.5],"rotation":{"angle":0,"axis":"y","origin":[8,4.5,7.75]},"faces":{"north":{"uv":[4.5,5,5,8],"texture":"#0"},"east":{"uv":[4.5,5,5,8],"texture":"#0"},"south":{"uv":[4.5,5,5,8],"texture":"#0"},"west":{"uv":[4.5,5,5,8],"texture":"#0"},"up":{"uv":[5.5,5.25,5.25,5],"texture":"#0"},"down":{"uv":[5.5,5.25,5.25,5],"texture":"#0"}}},{"from":[7,0,1.5],"to":[9,2,6.5],"rotation":{"angle":0,"axis":"y","origin":[8,4.5,7.75]},"faces":{"north":{"uv":[4,6,4.5,6.25],"texture":"#0"},"east":{"uv":[3,5,3.5,6.25],"rotation":90,"texture":"#0"},"south":{"uv":[3.5,5,4,5.5],"texture":"#0"},"west":{"uv":[3.5,5,4,6.25],"rotation":90,"texture":"#0"},"up":{"uv":[4.5,6.25,4,5],"texture":"#0"},"down":{"uv":[4,7.5,4.5,6.25],"texture":"#0"}}}],"display":{"thirdperson_righthand":{"rotation":[15,0,0],"scale":[0.5,0.5,0.5]},"thirdperson_lefthand":{"rotation":[15,0,0],"scale":[0.5,0.5,0.5]},"firstperson_righthand":{"rotation":[-1.66,9.36,10.15],"translation":[1.5,0.75,0],"scale":[0.6,0.6,0.6]},"firstperson_lefthand":{"rotation":[-1.66,9.36,10.15],"translation":[1.5,0.75,0],"scale":[0.6,0.6,0.6]},"ground":{"scale":[0.4,0.4,0.4]},"gui":{"rotation":[30,35,0],"translation":[0,-0.75,0],"scale":[0.6,0.6,0.6]},"head":{"translation":[0,-30.5,0],"scale":[1.6,1.6,1.6]},"fixed":{"rotation":[-90,0,0],"translation":[0,0,-16],"scale":[2,2,2]}}}