{"credit":"magic_store_official","texture_size":[256,256],"textures":{"0":"magic_store:furnitures/medieval_fullpack_3/medieval_plant_trees","1":"magic_store:furnitures/medieval_fullpack_3/medieval_plant_wooden_table_1","particle":"magic_store:furnitures/medieval_fullpack_3/medieval_plant_wooden_table_1"},"elements":[{"from":[4,0,4],"to":[12,7,12],"faces":{"north":{"uv":[10.5,10.75,12.5,12.75],"texture":"#1"},"east":{"uv":[10.5,10.75,12.5,12.75],"texture":"#1"},"south":{"uv":[10.5,10.75,12.5,12.75],"texture":"#1"},"west":{"uv":[10.5,10.75,12.5,12.75],"texture":"#1"},"up":{"uv":[0,0,8,8],"texture":"#1"},"down":{"uv":[10.5,8.75,12.5,10.75],"texture":"#1"}}},{"from":[3.5,7,3.5],"to":[12.5,9,12.5],"faces":{"north":{"uv":[10.25,12.75,12.5,13.25],"texture":"#1"},"east":{"uv":[10.25,12.75,12.5,13.25],"texture":"#1"},"south":{"uv":[10.25,12.75,12.5,13.25],"texture":"#1"},"west":{"uv":[10.25,12.75,12.5,13.25],"texture":"#1"},"up":{"uv":[10.25,13.25,12.5,15.5],"texture":"#1"},"down":{"uv":[10.25,13.25,12.5,15.5],"texture":"#1"}}},{"from":[3.9,1,3.9],"to":[12.1,3,12.1],"faces":{"north":{"uv":[8,15.5,10,16],"texture":"#1","tintindex":0},"east":{"uv":[8,15.5,10,16],"texture":"#1","tintindex":0},"south":{"uv":[8,15.5,10,16],"texture":"#1","tintindex":0},"west":{"uv":[8,15.5,10,16],"texture":"#1","tintindex":0}}},{"from":[1,10,1],"to":[15,16,15],"rotation":{"angle":0,"axis":"y","origin":[8,10,8]},"faces":{"north":{"uv":[2.75,0,1.875,0.375],"texture":"#0"},"east":{"uv":[2.75,0,1.875,0.375],"texture":"#0"},"south":{"uv":[2.75,0,1.875,0.375],"texture":"#0"},"west":{"uv":[2.75,0,1.875,0.375],"texture":"#0"},"up":{"uv":[2.75,0.375,1.875,1.25],"texture":"#0"},"down":{"uv":[2.75,0.375,1.875,1.25],"texture":"#0"}}},{"from":[2,17,2],"to":[14,22,14],"rotation":{"angle":0,"axis":"y","origin":[8,10,8]},"faces":{"north":{"uv":[2.6875,0.0625,1.9375,0.375],"texture":"#0"},"east":{"uv":[2.6875,0.0625,1.9375,0.375],"texture":"#0"},"south":{"uv":[2.6875,0.0625,1.9375,0.375],"texture":"#0"},"west":{"uv":[2.6875,0.0625,1.9375,0.375],"texture":"#0"},"up":{"uv":[2.6875,0.4375,1.9375,1.1875],"texture":"#0"},"down":{"uv":[2.6875,0.4375,1.9375,1.1875],"texture":"#0"}}},{"from":[4,28,4],"to":[12,31,12],"rotation":{"angle":0,"axis":"y","origin":[8,10,8]},"faces":{"north":{"uv":[2.5625,0.0625,2.0625,0.25],"texture":"#0"},"east":{"uv":[2.5625,0.0625,2.0625,0.25],"texture":"#0"},"south":{"uv":[2.5625,0.0625,2.0625,0.25],"texture":"#0"},"west":{"uv":[2.5625,0.0625,2.0625,0.25],"texture":"#0"},"up":{"uv":[2.5,0.5,2,1],"texture":"#0"},"down":{"uv":[2.5,0.5,2,1],"texture":"#0"}}},{"from":[3,23,3],"to":[13,27,13],"rotation":{"angle":0,"axis":"y","origin":[8,10,8]},"faces":{"north":{"uv":[2.625,0.0625,2,0.3125],"texture":"#0"},"east":{"uv":[2.625,0.0625,2,0.3125],"texture":"#0"},"south":{"uv":[2.625,0.0625,2,0.3125],"texture":"#0"},"west":{"uv":[2.625,0.0625,2,0.3125],"texture":"#0"},"up":{"uv":[2.625,0.5,2,1.125],"texture":"#0"},"down":{"uv":[2.625,0.5,2,1.125],"texture":"#0"}}},{"from":[7,9,7],"to":[9,19,9],"faces":{"north":{"uv":[11.5,0.5,14,1],"rotation":90,"texture":"#1"},"east":{"uv":[11.5,0.5,14,1],"rotation":90,"texture":"#1"},"south":{"uv":[11.5,0.5,14,1],"rotation":90,"texture":"#1"},"west":{"uv":[11.5,0.5,14,1],"rotation":90,"texture":"#1"},"up":{"uv":[11.5,0.5,12,1],"rotation":90,"texture":"#1"},"down":{"uv":[11.5,0.5,12,1],"rotation":90,"texture":"#1"}}},{"from":[7,19,7],"to":[9,30,9],"faces":{"north":{"uv":[11.5,0.5,14.75,1],"rotation":90,"texture":"#1"},"east":{"uv":[11.5,0.5,14.75,1],"rotation":90,"texture":"#1"},"south":{"uv":[11.5,0.5,14.75,1],"rotation":90,"texture":"#1"},"west":{"uv":[11.5,0.5,14.75,1],"rotation":90,"texture":"#1"},"up":{"uv":[11.5,0.5,12,1],"rotation":90,"texture":"#1"},"down":{"uv":[11.5,0.5,12,1],"rotation":90,"texture":"#1"}}},{"from":[8,9,-2],"to":[8,17,18],"rotation":{"angle":22.5,"axis":"y","origin":[8,15,8]},"faces":{"east":{"uv":[4.0625,0,2.8125,0.5],"texture":"#0"},"west":{"uv":[2.8125,0,4.0625,0.5],"texture":"#0"}}},{"from":[7.75,16,-1],"to":[7.75,23,17],"rotation":{"angle":-22.5,"axis":"y","origin":[8,15,8]},"faces":{"east":{"uv":[4,0.0625,2.875,0.5],"texture":"#0"},"west":{"uv":[2.875,0.0625,4,0.5],"texture":"#0"}}},{"from":[1,23,8.25],"to":[15,28,8.25],"rotation":{"angle":-22.5,"axis":"y","origin":[8,15,8]},"faces":{"north":{"uv":[3.8125,0.0625,2.9375,0.375],"texture":"#0"},"south":{"uv":[2.9375,0.0625,3.8125,0.375],"texture":"#0"}}},{"from":[2,27,8.25],"to":[14,32,8.25],"rotation":{"angle":0,"axis":"y","origin":[8,15,8]},"faces":{"north":{"uv":[4.1875,0.125,3.4375,0.4375],"texture":"#0"},"south":{"uv":[3.4375,0.125,4.1875,0.4375],"texture":"#0"}}},{"from":[8.25,27,2],"to":[8.25,32,14],"rotation":{"angle":0,"axis":"y","origin":[8,15,8]},"faces":{"east":{"uv":[3.4375,0.125,4.1875,0.4375],"texture":"#0"},"west":{"uv":[4.1875,0.125,3.4375,0.4375],"texture":"#0"}}},{"from":[0,23,8.25],"to":[16,28,8.25],"rotation":{"angle":45,"axis":"y","origin":[8,15,8]},"faces":{"north":{"uv":[3.9375,0.0625,2.9375,0.375],"texture":"#0"},"south":{"uv":[2.9375,0.0625,3.9375,0.375],"texture":"#0"}}},{"from":[-1,16,8.25],"to":[17,23,8.25],"rotation":{"angle":-22.5,"axis":"y","origin":[8,15,8]},"faces":{"north":{"uv":[4,0.0625,2.875,0.5],"texture":"#0"},"south":{"uv":[2.875,0.0625,4,0.5],"texture":"#0"}}},{"from":[-2,9,8],"to":[18,17,8],"rotation":{"angle":22.5,"axis":"y","origin":[8,15,8]},"faces":{"north":{"uv":[4.125,0,2.875,0.5],"texture":"#0"},"south":{"uv":[2.875,0,4.125,0.5],"texture":"#0"}}}],"display":{"thirdperson_righthand":{"scale":[0.4,0.4,0.4]},"thirdperson_lefthand":{"scale":[0.4,0.4,0.4]},"firstperson_righthand":{"rotation":[0,15.25,0],"translation":[2.25,2.75,0],"scale":[0.7,0.7,0.7]},"firstperson_lefthand":{"rotation":[0,15.25,0],"translation":[2.25,2.75,0],"scale":[0.7,0.7,0.7]},"ground":{"scale":[0.5,0.5,0.5]},"gui":{"rotation":[30,35,0],"translation":[0,-3,0],"scale":[0.5,0.5,0.5]},"head":{"translation":[0,-30.5,0],"scale":[1.6,1.6,1.6]},"fixed":{"rotation":[-90,0,0],"translation":[0,0,-16],"scale":[2,2,2]}}}