{"credit":"magic_store_official","texture_size":[256,256],"textures":{"0":"magic_store:furnitures/medieval_fullpack_3/medieval_plant_wooden_table_1","1":"magic_store:furnitures/medieval_fullpack_3/medieval_plant_trees","particle":"magic_store:furnitures/medieval_fullpack_3/medieval_plant_wooden_table_1"},"elements":[{"from":[4,0,4],"to":[12,7,12],"faces":{"north":{"uv":[10.5,10.75,12.5,12.75],"texture":"#0"},"east":{"uv":[10.5,10.75,12.5,12.75],"texture":"#0"},"south":{"uv":[10.5,10.75,12.5,12.75],"texture":"#0"},"west":{"uv":[10.5,10.75,12.5,12.75],"texture":"#0"},"up":{"uv":[0,0,8,8],"texture":"#0"},"down":{"uv":[10.5,8.75,12.5,10.75],"texture":"#0"}}},{"from":[3.5,7,3.5],"to":[12.5,9,12.5],"faces":{"north":{"uv":[10.25,12.75,12.5,13.25],"texture":"#0"},"east":{"uv":[10.25,12.75,12.5,13.25],"texture":"#0"},"south":{"uv":[10.25,12.75,12.5,13.25],"texture":"#0"},"west":{"uv":[10.25,12.75,12.5,13.25],"texture":"#0"},"up":{"uv":[10.25,13.25,12.5,15.5],"texture":"#0"},"down":{"uv":[10.25,13.25,12.5,15.5],"texture":"#0"}}},{"from":[3.9,1,3.9],"to":[12.1,3,12.1],"faces":{"north":{"uv":[8,15.5,10,16],"texture":"#0","tintindex":0},"east":{"uv":[8,15.5,10,16],"texture":"#0","tintindex":0},"south":{"uv":[8,15.5,10,16],"texture":"#0","tintindex":0},"west":{"uv":[8,15.5,10,16],"texture":"#0","tintindex":0}}},{"from":[7,9,7],"to":[9,19,9],"faces":{"north":{"uv":[11.5,0.5,14,1],"rotation":90,"texture":"#0"},"east":{"uv":[11.5,0.5,14,1],"rotation":90,"texture":"#0"},"south":{"uv":[11.5,0.5,14,1],"rotation":90,"texture":"#0"},"west":{"uv":[11.5,0.5,14,1],"rotation":90,"texture":"#0"},"up":{"uv":[14.5,0.5,14,1],"texture":"#0"},"down":{"uv":[14.5,0.5,14,1],"texture":"#0"}}},{"from":[5.5,16.83494,6.62742],"to":[10.5,25.83494,6.62742],"rotation":{"angle":-45,"axis":"x","origin":[9,15.27018,7.68199]},"faces":{"north":{"uv":[0,1.5,0.3125,2.0625],"texture":"#1"},"south":{"uv":[0,1.5,0.3125,2.0625],"texture":"#1"}}},{"from":[5.5,18.33878,-5.48177],"to":[10.5,18.33878,-2.48177],"rotation":{"angle":22.5,"axis":"x","origin":[9,15.27018,7.68199]},"faces":{"up":{"uv":[0.3125,1.875,0.625,2.0625],"texture":"#1"},"down":{"uv":[0.625,1.875,0.3125,2.0625],"rotation":180,"texture":"#1"}}},{"from":[5.5,23.14266,-8.30504],"to":[10.5,23.14266,-3.30504],"rotation":{"angle":0,"axis":"x","origin":[9,15.27018,7.68199]},"faces":{"up":{"uv":[0.3125,1.5,0.625,1.8125],"texture":"#1"},"down":{"uv":[0.3125,1.8125,0.625,1.5],"texture":"#1"}}},{"from":[6.5,9.31265,6.10881],"to":[9.5,16.31265,6.10881],"rotation":{"angle":-22.5,"axis":"x","origin":[9,15.27018,7.68199]},"faces":{"north":{"uv":[0.6875,1.6875,0.875,2.125],"texture":"#1"},"south":{"uv":[0.6875,1.6875,0.875,2.125],"texture":"#1"},"up":{"uv":[0,0,3,0],"texture":"#1"},"down":{"uv":[0,0,3,0],"texture":"#1"}}},{"from":[13.05977,9.94065,5.43199],"to":[13.05977,18.94065,10.43199],"rotation":{"angle":-45,"axis":"z","origin":[9,15.27018,7.68199]},"faces":{"east":{"uv":[0,1.5,0.3125,2.0625],"texture":"#1"},"west":{"uv":[0,1.5,0.3125,2.0625],"texture":"#1"}}},{"from":[13.9443,12.924,5.43199],"to":[16.9443,12.924,10.43199],"rotation":{"angle":22.5,"axis":"z","origin":[9,15.27018,7.68199]},"faces":{"up":{"uv":[0.3125,1.875,0.625,2.0625],"rotation":90,"texture":"#1"},"down":{"uv":[0.625,1.875,0.3125,2.0625],"rotation":90,"texture":"#1"}}},{"from":[17.23703,16.14266,5.43199],"to":[22.23703,16.14266,10.43199],"rotation":{"angle":0,"axis":"x","origin":[9,15.27018,7.68199]},"faces":{"up":{"uv":[0.3125,1.5,0.625,1.8125],"rotation":90,"texture":"#1"},"down":{"uv":[0.3125,1.8125,0.625,1.5],"rotation":270,"texture":"#1"}}},{"from":[4.5,13.29941,12.27209],"to":[9.5,22.29941,12.27209],"rotation":{"angle":45,"axis":"x","origin":[9,15.27018,7.68199]},"faces":{"north":{"uv":[0,1.5,0.3125,2.0625],"texture":"#1"},"south":{"uv":[0,1.5,0.3125,2.0625],"texture":"#1"}}},{"from":[4.5,13.71938,15.93233],"to":[9.5,13.71938,18.93233],"rotation":{"angle":-22.5,"axis":"x","origin":[9,15.27018,7.68199]},"faces":{"up":{"uv":[0.3125,1.875,0.625,2.0625],"rotation":180,"texture":"#1"},"down":{"uv":[0.625,1.875,0.3125,2.0625],"texture":"#1"}}},{"from":[4.5,18.14266,18.66902],"to":[9.5,18.14266,23.66902],"rotation":{"angle":0,"axis":"x","origin":[9,15.27018,7.68199]},"faces":{"up":{"uv":[0.3125,1.5,0.625,1.8125],"rotation":180,"texture":"#1"},"down":{"uv":[0.3125,1.8125,0.625,1.5],"rotation":180,"texture":"#1"}}},{"from":[5.5,4.69326,11.16858],"to":[8.5,11.69326,11.16858],"rotation":{"angle":22.5,"axis":"x","origin":[9,15.27018,7.68199]},"faces":{"north":{"uv":[0.6875,1.6875,0.875,2.125],"texture":"#1"},"south":{"uv":[0.6875,1.6875,0.875,2.125],"texture":"#1"},"up":{"uv":[0,0,3,0],"rotation":180,"texture":"#1"},"down":{"uv":[0,0,3,0],"rotation":180,"texture":"#1"}}},{"from":[2.81891,7.81933,5.43199],"to":[2.81891,16.81933,10.43199],"rotation":{"angle":45,"axis":"z","origin":[9,15.27018,7.68199]},"faces":{"east":{"uv":[0,1.5,0.3125,2.0625],"texture":"#1"},"west":{"uv":[0,1.5,0.3125,2.0625],"texture":"#1"}}},{"from":[2.20375,10.15236,5.43199],"to":[5.20375,10.15236,10.43199],"rotation":{"angle":-22.5,"axis":"z","origin":[9,15.27018,7.68199]},"faces":{"up":{"uv":[0.3125,1.875,0.625,2.0625],"rotation":270,"texture":"#1"},"down":{"uv":[0.625,1.875,0.3125,2.0625],"rotation":270,"texture":"#1"}}},{"from":[-4.23703,13.14266,5.43199],"to":[0.76297,13.14266,10.43199],"rotation":{"angle":0,"axis":"x","origin":[9,15.27018,7.68199]},"faces":{"up":{"uv":[0.3125,1.5,0.625,1.8125],"rotation":270,"texture":"#1"},"down":{"uv":[0.3125,1.8125,0.625,1.5],"rotation":90,"texture":"#1"}}}],"display":{"thirdperson_righthand":{"scale":[0.4,0.4,0.4]},"thirdperson_lefthand":{"scale":[0.4,0.4,0.4]},"firstperson_righthand":{"rotation":[0,15.25,0],"translation":[2.25,2.75,0],"scale":[0.7,0.7,0.7]},"firstperson_lefthand":{"rotation":[0,15.25,0],"translation":[2.25,2.75,0],"scale":[0.7,0.7,0.7]},"ground":{"scale":[0.5,0.5,0.5]},"gui":{"rotation":[30,35,0],"translation":[0,-2.5,0],"scale":[0.55,0.55,0.55]},"head":{"translation":[0,-30.5,0],"scale":[1.6,1.6,1.6]},"fixed":{"rotation":[-90,0,0],"translation":[0,0,-16],"scale":[2,2,2]}}}