{"credit":"magic_store_official","texture_size":[256,256],"textures":{"1":"magic_store:furnitures/medieval_fullpack_3/medieval_plant_wooden_table_1","2":"magic_store:furnitures/medieval_fullpack_3/medieval_plant_trees","particle":"magic_store:furnitures/medieval_fullpack_3/medieval_plant_trees"},"elements":[{"from":[8,9,3.5],"to":[8,20,12.5],"rotation":{"angle":-45,"axis":"y","origin":[8,10,8]},"faces":{"east":{"uv":[1.9375,1.5,2.5,2.1875],"texture":"#2"},"west":{"uv":[2.5,1.5,1.9375,2.1875],"texture":"#2"}}},{"from":[8,9,3.5],"to":[8,20,12.5],"rotation":{"angle":45,"axis":"y","origin":[8,10,8]},"faces":{"east":{"uv":[1.9375,1.5,2.5,2.1875],"texture":"#2"},"west":{"uv":[2.5,1.5,1.9375,2.1875],"texture":"#2"}}},{"from":[4,0,4],"to":[12,7,12],"faces":{"north":{"uv":[10.5,10.75,12.5,12.75],"texture":"#1"},"east":{"uv":[10.5,10.75,12.5,12.75],"texture":"#1"},"south":{"uv":[10.5,10.75,12.5,12.75],"texture":"#1"},"west":{"uv":[10.5,10.75,12.5,12.75],"texture":"#1"},"up":{"uv":[0,0,8,8],"texture":"#missing"},"down":{"uv":[10.5,8.75,12.5,10.75],"texture":"#1"}}},{"from":[3.5,7,3.5],"to":[12.5,9,12.5],"faces":{"north":{"uv":[10.25,12.75,12.5,13.25],"texture":"#1"},"east":{"uv":[10.25,12.75,12.5,13.25],"texture":"#1"},"south":{"uv":[10.25,12.75,12.5,13.25],"texture":"#1"},"west":{"uv":[10.25,12.75,12.5,13.25],"texture":"#1"},"up":{"uv":[10.25,13.25,12.5,15.5],"texture":"#1"},"down":{"uv":[10.25,13.25,12.5,15.5],"texture":"#1"}}},{"from":[3.9,1,3.9],"to":[12.1,3,12.1],"faces":{"north":{"uv":[8,15.5,10,16],"texture":"#1","tintindex":0},"east":{"uv":[8,15.5,10,16],"texture":"#1","tintindex":0},"south":{"uv":[8,15.5,10,16],"texture":"#1","tintindex":0},"west":{"uv":[8,15.5,10,16],"texture":"#1","tintindex":0}}}],"display":{"thirdperson_righthand":{"scale":[0.4,0.4,0.4]},"thirdperson_lefthand":{"scale":[0.4,0.4,0.4]},"firstperson_righthand":{"rotation":[0,15.25,0],"translation":[2.25,2.75,0],"scale":[0.7,0.7,0.7]},"firstperson_lefthand":{"rotation":[0,15.25,0],"translation":[2.25,2.75,0],"scale":[0.7,0.7,0.7]},"ground":{"scale":[0.5,0.5,0.5]},"gui":{"rotation":[30,35,0],"translation":[0,-1,0],"scale":[0.7,0.7,0.7]},"head":{"translation":[0,-30.5,0],"scale":[1.6,1.6,1.6]},"fixed":{"rotation":[-90,0,0],"translation":[0,0,-16],"scale":[2,2,2]}}}