{"credit":"magic_store_official","texture_size":[256,256],"textures":{"0":"magic_store:furnitures/medieval_fullpack_3/medieval_plant_wooden_table_1","2":"magic_store:furnitures/medieval_fullpack_3/medieval_plant_trees","particle":"magic_store:furnitures/medieval_fullpack_3/medieval_plant_wooden_table_1"},"elements":[{"from":[4,0,4],"to":[12,7,12],"faces":{"north":{"uv":[10.5,10.75,12.5,12.75],"texture":"#0"},"east":{"uv":[10.5,10.75,12.5,12.75],"texture":"#0"},"south":{"uv":[10.5,10.75,12.5,12.75],"texture":"#0"},"west":{"uv":[10.5,10.75,12.5,12.75],"texture":"#0"},"up":{"uv":[0,0,8,8],"texture":"#0"},"down":{"uv":[10.5,8.75,12.5,10.75],"texture":"#0"}}},{"from":[3.5,7,3.5],"to":[12.5,9,12.5],"faces":{"north":{"uv":[10.25,12.75,12.5,13.25],"texture":"#0"},"east":{"uv":[10.25,12.75,12.5,13.25],"texture":"#0"},"south":{"uv":[10.25,12.75,12.5,13.25],"texture":"#0"},"west":{"uv":[10.25,12.75,12.5,13.25],"texture":"#0"},"up":{"uv":[10.25,13.25,12.5,15.5],"texture":"#0"},"down":{"uv":[10.25,13.25,12.5,15.5],"texture":"#0"}}},{"from":[3.9,1,3.9],"to":[12.1,3,12.1],"faces":{"north":{"uv":[8,15.5,10,16],"texture":"#0","tintindex":0},"east":{"uv":[8,15.5,10,16],"texture":"#0","tintindex":0},"south":{"uv":[8,15.5,10,16],"texture":"#0","tintindex":0},"west":{"uv":[8,15.5,10,16],"texture":"#0","tintindex":0}}},{"from":[8,9,1],"to":[8,32,15],"rotation":{"angle":22.5,"axis":"y","origin":[8,10,8]},"faces":{"east":{"uv":[0.875,0,0,1.4375],"texture":"#2"},"west":{"uv":[0,0,0.875,1.4375],"texture":"#2"}}},{"from":[1,9,8],"to":[15,32,8],"rotation":{"angle":22.5,"axis":"y","origin":[8,10,8]},"faces":{"north":{"uv":[0.875,0,0,1.4375],"texture":"#2"},"south":{"uv":[0,0,0.875,1.4375],"texture":"#2"}}}],"display":{"thirdperson_righthand":{"scale":[0.4,0.4,0.4]},"thirdperson_lefthand":{"scale":[0.4,0.4,0.4]},"firstperson_righthand":{"rotation":[0,15.25,0],"translation":[2.25,2.75,0],"scale":[0.7,0.7,0.7]},"firstperson_lefthand":{"rotation":[0,15.25,0],"translation":[2.25,2.75,0],"scale":[0.7,0.7,0.7]},"ground":{"scale":[0.5,0.5,0.5]},"gui":{"rotation":[30,35,0],"translation":[0,-3,0],"scale":[0.5,0.5,0.5]},"head":{"translation":[0,-30.5,0],"scale":[1.6,1.6,1.6]},"fixed":{"rotation":[-90,0,0],"translation":[0,0,-16],"scale":[2,2,2]}}}