{"credit":"magic_store_official","textures":{"0":"magic_store:furnitures/medieval_pack_v4/medieval_pack_v4_standlight","1":"magic_store:furnitures/medieval_pack_v4/lantern","particle":"magic_store:furnitures/medieval_pack_v4/medieval_pack_v4_standlight"},"elements":[{"from":[7.30806,3.25,1.80806],"to":[8.80806,3.25,2.80806],"shade":false,"rotation":{"angle":-22.5,"axis":"x","origin":[8.05806,3.25,3.30806]},"faces":{"up":{"uv":[11,10,14,12],"texture":"#1"},"down":{"uv":[11,10,14,12],"rotation":180,"texture":"#1"}}},{"from":[7.05806,2.25,2.80806],"to":[9.05806,4.25,3.80806],"rotation":{"angle":0,"axis":"x","origin":[8.05806,6.25,6.55806]},"faces":{"north":{"uv":[1,10,5,14],"rotation":90,"texture":"#1"},"east":{"uv":[1,0,5,2],"rotation":90,"texture":"#1"},"south":{"uv":[1,10,5,14],"rotation":90,"texture":"#1"},"west":{"uv":[1,0,5,2],"rotation":270,"texture":"#1"},"up":{"uv":[1,0,5,2],"texture":"#1"},"down":{"uv":[1,0,5,2],"rotation":180,"texture":"#1"}}},{"from":[8.05806,2.5,1.80806],"to":[8.05806,4,2.80806],"shade":false,"rotation":{"angle":-22.5,"axis":"x","origin":[8.05806,3.25,3.30806]},"faces":{"east":{"uv":[11,10,14,12],"rotation":90,"texture":"#1"},"west":{"uv":[11,10,14,12],"rotation":270,"texture":"#1"}}},{"from":[7.30806,0.5,1.80806],"to":[8.80806,2.5,1.80806],"shade":false,"rotation":{"angle":22.5,"axis":"x","origin":[8.05806,2.25,1.80806]},"faces":{"north":{"uv":[14,1,11,5],"rotation":180,"texture":"#1"},"south":{"uv":[11,1,14,5],"rotation":180,"texture":"#1"}}},{"from":[8.05806,0.5,1.05806],"to":[8.05806,2.5,2.55806],"shade":false,"rotation":{"angle":22.5,"axis":"x","origin":[8.05806,2.25,1.80806]},"faces":{"east":{"uv":[11,1,14,5],"rotation":180,"texture":"#1"},"west":{"uv":[14,1,11,5],"rotation":180,"texture":"#1"}}},{"from":[5.05806,0.25,3.80806],"to":[11.05806,6.25,4.80806],"rotation":{"angle":0,"axis":"x","origin":[8.05806,6.25,6.55806]},"faces":{"north":{"uv":[8.75,12.5,5.75,15.5],"rotation":90,"texture":"#0"},"east":{"uv":[3.25,11.5,6.25,12],"rotation":90,"texture":"#0"},"south":{"uv":[11.75,12.5,8.75,15.5],"rotation":90,"texture":"#0"},"west":{"uv":[3.25,11.5,6.25,12],"rotation":270,"texture":"#0"},"up":{"uv":[3.25,11.5,6.25,12],"texture":"#0"},"down":{"uv":[3.25,11.5,6.25,12],"rotation":180,"texture":"#0"}}},{"from":[5.05806,0.25,11.80806],"to":[11.05806,6.25,12.80806],"rotation":{"angle":0,"axis":"x","origin":[8.05806,6.25,6.55806]},"faces":{"north":{"uv":[8.75,12.5,5.75,15.5],"rotation":90,"texture":"#0"},"east":{"uv":[6.25,11.5,3.25,12],"rotation":90,"texture":"#0"},"south":{"uv":[11.75,12.5,8.75,15.5],"rotation":90,"texture":"#0"},"west":{"uv":[6.25,11.5,3.25,12],"rotation":270,"texture":"#0"},"up":{"uv":[6.25,11.5,3.25,12],"texture":"#0"},"down":{"uv":[6.25,11.5,3.25,12],"rotation":180,"texture":"#0"}}},{"from":[5.55806,0.75,4.80806],"to":[10.55806,5.75,11.80806],"rotation":{"angle":0,"axis":"x","origin":[8.05806,6.25,6.55806]},"faces":{"east":{"uv":[3.25,12,5.75,15.5],"rotation":90,"texture":"#0"},"west":{"uv":[3.25,12,5.75,15.5],"rotation":270,"texture":"#0"},"up":{"uv":[5.75,12,3.25,15.5],"texture":"#0"},"down":{"uv":[5.75,12,3.25,15.5],"rotation":180,"texture":"#0"}}},{"from":[5.55806,0.75,11.80806],"to":[10.55806,5.75,4.80806],"rotation":{"angle":0,"axis":"x","origin":[8.05806,6.25,6.55806]},"faces":{"east":{"uv":[3.25,15.5,5.75,12],"rotation":90,"texture":"#0"},"west":{"uv":[3.25,15.5,5.75,12],"rotation":270,"texture":"#0"},"up":{"uv":[5.75,15.5,3.25,12],"texture":"#0"},"down":{"uv":[5.75,15.5,3.25,12],"rotation":180,"texture":"#0"}}}],"display":{"thirdperson_righthand":{"rotation":[12.75,0,0],"translation":[0,3.5,0],"scale":[0.6,0.6,0.6]},"thirdperson_lefthand":{"rotation":[12.75,0,0],"translation":[0,3.5,0],"scale":[0.6,0.6,0.6]},"firstperson_righthand":{"rotation":[0,-155,0],"translation":[2.5,4.5,0],"scale":[0.85,0.85,0.85]},"firstperson_lefthand":{"rotation":[0,-155,0],"translation":[2.5,4.5,0],"scale":[0.85,0.85,0.85]},"ground":{"rotation":[3.02,-1.08,-39.63],"translation":[0,2,0],"scale":[0.6,0.6,0.6]},"gui":{"rotation":[30,45,0],"translation":[-0.25,1.75,0],"scale":[0.9,0.9,0.9]},"head":{"rotation":[0,26,0],"translation":[0,-17.75,0],"scale":[3.2,3.2,3.2]},"fixed":{"rotation":[-90,0,0],"translation":[0,0,-33],"scale":[4,4,4]}}}