{"credit":"magic_store_official","texture_size":[32,32],"textures":{"0":"magic_store:furnitures/medieval_pack_v4/medieval_pack_v4_standlight","particle":"magic_store:furnitures/medieval_pack_v4/medieval_pack_v4_standlight"},"elements":[{"from":[0,0,5.25],"to":[3,21,8.25],"rotation":{"angle":0,"axis":"x","origin":[1.5,11.2,7.75]},"faces":{"north":{"uv":[3,0,1.5,10.5],"texture":"#0"},"east":{"uv":[1.5,0,3,10.5],"texture":"#0"},"south":{"uv":[3,0,1.5,10.5],"texture":"#0"},"west":{"uv":[1.5,0,3,10.5],"texture":"#0"},"up":{"uv":[3,1.5,4.5,0],"rotation":90,"texture":"#0"},"down":{"uv":[3,11,4.5,9.5],"rotation":270,"texture":"#0"}}},{"from":[4,0,5.25],"to":[7,22,8.25],"rotation":{"angle":0,"axis":"x","origin":[1.5,11.2,7.75]},"faces":{"north":{"uv":[3,0,1.5,11],"texture":"#0"},"east":{"uv":[1.5,0,3,11],"texture":"#0"},"south":{"uv":[3,0,1.5,11],"texture":"#0"},"west":{"uv":[1.5,0,3,11],"texture":"#0"},"up":{"uv":[3,1.5,4.5,0],"rotation":90,"texture":"#0"},"down":{"uv":[3,11,4.5,9.5],"rotation":270,"texture":"#0"}}},{"from":[8,0,5.25],"to":[11,18,8.25],"rotation":{"angle":0,"axis":"y","origin":[9.5,11,6.75]},"faces":{"north":{"uv":[1.5,0,3,9],"texture":"#0"},"east":{"uv":[3,0,1.5,9],"texture":"#0"},"south":{"uv":[1.5,0,3,9],"texture":"#0"},"west":{"uv":[3,0,1.5,9],"texture":"#0"},"up":{"uv":[3,1.5,4.5,0],"texture":"#0"},"down":{"uv":[3,11,4.5,9.5],"texture":"#0"}}},{"from":[11,0,13.25],"to":[14,18,16.25],"rotation":{"angle":-22.5,"axis":"x","origin":[9.5,9,15.75]},"faces":{"north":{"uv":[1.5,0,3,9],"texture":"#0"},"east":{"uv":[3,0,1.5,9],"texture":"#0"},"south":{"uv":[1.5,0,3,9],"texture":"#0"},"west":{"uv":[3,0,1.5,9],"texture":"#0"},"up":{"uv":[3,1.5,4.5,0],"texture":"#0"},"down":{"uv":[3,11,4.5,9.5],"texture":"#0"}}},{"from":[2,0,13.25],"to":[5,18,16.25],"rotation":{"angle":-22.5,"axis":"x","origin":[9.5,9,15.75]},"faces":{"north":{"uv":[1.5,0,3,9],"texture":"#0"},"east":{"uv":[3,0,1.5,9],"texture":"#0"},"south":{"uv":[1.5,0,3,9],"texture":"#0"},"west":{"uv":[3,0,1.5,9],"texture":"#0"},"up":{"uv":[3,1.5,4.5,0],"texture":"#0"},"down":{"uv":[3,11,4.5,9.5],"texture":"#0"}}},{"from":[13,0,5.25],"to":[16,21,8.25],"rotation":{"angle":0,"axis":"y","origin":[14.5,10.5,6.75]},"faces":{"north":{"uv":[1.5,0,3,10.5],"texture":"#0"},"east":{"uv":[3,0,1.5,10.5],"texture":"#0"},"south":{"uv":[1.5,0,3,10.5],"texture":"#0"},"west":{"uv":[3,0,1.5,10.5],"texture":"#0"},"up":{"uv":[3,1.5,4.5,0],"texture":"#0"},"down":{"uv":[3,11,4.5,9.5],"texture":"#0"}}},{"from":[-0.25,12.9,5],"to":[3.25,17.9,8.5],"rotation":{"angle":0,"axis":"x","origin":[1.5,11.2,7.75]},"faces":{"north":{"uv":[12.5,0,11,2.5],"texture":"#0"},"east":{"uv":[11,0,12.5,2.5],"texture":"#0"},"south":{"uv":[12.5,0,11,2.5],"texture":"#0"},"west":{"uv":[11,0,12.5,2.5],"texture":"#0"},"up":{"uv":[11,2.5,12.5,4],"rotation":90,"texture":"#0"},"down":{"uv":[11,4,12.5,5.5],"rotation":270,"texture":"#0"}}},{"from":[3,5.65,8],"to":[8,9.15,11.5],"rotation":{"angle":0,"axis":"z","origin":[1.5,15.4,9.75]},"faces":{"north":{"uv":[12.5,0,11,2.5],"rotation":90,"texture":"#0"},"east":{"uv":[11,4,12.5,5.5],"rotation":180,"texture":"#0"},"south":{"uv":[12.5,0,11,2.5],"rotation":270,"texture":"#0"},"west":{"uv":[11,2.5,12.5,4],"texture":"#0"},"up":{"uv":[11,0,12.5,2.5],"rotation":270,"texture":"#0"},"down":{"uv":[11,0,12.5,2.5],"rotation":270,"texture":"#0"}}},{"from":[7,-0.35,8],"to":[12,3.15,11.5],"rotation":{"angle":0,"axis":"z","origin":[1.5,15.4,9.75]},"faces":{"north":{"uv":[12.5,0,11,2.5],"rotation":90,"texture":"#0"},"east":{"uv":[11,4,12.5,5.5],"rotation":180,"texture":"#0"},"south":{"uv":[12.5,0,11,2.5],"rotation":270,"texture":"#0"},"west":{"uv":[11,2.5,12.5,4],"texture":"#0"},"up":{"uv":[11,0,12.5,2.5],"rotation":270,"texture":"#0"},"down":{"uv":[11,0,12.5,2.5],"rotation":270,"texture":"#0"}}},{"from":[7,11.65,8],"to":[12,15.15,11.5],"rotation":{"angle":0,"axis":"z","origin":[1.5,15.4,9.75]},"faces":{"north":{"uv":[12.5,0,11,2.5],"rotation":90,"texture":"#0"},"east":{"uv":[11,4,12.5,5.5],"rotation":180,"texture":"#0"},"south":{"uv":[12.5,0,11,2.5],"rotation":270,"texture":"#0"},"west":{"uv":[11,2.5,12.5,4],"texture":"#0"},"up":{"uv":[11,0,12.5,2.5],"rotation":270,"texture":"#0"},"down":{"uv":[11,0,12.5,2.5],"rotation":270,"texture":"#0"}}},{"from":[1.75,-0.1,10.25],"to":[5.25,4.9,13.75],"rotation":{"angle":-22.5,"axis":"x","origin":[1.5,15.4,13.75]},"faces":{"north":{"uv":[12.5,0,11,2.5],"texture":"#0"},"east":{"uv":[11,0,12.5,2.5],"texture":"#0"},"south":{"uv":[12.5,0,11,2.5],"texture":"#0"},"west":{"uv":[11,0,12.5,2.5],"texture":"#0"},"up":{"uv":[11,2.5,12.5,4],"rotation":90,"texture":"#0"},"down":{"uv":[11,4,12.5,5.5],"rotation":270,"texture":"#0"}}},{"from":[10.75,-0.1,10.25],"to":[14.25,4.9,13.75],"rotation":{"angle":-22.5,"axis":"x","origin":[1.5,15.4,13.75]},"faces":{"north":{"uv":[12.5,0,11,2.5],"texture":"#0"},"east":{"uv":[11,0,12.5,2.5],"texture":"#0"},"south":{"uv":[12.5,0,11,2.5],"texture":"#0"},"west":{"uv":[11,0,12.5,2.5],"texture":"#0"},"up":{"uv":[11,2.5,12.5,4],"rotation":90,"texture":"#0"},"down":{"uv":[11,4,12.5,5.5],"rotation":270,"texture":"#0"}}},{"from":[7.75,-0.1,5],"to":[11.25,4.9,8.5],"rotation":{"angle":0,"axis":"x","origin":[1.5,11.2,7.75]},"faces":{"north":{"uv":[12.5,0,11,2.5],"texture":"#0"},"east":{"uv":[11,0,12.5,2.5],"texture":"#0"},"south":{"uv":[12.5,0,11,2.5],"texture":"#0"},"west":{"uv":[11,0,12.5,2.5],"texture":"#0"},"up":{"uv":[11,2.5,12.5,4],"rotation":90,"texture":"#0"},"down":{"uv":[11,4,12.5,5.5],"rotation":270,"texture":"#0"}}},{"from":[-0.5,0,8.25],"to":[17.5,3,11.25],"rotation":{"angle":0,"axis":"x","origin":[7.5,16,7.75]},"faces":{"north":{"uv":[1.5,0,3,9],"rotation":90,"texture":"#0"},"east":{"uv":[4.5,11,3,9.5],"rotation":180,"texture":"#0"},"south":{"uv":[1.5,0,3,9],"rotation":270,"texture":"#0"},"west":{"uv":[4.5,1.5,3,0],"texture":"#0"},"up":{"uv":[3,0,1.5,9],"rotation":270,"texture":"#0"},"down":{"uv":[3,0,1.5,9],"rotation":270,"texture":"#0"}}},{"from":[-2.5,6,8.25],"to":[18.5,9,11.25],"rotation":{"angle":0,"axis":"x","origin":[7.5,16,7.75]},"faces":{"north":{"uv":[1.5,0,3,10.5],"rotation":90,"texture":"#0"},"east":{"uv":[4.5,11,3,9.5],"rotation":180,"texture":"#0"},"south":{"uv":[1.5,0,3,10.5],"rotation":270,"texture":"#0"},"west":{"uv":[4.5,1.5,3,0],"texture":"#0"},"up":{"uv":[3,0,1.5,10.5],"rotation":270,"texture":"#0"},"down":{"uv":[3,0,1.5,10.5],"rotation":270,"texture":"#0"}}},{"from":[-1.5,12,8.25],"to":[17.5,15,11.25],"rotation":{"angle":0,"axis":"x","origin":[7.5,16,7.75]},"faces":{"north":{"uv":[1.5,0,3,9.5],"rotation":90,"texture":"#0"},"east":{"uv":[4.5,11,3,9.5],"rotation":180,"texture":"#0"},"south":{"uv":[1.5,0,3,9.5],"rotation":270,"texture":"#0"},"west":{"uv":[4.5,1.5,3,0],"texture":"#0"},"up":{"uv":[3,0,1.5,9.5],"rotation":270,"texture":"#0"},"down":{"uv":[3,0,1.5,9.5],"rotation":270,"texture":"#0"}}}],"display":{"thirdperson_righthand":{"rotation":[9.25,0,0],"scale":[0.4,0.4,0.4]},"thirdperson_lefthand":{"rotation":[9.25,0,0],"scale":[0.4,0.4,0.4]},"firstperson_righthand":{"translation":[4,0,0],"scale":[0.55,0.55,0.55]},"firstperson_lefthand":{"translation":[4,0,0],"scale":[0.55,0.55,0.55]},"ground":{"translation":[0,-1.5,0],"scale":[0.3,0.3,0.3]},"gui":{"rotation":[30,-45,0],"translation":[-0.25,-0.75,0],"scale":[0.5,0.5,0.5]},"head":{"translation":[0,-17.75,0],"scale":[3.2,3.2,3.2]},"fixed":{"rotation":[-90,0,0],"translation":[0,0,-33],"scale":[4,4,4]}}}