{"credit":"magic_store_official","texture_size":[64,64],"textures":{"0":"magic_store:furnitures/medieval_pack_v4/medieval_pack_v4_bridge","1":"magic_store:furnitures/medieval_pack_v4/medieval_pack_v4_standlight","particle":"magic_store:furnitures/medieval_pack_v4/medieval_pack_v4_bridge"},"elements":[{"from":[0,-16,0],"to":[5,16,5],"faces":{"north":{"uv":[0.9375,3,1.25,5],"texture":"#0"},"east":{"uv":[1.25,3,0.9375,5],"texture":"#0"},"south":{"uv":[0.9375,3,1.25,5],"texture":"#0"},"west":{"uv":[1.25,3,0.9375,5],"texture":"#0"},"up":{"uv":[3.4375,4.9375,3.125,4.625],"texture":"#0"},"down":{"uv":[3.75,4.625,3.4375,4.9375],"texture":"#0"}}},{"from":[-0.5,-16,-0.5],"to":[5.5,-6,5.5],"faces":{"north":{"uv":[12.5,0,11,2.5],"texture":"#1"},"east":{"uv":[11,0,12.5,2.5],"texture":"#1"},"south":{"uv":[12.5,0,11,2.5],"texture":"#1"},"west":{"uv":[11,0,12.5,2.5],"texture":"#1"},"up":{"uv":[12.5,2.5,11,4],"texture":"#1"},"down":{"uv":[12.5,2.5,11,4],"texture":"#1"}}}],"display":{"thirdperson_righthand":{"scale":[0.2,0.2,0.2]},"thirdperson_lefthand":{"scale":[0.2,0.2,0.2]},"firstperson_righthand":{"rotation":[0,-155,0],"translation":[3,0,0],"scale":[0.3,0.3,0.3]},"firstperson_lefthand":{"rotation":[0,-155,0],"translation":[4.25,0,0],"scale":[0.3,0.3,0.3]},"ground":{"translation":[0,1.5,0],"scale":[0.2,0.2,0.2]},"gui":{"rotation":[30,45,0],"translation":[1.75,0,0],"scale":[0.25,0.25,0.25]},"head":{"translation":[0,-5,0],"scale":[1.6,1.6,1.6]},"fixed":{"rotation":[-90,0,0],"translation":[0,0,-48],"scale":[2,2,2]}}}