{"credit":"magic_store_official","texture_size":[32,32],"textures":{"2":"magic_store:furnitures/medieval_pack_v4/medieval_pack_v4_tower_1","3":"magic_store:furnitures/medieval_pack_v4/medieval_pack_v4_standlight","particle":"magic_store:furnitures/medieval_pack_v4/medieval_pack_v4_ladder"},"elements":[{"from":[-2.75,-16,-2],"to":[0.25,16,1],"rotation":{"angle":0,"axis":"y","origin":[-9.25,-16,-9]},"faces":{"north":{"uv":[3,0,1.5,16],"texture":"#3"},"east":{"uv":[1.5,0,3,16],"texture":"#3"},"south":{"uv":[3,0,1.5,16],"texture":"#3"},"west":{"uv":[1.5,0,3,16],"texture":"#3"},"up":{"uv":[4.5,1.5,3,0],"texture":"#3"},"down":{"uv":[4.5,11,3,9.5],"texture":"#3"}}},{"from":[-3,-12.1,-2.25],"to":[0.5,-7.1,1.25],"rotation":{"angle":0,"axis":"y","origin":[-9.25,-16,-9]},"faces":{"north":{"uv":[12.5,0,11,2.5],"texture":"#3"},"east":{"uv":[11,0,12.5,2.5],"texture":"#3"},"south":{"uv":[12.5,0,11,2.5],"texture":"#3"},"west":{"uv":[11,0,12.5,2.5],"texture":"#3"},"up":{"uv":[12.5,2.5,11,4],"texture":"#3"},"down":{"uv":[12.5,4,11,5.5],"texture":"#3"}}},{"from":[-2.69194,12,0.95806],"to":[0.30806,15,8.95806],"rotation":{"angle":0,"axis":"y","origin":[-1.19194,6.5,-0.5]},"faces":{"north":{"uv":[0,12,1.5,13.5],"rotation":90,"texture":"#3"},"east":{"uv":[0,0,1.5,4],"rotation":90,"texture":"#3"},"south":{"uv":[0,13.5,1.5,15],"rotation":90,"texture":"#3"},"west":{"uv":[0,4,1.5,0],"rotation":90,"texture":"#3"},"up":{"uv":[0,4,1.5,8],"texture":"#3"},"down":{"uv":[0,8,1.5,12],"texture":"#3"}}},{"from":[-2.19194,9.54334,-2.07322],"to":[-0.19194,10.54334,4.92678],"rotation":{"angle":-45,"axis":"x","origin":[-1.19194,12.04334,2.42678]},"faces":{"north":{"uv":[3,8.5,4,9],"texture":"#3"},"east":{"uv":[4,5,4.5,1.5],"rotation":90,"texture":"#3"},"south":{"uv":[4,9,3,9.5],"texture":"#3"},"west":{"uv":[4,1.5,4.5,5],"rotation":90,"texture":"#3"},"up":{"uv":[4,8.5,3,5],"texture":"#3"},"down":{"uv":[4,1.5,3,5],"texture":"#3"}}},{"from":[0.36612,12,-2],"to":[8.36612,15,1],"rotation":{"angle":0,"axis":"y","origin":[-1.19194,6.5,-0.5]},"faces":{"north":{"uv":[0,0,1.5,4],"rotation":90,"texture":"#3"},"east":{"uv":[0,13.5,1.5,15],"rotation":90,"texture":"#3"},"south":{"uv":[0,4,1.5,0],"rotation":90,"texture":"#3"},"west":{"uv":[0,12,1.5,13.5],"rotation":90,"texture":"#3"},"up":{"uv":[0,4,1.5,8],"rotation":270,"texture":"#3"},"down":{"uv":[0,8,1.5,12],"rotation":90,"texture":"#3"}}},{"from":[-0.76517,8.71491,-1.5],"to":[6.23483,9.71491,0.5],"rotation":{"angle":45,"axis":"z","origin":[1.73483,9.21491,-0.5]},"faces":{"north":{"uv":[4,5,4.5,1.5],"rotation":90,"texture":"#3"},"east":{"uv":[4,9,3,9.5],"texture":"#3"},"south":{"uv":[4,1.5,4.5,5],"rotation":90,"texture":"#3"},"west":{"uv":[3,8.5,4,9],"texture":"#3"},"up":{"uv":[4,8.5,3,5],"rotation":270,"texture":"#3"},"down":{"uv":[4,1.5,3,5],"rotation":90,"texture":"#3"}}},{"from":[-2.75,16,-2],"to":[0.25,32,1],"rotation":{"angle":0,"axis":"y","origin":[-9.25,-16,-9]},"faces":{"north":{"uv":[3,0,1.5,8],"texture":"#3"},"east":{"uv":[1.5,0,3,8],"texture":"#3"},"south":{"uv":[3,0,1.5,8],"texture":"#3"},"west":{"uv":[1.5,0,3,8],"texture":"#3"},"up":{"uv":[4.5,1.5,3,0],"texture":"#3"},"down":{"uv":[4.5,11,3,9.5],"texture":"#3"}}},{"from":[16.5,-16,-2],"to":[19.5,16,1],"rotation":{"angle":0,"axis":"y","origin":[26,-16,-9]},"faces":{"north":{"uv":[1.5,0,3,16],"texture":"#3"},"east":{"uv":[3,0,1.5,16],"texture":"#3"},"south":{"uv":[1.5,0,3,16],"texture":"#3"},"west":{"uv":[3,0,1.5,16],"texture":"#3"},"up":{"uv":[3,1.5,4.5,0],"texture":"#3"},"down":{"uv":[3,11,4.5,9.5],"texture":"#3"}}},{"from":[16.25,-12.1,-2.25],"to":[19.75,-7.1,1.25],"rotation":{"angle":0,"axis":"y","origin":[26,-16,-9]},"faces":{"north":{"uv":[11,0,12.5,2.5],"texture":"#3"},"east":{"uv":[12.5,0,11,2.5],"texture":"#3"},"south":{"uv":[11,0,12.5,2.5],"texture":"#3"},"west":{"uv":[12.5,0,11,2.5],"texture":"#3"},"up":{"uv":[11,2.5,12.5,4],"texture":"#3"},"down":{"uv":[11,4,12.5,5.5],"texture":"#3"}}},{"from":[16.44194,12,1.05806],"to":[19.44194,15,9.05806],"rotation":{"angle":0,"axis":"y","origin":[17.94194,6.5,-0.5]},"faces":{"north":{"uv":[0,13.5,1.5,12],"rotation":90,"texture":"#3"},"east":{"uv":[0,0,1.5,4],"rotation":90,"texture":"#3"},"south":{"uv":[0,15,1.5,13.5],"rotation":90,"texture":"#3"},"west":{"uv":[0,4,1.5,0],"rotation":90,"texture":"#3"},"up":{"uv":[1.5,4,0,8],"texture":"#3"},"down":{"uv":[1.5,8,0,12],"texture":"#3"}}},{"from":[16.94194,9.54334,-2.07322],"to":[18.94194,10.54334,4.92678],"rotation":{"angle":-45,"axis":"x","origin":[17.94194,12.04334,2.42678]},"faces":{"north":{"uv":[4,8.5,3,9],"texture":"#3"},"east":{"uv":[4,5,4.5,1.5],"rotation":90,"texture":"#3"},"south":{"uv":[3,9,4,9.5],"texture":"#3"},"west":{"uv":[4,1.5,4.5,5],"rotation":90,"texture":"#3"},"up":{"uv":[3,8.5,4,5],"texture":"#3"},"down":{"uv":[3,1.5,4,5],"texture":"#3"}}},{"from":[16.5,16,-2],"to":[19.5,32,1],"rotation":{"angle":0,"axis":"y","origin":[26,-16,-9]},"faces":{"north":{"uv":[1.5,0,3,8],"texture":"#3"},"east":{"uv":[3,0,1.5,8],"texture":"#3"},"south":{"uv":[1.5,0,3,8],"texture":"#3"},"west":{"uv":[3,0,1.5,8],"texture":"#3"},"up":{"uv":[3,1.5,4.5,0],"texture":"#3"},"down":{"uv":[3,11,4.5,9.5],"texture":"#3"}}},{"from":[8.38388,12,-2],"to":[16.38388,15,1],"rotation":{"angle":0,"axis":"y","origin":[17.94194,6.5,-0.5]},"faces":{"north":{"uv":[0,4,1.5,0],"rotation":90,"texture":"#3"},"east":{"uv":[0,13.5,1.5,12],"rotation":90,"texture":"#3"},"south":{"uv":[0,0,1.5,4],"rotation":90,"texture":"#3"},"west":{"uv":[0,15,1.5,13.5],"rotation":90,"texture":"#3"},"up":{"uv":[0,8,1.5,4],"rotation":270,"texture":"#3"},"down":{"uv":[0,12,1.5,8],"rotation":90,"texture":"#3"}}},{"from":[10.51517,8.71491,-1.5],"to":[17.51517,9.71491,0.5],"rotation":{"angle":-45,"axis":"z","origin":[15.01517,9.21491,-0.5]},"faces":{"north":{"uv":[4,1.5,4.5,5],"rotation":90,"texture":"#3"},"east":{"uv":[4,8.5,3,9],"texture":"#3"},"south":{"uv":[4,5,4.5,1.5],"rotation":90,"texture":"#3"},"west":{"uv":[3,9,4,9.5],"texture":"#3"},"up":{"uv":[4,5,3,8.5],"rotation":270,"texture":"#3"},"down":{"uv":[4,5,3,1.5],"rotation":90,"texture":"#3"}}},{"from":[-2.75,-16,17],"to":[0.25,16,20],"rotation":{"angle":0,"axis":"y","origin":[-9.25,-16,27]},"faces":{"north":{"uv":[1.5,0,3,16],"texture":"#3"},"east":{"uv":[3,0,1.5,16],"texture":"#3"},"south":{"uv":[1.5,0,3,16],"texture":"#3"},"west":{"uv":[3,0,1.5,16],"texture":"#3"},"up":{"uv":[4.5,0,3,1.5],"texture":"#3"},"down":{"uv":[4.5,9.5,3,11],"texture":"#3"}}},{"from":[-3,-12.1,16.75],"to":[0.5,-7.1,20.25],"rotation":{"angle":0,"axis":"y","origin":[-9.25,-16,27]},"faces":{"north":{"uv":[11,0,12.5,2.5],"texture":"#3"},"east":{"uv":[12.5,0,11,2.5],"texture":"#3"},"south":{"uv":[11,0,12.5,2.5],"texture":"#3"},"west":{"uv":[12.5,0,11,2.5],"texture":"#3"},"up":{"uv":[12.5,4,11,2.5],"texture":"#3"},"down":{"uv":[12.5,5.5,11,4],"texture":"#3"}}},{"from":[-2.69194,12,8.94194],"to":[0.30806,15,16.94194],"rotation":{"angle":0,"axis":"y","origin":[-1.19194,6.5,18.5]},"faces":{"north":{"uv":[0,15,1.5,13.5],"rotation":90,"texture":"#3"},"east":{"uv":[0,4,1.5,0],"rotation":90,"texture":"#3"},"south":{"uv":[0,13.5,1.5,12],"rotation":90,"texture":"#3"},"west":{"uv":[0,0,1.5,4],"rotation":90,"texture":"#3"},"up":{"uv":[0,8,1.5,4],"texture":"#3"},"down":{"uv":[0,12,1.5,8],"texture":"#3"}}},{"from":[-2.19194,9.54334,13.07322],"to":[-0.19194,10.54334,20.07322],"rotation":{"angle":45,"axis":"x","origin":[-1.19194,12.04334,15.57322]},"faces":{"north":{"uv":[3,9,4,9.5],"texture":"#3"},"east":{"uv":[4,1.5,4.5,5],"rotation":90,"texture":"#3"},"south":{"uv":[4,8.5,3,9],"texture":"#3"},"west":{"uv":[4,5,4.5,1.5],"rotation":90,"texture":"#3"},"up":{"uv":[4,5,3,8.5],"texture":"#3"},"down":{"uv":[4,5,3,1.5],"texture":"#3"}}},{"from":[-2.75,16,17],"to":[0.25,32,20],"rotation":{"angle":0,"axis":"y","origin":[-9.25,-16,27]},"faces":{"north":{"uv":[1.5,0,3,8],"texture":"#3"},"east":{"uv":[3,0,1.5,8],"texture":"#3"},"south":{"uv":[1.5,0,3,8],"texture":"#3"},"west":{"uv":[3,0,1.5,8],"texture":"#3"},"up":{"uv":[4.5,0,3,1.5],"texture":"#3"},"down":{"uv":[4.5,9.5,3,11],"texture":"#3"}}},{"from":[0.36612,12,17],"to":[8.36612,15,20],"rotation":{"angle":0,"axis":"y","origin":[-1.19194,6.5,18.5]},"faces":{"north":{"uv":[0,0,1.5,4],"rotation":90,"texture":"#3"},"east":{"uv":[0,13.5,1.5,15],"rotation":90,"texture":"#3"},"south":{"uv":[0,4,1.5,0],"rotation":90,"texture":"#3"},"west":{"uv":[0,12,1.5,13.5],"rotation":90,"texture":"#3"},"up":{"uv":[0,4,1.5,8],"rotation":270,"texture":"#3"},"down":{"uv":[0,8,1.5,12],"rotation":90,"texture":"#3"}}},{"from":[-0.76517,8.71491,17.5],"to":[6.23483,9.71491,19.5],"rotation":{"angle":45,"axis":"z","origin":[1.73483,9.21491,18.5]},"faces":{"north":{"uv":[4,5,4.5,1.5],"rotation":90,"texture":"#3"},"east":{"uv":[4,9,3,9.5],"texture":"#3"},"south":{"uv":[4,1.5,4.5,5],"rotation":90,"texture":"#3"},"west":{"uv":[3,8.5,4,9],"texture":"#3"},"up":{"uv":[4,8.5,3,5],"rotation":270,"texture":"#3"},"down":{"uv":[4,1.5,3,5],"rotation":90,"texture":"#3"}}},{"from":[16.25,-12.1,16.75],"to":[19.75,-7.1,20.25],"rotation":{"angle":0,"axis":"y","origin":[26,-16,27]},"faces":{"north":{"uv":[12.5,0,11,2.5],"texture":"#3"},"east":{"uv":[11,0,12.5,2.5],"texture":"#3"},"south":{"uv":[12.5,0,11,2.5],"texture":"#3"},"west":{"uv":[11,0,12.5,2.5],"texture":"#3"},"up":{"uv":[11,4,12.5,2.5],"texture":"#3"},"down":{"uv":[11,5.5,12.5,4],"texture":"#3"}}},{"from":[16.44194,12,8.94194],"to":[19.44194,15,16.94194],"rotation":{"angle":0,"axis":"y","origin":[17.94194,6.5,18.5]},"faces":{"north":{"uv":[0,13.5,1.5,15],"rotation":90,"texture":"#3"},"east":{"uv":[0,4,1.5,0],"rotation":90,"texture":"#3"},"south":{"uv":[0,12,1.5,13.5],"rotation":90,"texture":"#3"},"west":{"uv":[0,0,1.5,4],"rotation":90,"texture":"#3"},"up":{"uv":[1.5,8,0,4],"texture":"#3"},"down":{"uv":[1.5,12,0,8],"texture":"#3"}}},{"from":[16.94194,9.54334,13.07322],"to":[18.94194,10.54334,20.07322],"rotation":{"angle":45,"axis":"x","origin":[17.94194,12.04334,15.57322]},"faces":{"north":{"uv":[4,9,3,9.5],"texture":"#3"},"east":{"uv":[4,1.5,4.5,5],"rotation":90,"texture":"#3"},"south":{"uv":[3,8.5,4,9],"texture":"#3"},"west":{"uv":[4,5,4.5,1.5],"rotation":90,"texture":"#3"},"up":{"uv":[3,5,4,8.5],"texture":"#3"},"down":{"uv":[3,5,4,1.5],"texture":"#3"}}},{"from":[16.5,16,17],"to":[19.5,32,20],"rotation":{"angle":0,"axis":"y","origin":[26,-16,27]},"faces":{"north":{"uv":[3,0,1.5,8],"texture":"#3"},"east":{"uv":[1.5,0,3,8],"texture":"#3"},"south":{"uv":[3,0,1.5,8],"texture":"#3"},"west":{"uv":[1.5,0,3,8],"texture":"#3"},"up":{"uv":[3,0,4.5,1.5],"texture":"#3"},"down":{"uv":[3,9.5,4.5,11],"texture":"#3"}}},{"from":[10.51517,8.71491,17.5],"to":[17.51517,9.71491,19.5],"rotation":{"angle":-45,"axis":"z","origin":[15.01517,9.21491,18.5]},"faces":{"north":{"uv":[4,1.5,4.5,5],"rotation":90,"texture":"#3"},"east":{"uv":[4,8.5,3,9],"texture":"#3"},"south":{"uv":[4,5,4.5,1.5],"rotation":90,"texture":"#3"},"west":{"uv":[3,9,4,9.5],"texture":"#3"},"up":{"uv":[4,5,3,8.5],"rotation":270,"texture":"#3"},"down":{"uv":[4,5,3,1.5],"rotation":90,"texture":"#3"}}},{"from":[8.38388,12,17],"to":[16.48388,15,20],"rotation":{"angle":0,"axis":"y","origin":[17.94194,6.5,18.5]},"faces":{"north":{"uv":[0,4,1.5,0],"rotation":90,"texture":"#3"},"east":{"uv":[0,13.5,1.5,12],"rotation":90,"texture":"#3"},"south":{"uv":[0,0,1.5,4],"rotation":90,"texture":"#3"},"west":{"uv":[0,15,1.5,13.5],"rotation":90,"texture":"#3"},"up":{"uv":[0,8,1.5,4],"rotation":270,"texture":"#3"},"down":{"uv":[0,12,1.5,8],"rotation":90,"texture":"#3"}}},{"from":[16.5,-16,17],"to":[19.5,16,20],"rotation":{"angle":0,"axis":"y","origin":[26,-16,27]},"faces":{"north":{"uv":[3,0,1.5,16],"texture":"#3"},"east":{"uv":[1.5,0,3,16],"texture":"#3"},"south":{"uv":[3,0,1.5,16],"texture":"#3"},"west":{"uv":[1.5,0,3,16],"texture":"#3"},"up":{"uv":[3,0,4.5,1.5],"texture":"#3"},"down":{"uv":[3,9.5,4.5,11],"texture":"#3"}}},{"from":[0,15,1],"to":[16.5,16,17],"rotation":{"angle":0,"axis":"y","origin":[0,0,1]},"faces":{"north":{"uv":[4.25,0,8.375,0.25],"texture":"#2"},"east":{"uv":[4.25,0.5,8.25,0.75],"texture":"#2"},"south":{"uv":[4.25,0.25,8.375,0.5],"texture":"#2"},"west":{"uv":[4.25,0.75,8.25,1],"texture":"#2"},"up":{"uv":[4.125,4,0,0],"texture":"#2"},"down":{"uv":[4.125,4,0,0],"texture":"#2"}}}],"display":{"thirdperson_righthand":{"scale":[0.2,0.2,0.2]},"thirdperson_lefthand":{"scale":[0.2,0.2,0.2]},"firstperson_righthand":{"rotation":[0,-155,0],"translation":[4.25,0,0],"scale":[0.3,0.3,0.3]},"firstperson_lefthand":{"rotation":[0,-155,0],"translation":[4.25,0,0],"scale":[0.3,0.3,0.3]},"ground":{"translation":[0,1.5,0],"scale":[0.2,0.2,0.2]},"gui":{"rotation":[30,45,0],"translation":[-0.5,0,0],"scale":[0.25,0.25,0.25]},"head":{"translation":[0,33.5,0],"scale":[3.2,3.2,3.2]},"fixed":{"rotation":[-90,0,0],"translation":[0,0,-80],"scale":[4,4,4]}}}