{"credit":"magic_store_official","textures":{"0":"magic_store:furnitures/medieval_pack_v4/medieval_pack_v4_bridge","1":"magic_store:furnitures/medieval_pack_v4/medieval_pack_v4_standlight","particle":"magic_store:furnitures/medieval_pack_v4/medieval_pack_v4_bridge"},"elements":[{"from":[-11,12,26],"to":[27,16,31],"faces":{"north":{"uv":[2.375,1.25,0,1],"texture":"#0"},"east":{"uv":[0,7.0625,0.3125,7.3125],"texture":"#0"},"south":{"uv":[2.375,1,0,1.25],"texture":"#0"},"west":{"uv":[0,7.0625,0.3125,7.3125],"texture":"#0"},"up":{"uv":[2.375,1.3125,0,1],"texture":"#0"},"down":{"uv":[2.375,1.625,0,1.9375],"texture":"#0"}}},{"from":[-11,12,12],"to":[27,16,17],"faces":{"north":{"uv":[2.375,1.25,0,1],"texture":"#0"},"east":{"uv":[0,7.0625,0.3125,7.3125],"texture":"#0"},"south":{"uv":[2.375,1,0,1.25],"texture":"#0"},"west":{"uv":[0,7.0625,0.3125,7.3125],"texture":"#0"},"up":{"uv":[2.375,1.3125,0,1],"texture":"#0"},"down":{"uv":[2.375,1.625,0,1.9375],"texture":"#0"}}},{"from":[-11,12,6],"to":[27,16,11],"faces":{"north":{"uv":[2.375,1.25,0,1],"texture":"#0"},"east":{"uv":[0,7.0625,0.3125,7.3125],"texture":"#0"},"south":{"uv":[2.375,1,0,1.25],"texture":"#0"},"west":{"uv":[0,7.0625,0.3125,7.3125],"texture":"#0"},"up":{"uv":[2.375,1.3125,0,1],"texture":"#0"},"down":{"uv":[2.375,1.625,0,1.9375],"texture":"#0"}}},{"from":[-11,12,-8],"to":[27,16,-3],"faces":{"north":{"uv":[2.375,1.25,0,1],"texture":"#0"},"east":{"uv":[0,7.0625,0.3125,7.3125],"texture":"#0"},"south":{"uv":[2.375,1,0,1.25],"texture":"#0"},"west":{"uv":[0,7.0625,0.3125,7.3125],"texture":"#0"},"up":{"uv":[2.375,1.3125,0,1],"texture":"#0"},"down":{"uv":[2.375,1.625,0,1.9375],"texture":"#0"}}},{"from":[-11,12,19],"to":[27,16,24],"faces":{"north":{"uv":[2.375,1.25,0,1],"texture":"#0"},"east":{"uv":[0,7.0625,0.3125,7.3125],"texture":"#0"},"south":{"uv":[2.375,1.25,0,1],"texture":"#0"},"west":{"uv":[0,7.0625,0.3125,7.3125],"texture":"#0"},"up":{"uv":[2.375,1.625,0,1.3125],"texture":"#0"},"down":{"uv":[2.375,1.625,0,1.9375],"texture":"#0"}}},{"from":[-11,12,-1],"to":[27,16,4],"faces":{"north":{"uv":[2.375,1.25,0,1],"texture":"#0"},"east":{"uv":[0,7.0625,0.3125,7.3125],"texture":"#0"},"south":{"uv":[2.375,1.25,0,1],"texture":"#0"},"west":{"uv":[0,7.0625,0.3125,7.3125],"texture":"#0"},"up":{"uv":[2.375,1.625,0,1.3125],"texture":"#0"},"down":{"uv":[2.375,1.625,0,1.9375],"texture":"#0"}}},{"from":[-11,12,-15],"to":[27,16,-10],"faces":{"north":{"uv":[2.375,1.25,0,1],"texture":"#0"},"east":{"uv":[0,7.0625,0.3125,7.3125],"texture":"#0"},"south":{"uv":[2.375,1.25,0,1],"texture":"#0"},"west":{"uv":[0,7.0625,0.3125,7.3125],"texture":"#0"},"up":{"uv":[2.375,1.625,0,1.3125],"texture":"#0"},"down":{"uv":[2.375,1.625,0,1.9375],"texture":"#0"}}},{"from":[27,11,-16],"to":[32,16,32],"rotation":{"angle":0,"axis":"y","origin":[5.5,8,8.5]},"faces":{"north":{"uv":[3.75,4.625,3.4375,4.9375],"rotation":180,"texture":"#0"},"east":{"uv":[1.25,3,0.9375,6],"rotation":270,"texture":"#0"},"south":{"uv":[3.4375,4.9375,3.125,4.625],"texture":"#0"},"west":{"uv":[1.25,3,0.9375,6],"rotation":90,"texture":"#0"},"up":{"uv":[0.9375,3,1.25,6],"rotation":180,"texture":"#0"},"down":{"uv":[0.9375,3,1.25,6],"texture":"#0"}}},{"from":[-16,11,-16],"to":[-11,16,32],"rotation":{"angle":0,"axis":"y","origin":[5.5,8,8.5]},"faces":{"north":{"uv":[3.75,4.625,3.4375,4.9375],"rotation":180,"texture":"#0"},"east":{"uv":[1.25,3,0.9375,6],"rotation":270,"texture":"#0"},"south":{"uv":[3.4375,4.9375,3.125,4.625],"texture":"#0"},"west":{"uv":[1.25,3,0.9375,6],"rotation":90,"texture":"#0"},"up":{"uv":[0.9375,3,1.25,6],"rotation":180,"texture":"#0"},"down":{"uv":[0.9375,3,1.25,6],"texture":"#0"}}},{"from":[-15.9,0,-16],"to":[-10.9,5,32],"rotation":{"angle":0,"axis":"y","origin":[5.5,8,8.5]},"faces":{"north":{"uv":[3.75,4.9375,3.4375,4.625],"rotation":180,"texture":"#0"},"east":{"uv":[0.9375,3,1.25,6],"rotation":270,"texture":"#0"},"south":{"uv":[3.4375,4.625,3.125,4.9375],"texture":"#0"},"west":{"uv":[0.9375,3,1.25,6],"rotation":90,"texture":"#0"},"up":{"uv":[0.9375,6,1.25,3],"texture":"#0"},"down":{"uv":[0.9375,6,1.25,3],"rotation":180,"texture":"#0"}}},{"from":[26.9,0,-16],"to":[31.9,5,32],"rotation":{"angle":0,"axis":"y","origin":[5.5,8,8.5]},"faces":{"north":{"uv":[3.75,4.9375,3.4375,4.625],"rotation":180,"texture":"#0"},"east":{"uv":[0.9375,3,1.25,6],"rotation":270,"texture":"#0"},"south":{"uv":[3.4375,4.625,3.125,4.9375],"texture":"#0"},"west":{"uv":[0.9375,3,1.25,6],"rotation":90,"texture":"#0"},"up":{"uv":[0.9375,6,1.25,3],"texture":"#0"},"down":{"uv":[0.9375,6,1.25,3],"rotation":180,"texture":"#0"}}},{"from":[27,16,-16],"to":[32,32,-11],"faces":{"north":{"uv":[1.25,3.9375,0.9375,4.9375],"texture":"#0"},"east":{"uv":[0.9375,3.9375,1.25,4.9375],"texture":"#0"},"south":{"uv":[1.25,3.9375,0.9375,4.9375],"texture":"#0"},"west":{"uv":[0.9375,3.9375,1.25,4.9375],"texture":"#0"},"up":{"uv":[3.4375,4.9375,3.125,4.625],"texture":"#0"},"down":{"uv":[3.4375,4.9375,3.125,4.625],"texture":"#0"}}},{"from":[-16,16,-16],"to":[-11,32,-11],"faces":{"north":{"uv":[1.25,3.9375,0.9375,4.9375],"texture":"#0"},"east":{"uv":[0.9375,3.9375,1.25,4.9375],"texture":"#0"},"south":{"uv":[1.25,3.9375,0.9375,4.9375],"texture":"#0"},"west":{"uv":[0.9375,3.9375,1.25,4.9375],"texture":"#0"},"up":{"uv":[3.4375,4.9375,3.125,4.625],"texture":"#0"},"down":{"uv":[3.4375,4.9375,3.125,4.625],"texture":"#0"}}},{"from":[27,16,27],"to":[32,32,32],"faces":{"north":{"uv":[1.25,3.9375,0.9375,4.9375],"texture":"#0"},"east":{"uv":[0.9375,3.9375,1.25,4.9375],"texture":"#0"},"south":{"uv":[1.25,3.9375,0.9375,4.9375],"texture":"#0"},"west":{"uv":[0.9375,3.9375,1.25,4.9375],"texture":"#0"},"up":{"uv":[3.4375,4.9375,3.125,4.625],"texture":"#0"},"down":{"uv":[3.4375,4.9375,3.125,4.625],"texture":"#0"}}},{"from":[-16,16,27],"to":[-11,32,32],"faces":{"north":{"uv":[1.25,3.9375,0.9375,4.9375],"texture":"#0"},"east":{"uv":[0.9375,3.9375,1.25,4.9375],"texture":"#0"},"south":{"uv":[1.25,3.9375,0.9375,4.9375],"texture":"#0"},"west":{"uv":[0.9375,3.9375,1.25,4.9375],"texture":"#0"},"up":{"uv":[3.4375,4.9375,3.125,4.625],"texture":"#0"},"down":{"uv":[3.4375,4.9375,3.125,4.625],"texture":"#0"}}},{"from":[-16,-16,5.5],"to":[-11,0,10.5],"faces":{"north":{"uv":[1.25,3.9375,0.9375,4.9375],"texture":"#0"},"east":{"uv":[0.9375,3.9375,1.25,4.9375],"texture":"#0"},"south":{"uv":[1.25,3.9375,0.9375,4.9375],"texture":"#0"},"west":{"uv":[0.9375,3.9375,1.25,4.9375],"texture":"#0"},"up":{"uv":[3.4375,4.9375,3.125,4.625],"texture":"#0"},"down":{"uv":[3.4375,4.9375,3.125,4.625],"texture":"#0"}}},{"from":[-15.9,5,5.5],"to":[-10.9,11,10.5],"faces":{"north":{"uv":[1.25,3.9375,0.9375,4.3125],"texture":"#0"},"east":{"uv":[0.9375,3.9375,1.25,4.3125],"texture":"#0"},"south":{"uv":[1.25,3.9375,0.9375,4.3125],"texture":"#0"},"west":{"uv":[0.9375,3.9375,1.25,4.3125],"texture":"#0"},"up":{"uv":[3.4375,4.9375,3.125,4.625],"texture":"#0"},"down":{"uv":[3.4375,4.9375,3.125,4.625],"texture":"#0"}}},{"from":[26.9,5,5.5],"to":[31.9,11,10.5],"faces":{"north":{"uv":[1.25,3.9375,0.9375,4.3125],"texture":"#0"},"east":{"uv":[0.9375,3.9375,1.25,4.3125],"texture":"#0"},"south":{"uv":[1.25,3.9375,0.9375,4.3125],"texture":"#0"},"west":{"uv":[0.9375,3.9375,1.25,4.3125],"texture":"#0"},"up":{"uv":[3.4375,4.9375,3.125,4.625],"texture":"#0"},"down":{"uv":[3.4375,4.9375,3.125,4.625],"texture":"#0"}}},{"from":[27,-16,5.5],"to":[32,0,10.5],"faces":{"north":{"uv":[1.25,3.9375,0.9375,4.9375],"texture":"#0"},"east":{"uv":[0.9375,3.9375,1.25,4.9375],"texture":"#0"},"south":{"uv":[1.25,3.9375,0.9375,4.9375],"texture":"#0"},"west":{"uv":[0.9375,3.9375,1.25,4.9375],"texture":"#0"},"up":{"uv":[3.4375,4.9375,3.125,4.625],"texture":"#0"},"down":{"uv":[3.4375,4.9375,3.125,4.625],"texture":"#0"}}},{"from":[-11,0,5.5],"to":[27,5,10.5],"rotation":{"angle":0,"axis":"y","origin":[8,-4.5,-13.5]},"faces":{"north":{"uv":[0.9375,5.375,0.625,3],"rotation":90,"texture":"#0"},"east":{"uv":[3.4375,4.9375,3.125,4.625],"texture":"#0"},"south":{"uv":[0.625,3,0.9375,5.375],"rotation":90,"texture":"#0"},"west":{"uv":[3.4375,4.9375,3.125,4.625],"texture":"#0"},"up":{"uv":[0.625,5.375,0.9375,3],"rotation":270,"texture":"#0"},"down":{"uv":[0.9375,3,0.625,5.375],"rotation":90,"texture":"#0"}}},{"from":[26,0,5],"to":[32,10,11],"faces":{"north":{"uv":[12.5,0,11,2.5],"texture":"#1"},"east":{"uv":[11,0,12.5,2.5],"texture":"#1"},"south":{"uv":[12.5,0,11,2.5],"texture":"#1"},"west":{"uv":[11,0,12.5,2.5],"texture":"#1"},"up":{"uv":[11,2.5,12.5,4],"texture":"#1"},"down":{"uv":[11,4,12.5,5.5],"texture":"#1"}}},{"from":[-16,0,5],"to":[-10,10,11],"faces":{"north":{"uv":[12.5,0,11,2.5],"texture":"#1"},"east":{"uv":[11,0,12.5,2.5],"texture":"#1"},"south":{"uv":[12.5,0,11,2.5],"texture":"#1"},"west":{"uv":[11,0,12.5,2.5],"texture":"#1"},"up":{"uv":[11,2.5,12.5,4],"texture":"#1"},"down":{"uv":[11,4,12.5,5.5],"texture":"#1"}}}],"display":{"thirdperson_righthand":{"scale":[0.2,0.2,0.2]},"thirdperson_lefthand":{"scale":[0.2,0.2,0.2]},"firstperson_righthand":{"rotation":[0,-155,0],"translation":[4.25,0,0],"scale":[0.3,0.3,0.3]},"firstperson_lefthand":{"rotation":[0,-155,0],"translation":[4.25,0,0],"scale":[0.3,0.3,0.3]},"ground":{"translation":[0,1.5,0],"scale":[0.2,0.2,0.2]},"gui":{"rotation":[30,45,0],"translation":[-0.5,0,0],"scale":[0.25,0.25,0.25]},"head":{"translation":[0,33.5,0],"scale":[3.2,3.2,3.2]},"fixed":{"rotation":[-90,0,0],"translation":[0,0,-16],"scale":[2,2,2]}}}