{"credit":"magic_store_official","textures":{"0":"magic_store:furnitures/medieval_pack_v4/medieval_pack_v4_standlight","1":"magic_store:furnitures/medieval_pack_v4/firer","particle":"magic_store:furnitures/medieval_pack_v4/medieval_pack_v4_standlight"},"elements":[{"from":[7,0,6],"to":[9,24,8],"rotation":{"angle":22.5,"axis":"x","origin":[8,20,7]},"faces":{"north":{"uv":[4.5,0,5,6],"texture":"#0"},"east":{"uv":[5,0,4.5,6],"texture":"#0"},"south":{"uv":[4.5,0,5,6],"texture":"#0"},"west":{"uv":[5,0,4.5,6],"texture":"#0"},"up":{"uv":[4,5,4.5,5.5],"texture":"#0"},"down":{"uv":[4,5,4.5,5.5],"texture":"#0"}}},{"from":[5.5,23.44813,6.27445],"to":[10.5,28.44813,11.27445],"rotation":{"angle":0,"axis":"x","origin":[8,26.69813,9.77445]},"faces":{"north":{"uv":[5,0,6.25,1.25],"texture":"#0"},"east":{"uv":[6.25,0,5,1.25],"texture":"#0"},"south":{"uv":[5,0,6.25,1.25],"texture":"#0"},"west":{"uv":[6.25,0,5,1.25],"texture":"#0"},"down":{"uv":[6.25,1.25,5,2.5],"texture":"#0"}}},{"from":[5.5,28.44813,6.27445],"to":[10.5,23.44813,11.27445],"rotation":{"angle":0,"axis":"x","origin":[8,26.69813,9.77445]},"faces":{"north":{"uv":[5,1.25,6.25,0],"texture":"#0"},"east":{"uv":[6.25,1.25,5,0],"texture":"#0"},"south":{"uv":[5,1.25,6.25,0],"texture":"#0"},"west":{"uv":[6.25,1.25,5,0],"texture":"#0"},"up":{"uv":[6.25,1.25,5,2.5],"texture":"#0"}}},{"from":[8,23.44813,6.27445],"to":[8,31.44813,11.27445],"rotation":{"angle":0,"axis":"x","origin":[8,26.69813,9.77445]},"faces":{"east":{"uv":[6,1,0,10],"texture":"#1"},"west":{"uv":[0,1,6,10],"texture":"#1"}}},{"from":[5.5,23.44813,8.77445],"to":[10.5,31.44813,8.77445],"rotation":{"angle":0,"axis":"x","origin":[8,26.69813,9.77445]},"faces":{"north":{"uv":[6,1,0,10],"texture":"#1"},"south":{"uv":[0,1,6,10],"texture":"#1"}}}],"display":{"thirdperson_righthand":{"rotation":[-135.38,4.87,-177.98],"translation":[0,2,-1],"scale":[0.5,0.5,0.5]},"thirdperson_lefthand":{"rotation":[-135.38,4.87,-177.98],"translation":[0,2,-1],"scale":[0.5,0.5,0.5]},"firstperson_righthand":{"rotation":[0,-167,0],"translation":[2,-3.25,0],"scale":[0.6,0.6,0.6]},"firstperson_lefthand":{"rotation":[0,-167,0],"translation":[2,-3.25,0],"scale":[0.6,0.6,0.6]},"ground":{"rotation":[-28.14,11.23,-42.85],"translation":[0,-1.5,0],"scale":[0.35,0.35,0.35]},"gui":{"rotation":[-171.48,73.44,-157.45],"translation":[1,-3.5,0],"scale":[0.55,0.55,0.55]},"head":{"translation":[0,-30.5,0],"scale":[1.6,1.6,1.6]},"fixed":{"rotation":[-90,0,0],"translation":[0,0,-17],"scale":[2,2,2]}}}