{"credit":"Made with Blockbench","textures":{"0":"pirates_cosmetic:runes/pirate_rune_5","particle":"pirates_cosmetic:runes/pirate_rune_5"},"elements":[{"from":[5,0,8],"to":[11,1,9],"faces":{"north":{"uv":[5,15,11,16],"texture":"#0"},"east":{"uv":[5,15,6,16],"texture":"#0"},"south":{"uv":[5,15,11,16],"texture":"#0"},"west":{"uv":[10,15,11,16],"texture":"#0"},"up":{"uv":[5,15,11,16],"texture":"#0"},"down":{"uv":[5,15,11,16],"texture":"#0"}}},{"from":[0,4,8],"to":[16,12,9],"faces":{"north":{"uv":[0,4,16,12],"texture":"#0"},"east":{"uv":[0,4,1,12],"texture":"#0"},"south":{"uv":[0,4,16,12],"texture":"#0"},"west":{"uv":[0,4,1,12],"texture":"#0"},"up":{"uv":[0,11,16,12],"texture":"#0"},"down":{"uv":[0,11,16,12],"texture":"#0"}}},{"from":[1,12,8],"to":[15,13,9],"faces":{"north":{"uv":[1,3,15,4],"texture":"#0"},"east":{"uv":[1,3,2,4],"texture":"#0"},"south":{"uv":[1,3,15,4],"texture":"#0"},"west":{"uv":[1,3,2,4],"texture":"#0"},"up":{"uv":[1,3,15,4],"texture":"#0"},"down":{"uv":[1,3,15,4],"texture":"#0"}}},{"from":[1,3,8],"to":[15,4,9],"faces":{"north":{"uv":[1,12,15,13],"texture":"#0"},"east":{"uv":[14,12,15,13],"texture":"#0"},"south":{"uv":[1,12,15,13],"texture":"#0"},"west":{"uv":[1,12,2,13],"texture":"#0"},"up":{"uv":[1,12,15,13],"texture":"#0"},"down":{"uv":[1,12,15,13],"texture":"#0"}}},{"from":[2,13,8],"to":[14,14,9],"faces":{"north":{"uv":[2,2,14,3],"texture":"#0"},"east":{"uv":[2,2,3,3],"texture":"#0"},"south":{"uv":[2,2,14,3],"texture":"#0"},"west":{"uv":[2,2,3,3],"texture":"#0"},"up":{"uv":[2,2,14,3],"texture":"#0"},"down":{"uv":[2,2,14,3],"texture":"#0"}}},{"from":[2,2,8],"to":[14,3,9],"faces":{"north":{"uv":[2,13,14,14],"texture":"#0"},"east":{"uv":[13,13,14,14],"texture":"#0"},"south":{"uv":[2,13,14,14],"texture":"#0"},"west":{"uv":[2,13,3,14],"texture":"#0"},"up":{"uv":[2,13,14,14],"texture":"#0"},"down":{"uv":[2,13,14,14],"texture":"#0"}}},{"from":[3,14,8],"to":[13,15,9],"faces":{"north":{"uv":[3,1,13,2],"texture":"#0"},"east":{"uv":[3,1,4,2],"texture":"#0"},"south":{"uv":[3,1,13,2],"texture":"#0"},"west":{"uv":[12,1,13,2],"texture":"#0"},"up":{"uv":[3,1,13,2],"texture":"#0"},"down":{"uv":[3,1,13,2],"texture":"#0"}}},{"from":[3,1,8],"to":[13,2,9],"faces":{"north":{"uv":[3,14,13,15],"texture":"#0"},"east":{"uv":[2,13,3,14],"texture":"#0"},"south":{"uv":[3,14,13,15],"texture":"#0"},"west":{"uv":[13,13,14,14],"texture":"#0"},"up":{"uv":[3,14,13,15],"texture":"#0"},"down":{"uv":[3,14,13,15],"texture":"#0"}}},{"from":[5,15,8],"to":[11,16,9],"faces":{"north":{"uv":[5,0,11,1],"texture":"#0"},"east":{"uv":[5,0,6,1],"texture":"#0"},"south":{"uv":[5,0,11,1],"texture":"#0"},"west":{"uv":[10,0,11,1],"texture":"#0"},"up":{"uv":[5,0,11,1],"texture":"#0"},"down":{"uv":[5,0,11,1],"texture":"#0"}}}],"gui_light":"front","display":{"thirdperson_righthand":{"rotation":[69.25,0,0],"translation":[0.25,0,0],"scale":[0.42969,0.42969,0.42969]},"thirdperson_lefthand":{"rotation":[69.25,0,0],"translation":[0.25,0,0],"scale":[0.42969,0.42969,0.42969]},"firstperson_righthand":{"translation":[4.25,0,0],"scale":[0.41406,0.41406,0.41406]},"firstperson_lefthand":{"translation":[4.25,0,0],"scale":[0.41406,0.41406,0.41406]},"ground":{"translation":[0,0.5,0],"scale":[0.39648,0.39648,0.39648]},"gui":{"scale":[0.86328,0.875,1]},"head":{"translation":[0,10.75,0],"scale":[0.5332,0.5332,0.5332]},"fixed":{"translation":[0,0,-0.5]}}}