{"credit":"MadebyElo106","texture_size":[32,32],"textures":{"18":"vs_variety_hats:vs_cap_hat"},"elements":[{"from":[3.5,2.5,3.5],"to":[12.5,5.5,12.5],"rotation":{"angle":0,"axis":"y","origin":[8,8,8]},"faces":{"north":{"uv":[4.5,7,9,8.5],"texture":"#18"},"east":{"uv":[8,0,12.5,1.5],"texture":"#18"},"south":{"uv":[8,1.5,12.5,3],"texture":"#18"},"west":{"uv":[8,3,12.5,4.5],"texture":"#18"},"up":{"uv":[4.5,4.5,0,0],"texture":"#18"},"down":{"uv":[4.5,4.5,0,9],"texture":"#18"}}},{"from":[4.5,2.5,0.5],"to":[11.5,3.5,3.5],"rotation":{"angle":0,"axis":"y","origin":[7.5,8,8]},"faces":{"north":{"uv":[8,6,11.5,6.5],"texture":"#18"},"east":{"uv":[9,8,10.5,8.5],"texture":"#18"},"south":{"uv":[8,6.5,11.5,7],"texture":"#18"},"west":{"uv":[9,9,10.5,9.5],"texture":"#18"},"up":{"uv":[11.5,6,8,4.5],"texture":"#18"},"down":{"uv":[8,8.5,4.5,10],"texture":"#18"}}},{"from":[4.5,5.5,4.5],"to":[11.5,6.5,11.5],"rotation":{"angle":0,"axis":"y","origin":[8,8,8]},"faces":{"north":{"uv":[8,8.5,11.5,9],"texture":"#18"},"east":{"uv":[0,9,3.5,9.5],"texture":"#18"},"south":{"uv":[9,7,12.5,7.5],"texture":"#18"},"west":{"uv":[9,7.5,12.5,8],"texture":"#18"},"up":{"uv":[8,3.5,4.5,0],"texture":"#18"},"down":{"uv":[8,3.5,4.5,7],"texture":"#18"}}},{"from":[7,6,7],"to":[9,7,9],"rotation":{"angle":0,"axis":"y","origin":[-9,13,9]},"faces":{"north":{"uv":[0,9.5,1,10],"texture":"#18"},"east":{"uv":[1,9.5,2,10],"texture":"#18"},"south":{"uv":[2,9.5,3,10],"texture":"#18"},"west":{"uv":[9,9.5,10,10],"texture":"#18"},"up":{"uv":[4.5,10,3.5,9],"texture":"#18"},"down":{"uv":[9,9,8,10],"texture":"#18"}}}],"gui_light":"front","display":{"thirdperson_righthand":{"rotation":[-45,0,0],"translation":[0,0.25,-4],"scale":[0.7,0.7,0.7]},"thirdperson_lefthand":{"rotation":[-45,0,0],"translation":[0,0.25,-4],"scale":[0.7,0.7,0.7]},"firstperson_righthand":{"rotation":[160,60,160],"translation":[0.25,4,1],"scale":[0.5,0.5,0.5]},"firstperson_lefthand":{"rotation":[160,60,160],"translation":[0.25,4,1],"scale":[0.5,0.5,0.5]},"ground":{"scale":[0.6,0.6,0.6]},"gui":{"rotation":[-180,-35,-180],"translation":[0,3.25,0]},"head":{"rotation":[5,0,0],"translation":[0,13,0.75],"scale":[1.65,1.65,1.65]},"fixed":{"rotation":[-90,0,0],"translation":[0,0,-11],"scale":[2,2,2]}}}