{"credit":"MadebyElo106","texture_size":[32,32],"textures":{"26":"vs_variety_hats:vs_gas_mask"},"elements":[{"from":[1.11,-3.5667,1.5],"to":[5.11,-3.5667,3.5],"rotation":{"angle":22.5,"axis":"z","origin":[3.11,-3.5667,2.5]},"faces":{"north":{"uv":[0,0,2,0],"texture":"#26"},"east":{"uv":[0,0,1,0],"texture":"#26"},"south":{"uv":[0,0,2,0],"texture":"#26"},"west":{"uv":[0,0,1,0],"texture":"#26"},"up":{"uv":[6.5,2.5,4.5,1.5],"texture":"#26"},"down":{"uv":[6.5,2.5,4.5,3.5],"texture":"#26"}}},{"from":[1.11,-4.5667,2.5],"to":[5.11,-2.5667,2.5],"rotation":{"angle":22.5,"axis":"z","origin":[3.11,-3.5667,2.5]},"faces":{"north":{"uv":[3,4.5,5,5.5],"texture":"#26"},"east":{"uv":[0,0,0,1],"texture":"#26"},"south":{"uv":[4.5,3.5,6.5,4.5],"texture":"#26"},"west":{"uv":[0,0,0,1],"texture":"#26"},"up":{"uv":[2,0,0,0],"texture":"#26"},"down":{"uv":[2,0,0,0],"texture":"#26"}}},{"from":[10.89,-3.5667,1.5],"to":[14.89,-3.5667,3.5],"rotation":{"angle":-22.5,"axis":"z","origin":[12.89,-3.5667,2.5]},"faces":{"north":{"uv":[2,0,0,0],"texture":"#26"},"east":{"uv":[1,0,0,0],"texture":"#26"},"south":{"uv":[2,0,0,0],"texture":"#26"},"west":{"uv":[1,0,0,0],"texture":"#26"},"up":{"uv":[4.5,2.5,6.5,1.5],"texture":"#26"},"down":{"uv":[4.5,2.5,6.5,3.5],"texture":"#26"}}},{"from":[10.89,-4.5667,2.5],"to":[14.89,-2.5667,2.5],"rotation":{"angle":-22.5,"axis":"z","origin":[12.89,-3.5667,2.5]},"faces":{"north":{"uv":[5,4.5,3,5.5],"texture":"#26"},"east":{"uv":[0,0,0,1],"texture":"#26"},"south":{"uv":[6.5,3.5,4.5,4.5],"texture":"#26"},"west":{"uv":[0,0,0,1],"texture":"#26"},"up":{"uv":[0,0,2,0],"texture":"#26"},"down":{"uv":[0,0,2,0],"texture":"#26"}}},{"from":[6.499,-2.501,1.999],"to":[9.501,0.501,4.001],"rotation":{"angle":0,"axis":"y","origin":[8,-1,3]},"faces":{"north":{"uv":[3,0,4.5,1.5],"texture":"#26"},"east":{"uv":[5,4.5,6,6],"texture":"#26"},"south":{"uv":[3,1.5,4.5,3],"texture":"#26"},"west":{"uv":[0,5.5,1,7],"texture":"#26"},"up":{"uv":[2.5,6.5,1,5.5],"texture":"#26"},"down":{"uv":[4,5.5,2.5,6.5],"texture":"#26"}}},{"from":[5,0.5,3],"to":[11,4.5,4],"rotation":{"angle":0,"axis":"y","origin":[8,-1,3]},"faces":{"north":{"uv":[0,0,3,2],"texture":"#26"},"east":{"uv":[4,5.5,4.5,7.5],"texture":"#26"},"south":{"uv":[0,2,3,4],"texture":"#26"},"west":{"uv":[4.5,5.5,5,7.5],"texture":"#26"},"up":{"uv":[9,0.5,6,0],"texture":"#26"},"down":{"uv":[9,0.5,6,1],"texture":"#26"}}},{"from":[6.7703,-0.124,2.001],"to":[8.87768,1.999,3.999],"rotation":{"angle":-45,"axis":"z","origin":[7.37868,0.5,3]},"faces":{"north":{"uv":[6,4.5,7,5.5],"texture":"#26"},"east":{"uv":[5,6,6,7],"texture":"#26"},"south":{"uv":[6,5.5,7,6.5],"texture":"#26"},"west":{"uv":[1,6.5,2,7.5],"texture":"#26"},"up":{"uv":[7.5,2,6.5,1],"texture":"#26"},"down":{"uv":[3,6.5,2,7.5],"texture":"#26"}}},{"from":[7,-2,1],"to":[9,0,2],"rotation":{"angle":45,"axis":"z","origin":[8,-1,1.5]},"faces":{"north":{"uv":[6.5,2,7.5,3],"texture":"#26"},"east":{"uv":[5.5,7,6,8],"texture":"#26"},"south":{"uv":[3,6.5,4,7.5],"texture":"#26"},"west":{"uv":[7,6,7.5,7],"texture":"#26"},"up":{"uv":[8,7.5,7,7],"texture":"#26"},"down":{"uv":[2,7.5,1,8],"texture":"#26"}}},{"from":[4.5,-3,1],"to":[5.5,0,4],"rotation":{"angle":22.5,"axis":"z","origin":[8,-1,3.5]},"faces":{"north":{"uv":[6.5,3,7,4.5],"texture":"#26"},"east":{"uv":[3,3,4.5,4.5],"texture":"#26"},"south":{"uv":[6,6.5,6.5,8],"texture":"#26"},"west":{"uv":[0,4,1.5,5.5],"texture":"#26"},"up":{"uv":[7,8,6.5,6.5],"texture":"#26"},"down":{"uv":[0.5,7,0,8.5],"texture":"#26"}}},{"from":[5.5,-2,2],"to":[6.5,-1,3],"rotation":{"angle":22.5,"axis":"z","origin":[8,-1,3.5]},"faces":{"north":{"uv":[6,1,6.5,1.5],"texture":"#26"},"east":{"uv":[7.5,1,8,1.5],"texture":"#26"},"south":{"uv":[7.5,1.5,8,2],"texture":"#26"},"west":{"uv":[2,7.5,2.5,8],"texture":"#26"},"up":{"uv":[8,2.5,7.5,2],"texture":"#26"},"down":{"uv":[3,7.5,2.5,8],"texture":"#26"}}},{"from":[9.5,-2,2],"to":[10.5,-1,3],"rotation":{"angle":-22.5,"axis":"z","origin":[8,-1,3.5]},"faces":{"north":{"uv":[7.5,2.5,8,3],"texture":"#26"},"east":{"uv":[3,7.5,3.5,8],"texture":"#26"},"south":{"uv":[7.5,3,8,3.5],"texture":"#26"},"west":{"uv":[3.5,7.5,4,8],"texture":"#26"},"up":{"uv":[8,4,7.5,3.5],"texture":"#26"},"down":{"uv":[4.5,7.5,4,8],"texture":"#26"}}},{"from":[10.5,-3,1],"to":[11.5,0,4],"rotation":{"angle":-22.5,"axis":"z","origin":[8,-1,3.5]},"faces":{"north":{"uv":[0.5,7,1,8.5],"texture":"#26"},"east":{"uv":[1.5,4,3,5.5],"texture":"#26"},"south":{"uv":[7,3,7.5,4.5],"texture":"#26"},"west":{"uv":[4.5,0,6,1.5],"texture":"#26"},"up":{"uv":[7.5,6,7,4.5],"texture":"#26"},"down":{"uv":[5.5,7,5,8.5],"texture":"#26"}}}],"gui_light":"front","display":{"thirdperson_righthand":{"rotation":[7,40,0],"translation":[5,4.5,2.5]},"thirdperson_lefthand":{"rotation":[7,40,0],"translation":[5,4.5,2.5]},"firstperson_righthand":{"rotation":[135,45,-120],"translation":[0.25,7.25,4.75],"scale":[0.5,0.5,0.5]},"firstperson_lefthand":{"rotation":[135,45,-120],"translation":[0.25,7.25,4.75],"scale":[0.5,0.5,0.5]},"ground":{"scale":[0.6,0.6,0.6]},"gui":{"rotation":[180,-45,180],"translation":[-5,11.25,0],"scale":[1.42,1.42,1.42]},"head":{"translation":[0,10.5,1],"scale":[1.88,1.88,1.88]},"fixed":{"translation":[0,15,8],"scale":[2,2,2]}}}