{"credit":"MadebyElo106","texture_size":[32,32],"textures":{"23":"vs_variety_hats:vs_thor_hat"},"elements":[{"from":[3.5,2.5,3.5],"to":[12.5,4.5,12.5],"rotation":{"angle":0,"axis":"y","origin":[8.5,4.5,8.5]},"faces":{"north":{"uv":[8.5,0,13,1],"texture":"#23"},"east":{"uv":[8.5,1,13,2],"texture":"#23"},"south":{"uv":[8.5,2,13,3],"texture":"#23"},"west":{"uv":[8.5,3,13,4],"texture":"#23"},"up":{"uv":[4.5,4.5,0,0],"texture":"#23"},"down":{"uv":[4.5,4.5,0,9],"texture":"#23"}}},{"from":[2.501,6.73982,2.43953],"to":[3.499,12.73782,4.43753],"rotation":{"angle":22.5,"axis":"x","origin":[3,1.73882,4.93853]},"faces":{"north":{"uv":[6.5,10,7,13],"texture":"#23"},"east":{"uv":[0,9,1,12],"texture":"#23"},"south":{"uv":[7,10,7.5,13],"texture":"#23"},"west":{"uv":[1,9,2,12],"texture":"#23"},"up":{"uv":[4.5,12.5,4,11.5],"texture":"#23"},"down":{"uv":[5,11.5,4.5,12.5],"texture":"#23"}}},{"from":[12.499,1.499,5.499],"to":[13.501,6.501,7.501],"rotation":{"angle":-22.5,"axis":"x","origin":[13,3.5,8]},"faces":{"north":{"uv":[10,10.5,10.5,13],"texture":"#23"},"east":{"uv":[9.5,4,10.5,6.5],"texture":"#23"},"south":{"uv":[10.5,10.5,11,13],"texture":"#23"},"west":{"uv":[9.5,6.5,10.5,9],"texture":"#23"},"up":{"uv":[12,12,11.5,11],"texture":"#23"},"down":{"uv":[0.5,12,0,13],"texture":"#23"}}},{"from":[12.5,5.31493,4.54225],"to":[13.5,7.31493,6.54225],"rotation":{"angle":0,"axis":"y","origin":[13,3.31493,7.04225]},"faces":{"north":{"uv":[5,11.5,5.5,12.5],"texture":"#23"},"east":{"uv":[7.5,11,8.5,12],"texture":"#23"},"south":{"uv":[11.5,7,12,8],"texture":"#23"},"west":{"uv":[11,9,12,10],"texture":"#23"},"up":{"uv":[12,9,11.5,8],"texture":"#23"},"down":{"uv":[12,10,11.5,11],"texture":"#23"}}},{"from":[12.501,6.73982,2.43953],"to":[13.499,12.73782,4.43753],"rotation":{"angle":22.5,"axis":"x","origin":[13,1.73882,4.93853]},"faces":{"north":{"uv":[6.5,10,7,13],"texture":"#23"},"east":{"uv":[0,9,1,12],"texture":"#23"},"south":{"uv":[7,10,7.5,13],"texture":"#23"},"west":{"uv":[1,9,2,12],"texture":"#23"},"up":{"uv":[4.5,12.5,4,11.5],"texture":"#23"},"down":{"uv":[5,11.5,4.5,12.5],"texture":"#23"}}},{"from":[3,2.73882,4.43853],"to":[3,12.73882,8.43853],"rotation":{"angle":22.5,"axis":"x","origin":[3,1.73882,4.93853]},"faces":{"north":{"uv":[0,0,0,5],"texture":"#23"},"east":{"uv":[6.5,5,4.5,10],"texture":"#23"},"south":{"uv":[0,0,0,5],"texture":"#23"},"west":{"uv":[4.5,5,6.5,10],"texture":"#23"},"up":{"uv":[0,2,0,0],"texture":"#23"},"down":{"uv":[0,0,0,2],"texture":"#23"}}},{"from":[13,2.73882,4.43853],"to":[13,12.73882,8.43853],"rotation":{"angle":22.5,"axis":"x","origin":[3,1.73882,4.93853]},"faces":{"north":{"uv":[0,0,0,5],"texture":"#23"},"east":{"uv":[6.5,5,4.5,10],"texture":"#23"},"south":{"uv":[0,0,0,5],"texture":"#23"},"west":{"uv":[4.5,5,6.5,10],"texture":"#23"},"up":{"uv":[0,2,0,0],"texture":"#23"},"down":{"uv":[0,0,0,2],"texture":"#23"}}},{"from":[2.5,5.31493,4.54225],"to":[3.5,7.31493,6.54225],"rotation":{"angle":0,"axis":"y","origin":[3,3.31493,7.04225]},"faces":{"north":{"uv":[5,11.5,5.5,12.5],"texture":"#23"},"east":{"uv":[7.5,11,8.5,12],"texture":"#23"},"south":{"uv":[11.5,7,12,8],"texture":"#23"},"west":{"uv":[11,9,12,10],"texture":"#23"},"up":{"uv":[12,9,11.5,8],"texture":"#23"},"down":{"uv":[12,10,11.5,11],"texture":"#23"}}},{"from":[2.499,1.499,5.499],"to":[3.501,6.501,7.501],"rotation":{"angle":-22.5,"axis":"x","origin":[3,3.5,8]},"faces":{"north":{"uv":[10,10.5,10.5,13],"texture":"#23"},"east":{"uv":[9.5,4,10.5,6.5],"texture":"#23"},"south":{"uv":[10.5,10.5,11,13],"texture":"#23"},"west":{"uv":[9.5,6.5,10.5,9],"texture":"#23"},"up":{"uv":[12,12,11.5,11],"texture":"#23"},"down":{"uv":[0.5,12,0,13],"texture":"#23"}}},{"from":[6.5,4.5,6.5],"to":[9.5,6.5,9.5],"rotation":{"angle":-45,"axis":"y","origin":[8,5.5,8]},"faces":{"north":{"uv":[7.5,10,9,11],"texture":"#23"},"east":{"uv":[10.5,4,12,5],"texture":"#23"},"south":{"uv":[10.5,5,12,6],"texture":"#23"},"west":{"uv":[10.5,6,12,7],"texture":"#23"},"up":{"uv":[11,10.5,9.5,9],"texture":"#23"},"down":{"uv":[5.5,10,4,11.5],"texture":"#23"}}}],"gui_light":"front","display":{"thirdperson_righthand":{"rotation":[-45,0,0],"translation":[0,0.25,-4],"scale":[0.7,0.7,0.7]},"thirdperson_lefthand":{"rotation":[-45,0,0],"translation":[0,0.25,-4],"scale":[0.7,0.7,0.7]},"firstperson_righthand":{"rotation":[160,60,160],"translation":[0.25,4,1],"scale":[0.5,0.5,0.5]},"firstperson_lefthand":{"rotation":[160,60,160],"translation":[0.25,4,1],"scale":[0.5,0.5,0.5]},"ground":{"scale":[0.6,0.6,0.6]},"gui":{"rotation":[-180,-35,-180],"translation":[0,1,0]},"head":{"rotation":[5,0,0],"translation":[0,14,0.5],"scale":[1.72,1.72,1.72]},"fixed":{"rotation":[-90,0,0],"translation":[0,0,-11],"scale":[2,2,2]}}}