{"credit":"MadebyElo106","texture_size":[32,32],"textures":{"22":"vs_variety_hats:vs_uni_hat"},"elements":[{"from":[3.5,2.5,3.5],"to":[12.5,3.5,12.5],"faces":{"north":{"uv":[5.5,10,10,10.5],"texture":"#22"},"east":{"uv":[10,6,14.5,6.5],"texture":"#22"},"south":{"uv":[10,6.5,14.5,7],"texture":"#22"},"west":{"uv":[10,7,14.5,7.5],"texture":"#22"},"up":{"uv":[10,4.5,5.5,0],"texture":"#22"},"down":{"uv":[10,4.5,5.5,9],"texture":"#22"}}},{"from":[2.5,3.5,2.5],"to":[13.5,4.5,13.5],"faces":{"north":{"uv":[5.5,9,11,9.5],"texture":"#22"},"east":{"uv":[5.5,9.5,11,10],"texture":"#22"},"south":{"uv":[10,0,15.5,0.5],"texture":"#22"},"west":{"uv":[10,0.5,15.5,1],"texture":"#22"},"up":{"uv":[5.5,5.5,0,0],"texture":"#22"},"down":{"uv":[5.5,5.5,0,11],"texture":"#22"}}},{"from":[10.5,-1.5,2.5],"to":[12.5,3.5,2.5],"faces":{"north":{"uv":[10,1,11,3.5],"texture":"#22"},"east":{"uv":[0,0,0,2.5],"texture":"#22"},"south":{"uv":[11,1,10,3.5],"texture":"#22"},"west":{"uv":[0,0,0,2.5],"texture":"#22"},"up":{"uv":[1,0,0,0],"texture":"#22"},"down":{"uv":[1,0,0,0],"texture":"#22"}}}],"gui_light":"front","display":{"thirdperson_righthand":{"rotation":[-45,0,0],"translation":[0,0.25,-4],"scale":[0.7,0.7,0.7]},"thirdperson_lefthand":{"rotation":[-45,0,0],"translation":[0,0.25,-4],"scale":[0.7,0.7,0.7]},"firstperson_righthand":{"rotation":[-172,62,138],"translation":[-1,5.5,1],"scale":[0.5,0.5,0.5]},"firstperson_lefthand":{"rotation":[-172,62,138],"translation":[-1,5.5,1],"scale":[0.5,0.5,0.5]},"ground":{"scale":[0.6,0.6,0.6]},"gui":{"rotation":[-165,-35,-180],"translation":[0,4.25,0]},"head":{"translation":[0,13.5,0],"scale":[1.62,1.62,1.62]},"fixed":{"rotation":[-90,0,0],"translation":[0,0,-11],"scale":[2,2,2]}}}