{"credit":"MadewithBlockbench","texture_size":[128,128],"textures":{"0":"octopus_animated_weapon_set:octopus_texture_01","1":"octopus_animated_weapon_set:octopus_animation_01","3":"octopus_animated_weapon_set:octopus_animation_02","4":"octopus_animated_weapon_set:octopus_animation_03","5":"octopus_animated_weapon_set:octopus_animation_04","particle":"octopus_animated_weapon_set:octopus_texture_01"},"elements":[{"from":[4.5,-2,5.25],"to":[10,-1.5,10.75],"rotation":{"angle":-22.5,"axis":"z","origin":[7,-3,8]},"faces":{"north":{"uv":[0.6875,1.5625,0.75,2.25],"rotation":90,"texture":"#0"},"east":{"uv":[0.6875,1.5625,0.75,2.25],"rotation":90,"texture":"#0"},"south":{"uv":[0.6875,1.5625,0.75,2.25],"rotation":90,"texture":"#0"},"west":{"uv":[0.6875,1.5625,0.75,2.25],"rotation":90,"texture":"#0"},"up":{"uv":[0,1.5625,0.6875,2.25],"rotation":90,"texture":"#0"},"down":{"uv":[0,1.5625,0.6875,2.25],"rotation":90,"texture":"#0"}}},{"from":[3.5,-3,4.6],"to":[10.5,-2,11.4],"rotation":{"angle":-22.5,"axis":"z","origin":[7,-3,8]},"faces":{"north":{"uv":[0.875,2.25,1,3.125],"rotation":90,"texture":"#0"},"east":{"uv":[0.875,2.25,1,3.125],"rotation":90,"texture":"#0"},"south":{"uv":[0.875,2.25,1,3.125],"rotation":90,"texture":"#0"},"west":{"uv":[0.875,2.25,1,3.125],"rotation":90,"texture":"#0"},"up":{"uv":[0,2.25,0.875,3.125],"rotation":90,"texture":"#0"},"down":{"uv":[0,2.25,0.875,3.125],"rotation":90,"texture":"#0"}}},{"from":[10.5,-6.5,4.6],"to":[10.5,-3,11.4],"rotation":{"angle":-22.5,"axis":"z","origin":[7,-3,8]},"faces":{"north":{"uv":[32768,32768,32768,32000],"texture":"#missing"},"east":{"uv":[1.9375,3.125,1.0625,2.6875],"texture":"#0"},"south":{"uv":[32768,32768,32768,32000],"texture":"#missing"},"west":{"uv":[1.9375,3.125,1.0625,2.6875],"texture":"#0"},"up":{"uv":[31232,32768,32768,32768],"rotation":90,"texture":"#missing"},"down":{"uv":[31232,32768,32768,32768],"rotation":270,"texture":"#missing"}}},{"from":[1.94392,0.92961,11.61397],"to":[4.94392,0.92961,17.61397],"rotation":{"angle":-22.5,"axis":"y","origin":[5.3,0.62961,13.46632]},"faces":{"north":{"uv":[0,0,0,0.375],"rotation":270,"texture":"#missing"},"east":{"uv":[0,0.75,0,0],"rotation":90,"texture":"#missing"},"south":{"uv":[0,0,0,0.375],"rotation":270,"texture":"#missing"},"west":{"uv":[0,0.75,0,0],"rotation":270,"texture":"#missing"},"up":{"uv":[4.375,1.625,4,2.375],"texture":"#0"},"down":{"uv":[4,1.625,4.375,2.375],"rotation":180,"texture":"#0"}}},{"from":[3.5,-5,4.5],"to":[3.5,-3,11.5],"rotation":{"angle":-22.5,"axis":"z","origin":[7,-3,8]},"faces":{"north":{"uv":[32768,32768,32768,32256],"texture":"#missing"},"east":{"uv":[1.9375,2.4375,1.0625,2.1875],"texture":"#0"},"south":{"uv":[32768,32768,32768,32256],"texture":"#missing"},"west":{"uv":[1.9375,2.4375,1.0625,2.1875],"texture":"#0"},"up":{"uv":[31232,32768,32768,32768],"rotation":90,"texture":"#missing"},"down":{"uv":[31232,32768,32768,32768],"rotation":270,"texture":"#missing"}}},{"from":[3.5,-5,11.4],"to":[10.5,-3,11.4],"rotation":{"angle":-22.5,"axis":"z","origin":[7,-3,8]},"faces":{"north":{"uv":[1.0625,2.6875,1.9375,2.4375],"texture":"#0"},"east":{"uv":[32768,512,32768,0],"texture":"#missing"},"south":{"uv":[1.9375,2.6875,1.0625,2.4375],"texture":"#0"},"west":{"uv":[32768,16896,32768,16384],"texture":"#missing"},"up":{"uv":[32768,30976,32768,32768],"rotation":90,"texture":"#missing"},"down":{"uv":[32768,30976,32768,32768],"rotation":270,"texture":"#missing"}}},{"from":[3.5,-5,4.6],"to":[10.5,-3,4.6],"rotation":{"angle":-22.5,"axis":"z","origin":[7,-3,8]},"faces":{"north":{"uv":[1.0625,2.6875,1.9375,2.4375],"texture":"#0"},"east":{"uv":[32768,512,32768,0],"texture":"#missing"},"south":{"uv":[1.9375,2.6875,1.0625,2.4375],"texture":"#0"},"west":{"uv":[32768,16896,32768,16384],"texture":"#missing"},"up":{"uv":[32768,30976,32768,32768],"rotation":90,"texture":"#missing"},"down":{"uv":[32768,30976,32768,32768],"rotation":270,"texture":"#missing"}}},{"from":[5.5,-5.5,6.5],"to":[8.5,-3,9.5],"rotation":{"angle":-22.5,"axis":"z","origin":[7,-3,8]},"faces":{"north":{"uv":[1.875,1.8125,2.1875,2.1875],"rotation":270,"texture":"#0"},"east":{"uv":[1.875,1.8125,2.1875,2.1875],"rotation":270,"texture":"#0"},"south":{"uv":[1.875,1.8125,2.1875,2.1875],"rotation":270,"texture":"#0"},"west":{"uv":[1.875,1.8125,2.1875,2.1875],"rotation":270,"texture":"#0"},"up":{"uv":[1.5,1.8125,1.875,2.1875],"rotation":270,"texture":"#0"},"down":{"uv":[1.5,1.8125,1.875,2.1875],"rotation":270,"texture":"#0"}}},{"from":[4.5,-4,5.5],"to":[9.5,-3,10.5],"rotation":{"angle":-22.5,"axis":"z","origin":[7,-3,8]},"faces":{"north":{"uv":[1.375,1.5625,1.5,2.1875],"rotation":270,"texture":"#0"},"east":{"uv":[1.375,1.5625,1.5,2.1875],"rotation":270,"texture":"#0"},"south":{"uv":[1.375,1.5625,1.5,2.1875],"rotation":270,"texture":"#0"},"west":{"uv":[1.375,1.5625,1.5,2.1875],"rotation":270,"texture":"#0"},"up":{"uv":[0.75,1.5625,1.375,2.1875],"rotation":270,"texture":"#0"},"down":{"uv":[0.75,1.5625,1.375,2.1875],"rotation":270,"texture":"#0"}}},{"from":[6,-2.5,5.5],"to":[10,1,10.5],"rotation":{"angle":0,"axis":"y","origin":[26,1,9.5]},"faces":{"north":{"uv":[2.5625,1.5,2.0625,1.0625],"texture":"#0"},"east":{"uv":[0.625,0.4375,0,0],"texture":"#0"},"south":{"uv":[0.625,0.4375,1.125,0],"texture":"#0"},"west":{"uv":[2.0625,1.5,1.4375,1.0625],"texture":"#0"},"up":{"uv":[0.5,1.0625,0,0.4375],"texture":"#0"},"down":{"uv":[0.5,1.0625,0,0.4375],"texture":"#0"}}},{"from":[10.2,0,5.5],"to":[10.2,3.5,9.5],"rotation":{"angle":0,"axis":"y","origin":[26,1,9.5]},"faces":{"north":{"uv":[2.5625,1.5,2.0625,1.0625],"texture":"#0"},"east":{"uv":[3.125,1.8125,2.625,1.375],"texture":"#0"},"south":{"uv":[1.25,0.75,1.25,0.3125],"texture":"#0"},"west":{"uv":[3.125,1.8125,2.625,1.375],"texture":"#0"},"up":{"uv":[0.5,1.0625,0,0.4375],"texture":"#0"},"down":{"uv":[0.5,1.0625,0,0.4375],"texture":"#0"}}},{"from":[10.2,-3,5.5],"to":[10.2,0.5,10.5],"rotation":{"angle":0,"axis":"y","origin":[26,1,9.5]},"faces":{"north":{"uv":[0,7,0,0],"texture":"#1"},"east":{"uv":[10,7,0,0],"texture":"#1"},"south":{"uv":[0,7,0,0],"texture":"#1"},"west":{"uv":[0,7,10,0],"texture":"#1"},"up":{"uv":[0,10,0,0],"texture":"#1"},"down":{"uv":[0,0,0,10],"texture":"#1"}}},{"from":[2.69356,-0.42039,12.48526],"to":[5.19356,1.07961,13.48526],"rotation":{"angle":-22.5,"axis":"y","origin":[5.3,0.62961,13.46632]},"faces":{"north":{"uv":[1.4375,1.0625,1.125,1.25],"rotation":180,"texture":"#0"},"east":{"uv":[2.0625,0.8125,1.875,0.9375],"rotation":270,"texture":"#0"},"south":{"uv":[1.4375,1.375,1.125,1.5625],"texture":"#0"},"west":{"uv":[2.0625,0.8125,1.875,0.9375],"rotation":270,"texture":"#0"},"up":{"uv":[1.125,1.25,1.4375,1.375],"rotation":180,"texture":"#0"},"down":{"uv":[1.125,1.375,1.4375,1.25],"rotation":180,"texture":"#0"}}},{"from":[4.7752,-0.67039,11.95815],"to":[7.2752,1.32961,13.45815],"rotation":{"angle":22.5,"axis":"y","origin":[5.3,0.62961,13.06632]},"faces":{"north":{"uv":[3.375,0.6875,3.0625,0.4375],"rotation":180,"texture":"#0"},"east":{"uv":[2.0625,0.8125,1.8125,0.625],"rotation":270,"texture":"#0"},"south":{"uv":[3.375,0.9375,3.0625,0.6875],"texture":"#0"},"west":{"uv":[2.0625,0.8125,1.8125,0.625],"rotation":270,"texture":"#0"},"up":{"uv":[3.375,0.25,3.0625,0.4375],"texture":"#0"},"down":{"uv":[3.375,0.4375,3.0625,0.25],"texture":"#0"}}},{"from":[4.90019,-0.82039,10.13017],"to":[6.90019,1.47961,13.13017],"rotation":{"angle":-45,"axis":"y","origin":[7.3,0.62961,13.66632]},"faces":{"north":{"uv":[3.3625,0.25,3.075,0],"rotation":90,"texture":"#0"},"east":{"uv":[2.6875,0.5375,3.0625,0.25],"texture":"#0"},"south":{"uv":[3.3625,0.25,3.075,0],"rotation":270,"texture":"#0"},"west":{"uv":[2.6875,0.85,3.0625,0.5625],"texture":"#0"},"up":{"uv":[2.6875,0.25,3.0625,0],"rotation":270,"texture":"#0"},"down":{"uv":[3.0625,0.25,2.6875,0],"rotation":270,"texture":"#0"}}},{"from":[4.90019,-0.82039,2.86983],"to":[6.90019,1.47961,5.86983],"rotation":{"angle":45,"axis":"y","origin":[7.3,0.62961,2.33368]},"faces":{"north":{"uv":[3.3625,0,3.075,0.25],"rotation":270,"texture":"#0"},"east":{"uv":[3.0625,0.5375,2.6875,0.25],"texture":"#0"},"south":{"uv":[3.3625,0,3.075,0.25],"rotation":90,"texture":"#0"},"west":{"uv":[3.0625,0.85,2.6875,0.5625],"texture":"#0"},"up":{"uv":[3.0625,0.25,2.6875,0],"rotation":270,"texture":"#0"},"down":{"uv":[2.6875,0.25,3.0625,0],"rotation":270,"texture":"#0"}}},{"from":[4.7752,-0.67039,2.54185],"to":[7.2752,1.32961,4.04185],"rotation":{"angle":-22.5,"axis":"y","origin":[5.3,0.62961,2.93368]},"faces":{"north":{"uv":[3.0625,0.9375,3.375,0.6875],"texture":"#0"},"east":{"uv":[2.0625,0.625,1.8125,0.8125],"rotation":270,"texture":"#0"},"south":{"uv":[3.0625,0.6875,3.375,0.4375],"rotation":180,"texture":"#0"},"west":{"uv":[2.0625,0.625,1.8125,0.8125],"rotation":270,"texture":"#0"},"up":{"uv":[3.375,0.4375,3.0625,0.25],"texture":"#0"},"down":{"uv":[3.375,0.25,3.0625,0.4375],"texture":"#0"}}},{"from":[2.69356,-0.42039,2.51474],"to":[5.19356,1.07961,3.51474],"rotation":{"angle":22.5,"axis":"y","origin":[5.3,0.62961,2.53368]},"faces":{"north":{"uv":[1.125,1.375,1.4375,1.5625],"texture":"#0"},"east":{"uv":[2.0625,0.9375,1.875,0.8125],"rotation":270,"texture":"#0"},"south":{"uv":[1.125,1.0625,1.4375,1.25],"rotation":180,"texture":"#0"},"west":{"uv":[2.0625,0.9375,1.875,0.8125],"rotation":270,"texture":"#0"},"up":{"uv":[1.125,1.375,1.4375,1.25],"rotation":180,"texture":"#0"},"down":{"uv":[1.125,1.25,1.4375,1.375],"rotation":180,"texture":"#0"}}},{"from":[2.95,-0.5954,-0.32722],"to":[4.05,1.1046,1.07278],"rotation":{"angle":45,"axis":"y","origin":[7.725,-3.1704,2.47278]},"faces":{"north":{"uv":[1.5625,1.0625,1.6875,0.9375],"texture":"#0"},"east":{"uv":[1.5625,1.0625,1.6875,0.9375],"rotation":180,"texture":"#0"},"south":{"uv":[1.5625,1.0625,1.6875,0.9375],"rotation":180,"texture":"#0"},"west":{"uv":[1.5625,1.0625,1.6875,0.9375],"rotation":180,"texture":"#0"},"up":{"uv":[1.5625,1.0625,1.6875,0.9375],"rotation":180,"texture":"#0"},"down":{"uv":[1.5625,1.0625,1.6875,0.9375],"rotation":180,"texture":"#0"}}},{"from":[1.45,-0.2954,-0.02722],"to":[2.95,0.7046,0.77278],"rotation":{"angle":45,"axis":"y","origin":[7.725,-3.1704,2.47278]},"faces":{"north":{"uv":[1.9375,1.0625,2.125,0.9375],"texture":"#0"},"east":{"uv":[1.5625,1.0625,1.6625,0.9375],"rotation":180,"texture":"#0"},"south":{"uv":[1.9375,1.0625,2.125,0.9375],"rotation":180,"texture":"#0"},"west":{"uv":[1.5625,1.0625,1.6625,0.9375],"rotation":180,"texture":"#0"},"up":{"uv":[1.75,1.0375,1.9375,0.9375],"rotation":180,"texture":"#0"},"down":{"uv":[1.75,1.0375,1.9375,0.9375],"rotation":180,"texture":"#0"}}},{"from":[7.25171,2.22967,4.956],"to":[9.25171,5.22967,7.256],"rotation":{"angle":22.5,"axis":"z","origin":[7.10808,5.06,6.106]},"faces":{"north":{"uv":[2.6875,0,3.0625,0.25],"rotation":270,"texture":"#0"},"east":{"uv":[2.6875,0.25,3.0625,0.5375],"rotation":90,"texture":"#0"},"south":{"uv":[2.6875,0,3.0625,0.25],"rotation":90,"texture":"#0"},"west":{"uv":[2.6875,0.5625,3.0625,0.85],"rotation":270,"texture":"#0"},"up":{"uv":[3.3625,0,3.075,0.25],"rotation":90,"texture":"#0"},"down":{"uv":[3.3625,0,3.075,0.25],"rotation":90,"texture":"#0"}}},{"from":[5.59962,4.75346,5.106],"to":[8.09962,6.25346,7.106],"rotation":{"angle":-22.5,"axis":"z","origin":[7.10808,5.06,6.106]},"faces":{"north":{"uv":[3.375,0.25,3.0625,0.4375],"rotation":180,"texture":"#0"},"east":{"uv":[2.0625,0.625,1.8125,0.8125],"rotation":180,"texture":"#0"},"south":{"uv":[3.375,0.4375,3.0625,0.25],"texture":"#0"},"west":{"uv":[2.0625,0.625,1.8125,0.8125],"texture":"#0"},"up":{"uv":[3.375,0.6875,3.0625,0.9375],"texture":"#0"},"down":{"uv":[3.375,0.4375,3.0625,0.6875],"texture":"#0"}}},{"from":[4.30753,5.4834,5.356],"to":[6.80753,6.4834,6.856],"rotation":{"angle":22.5,"axis":"z","origin":[7.10808,5.06,6.106]},"faces":{"north":{"uv":[1.125,1.25,1.4375,1.375],"texture":"#0"},"east":{"uv":[2.0625,0.9375,1.875,0.8125],"rotation":180,"texture":"#0"},"south":{"uv":[1.125,1.375,1.4375,1.25],"rotation":180,"texture":"#0"},"west":{"uv":[2.0625,0.9375,1.875,0.8125],"texture":"#0"},"up":{"uv":[1.4375,1.5625,1.125,1.375],"texture":"#0"},"down":{"uv":[1.4375,1.25,1.125,1.0625],"texture":"#0"}}},{"from":[7.25171,2.22967,8.744],"to":[9.25171,5.22967,11.044],"rotation":{"angle":22.5,"axis":"z","origin":[7.10808,5.06,9.894]},"faces":{"north":{"uv":[2.6875,0.25,3.0625,0],"rotation":90,"texture":"#0"},"east":{"uv":[2.6875,0.5375,3.0625,0.25],"rotation":90,"texture":"#0"},"south":{"uv":[2.6875,0.25,3.0625,0],"rotation":270,"texture":"#0"},"west":{"uv":[2.6875,0.85,3.0625,0.5625],"rotation":270,"texture":"#0"},"up":{"uv":[3.075,0,3.3625,0.25],"rotation":90,"texture":"#0"},"down":{"uv":[3.075,0,3.3625,0.25],"rotation":90,"texture":"#0"}}},{"from":[5.59962,4.75346,8.894],"to":[8.09962,6.25346,10.894],"rotation":{"angle":-22.5,"axis":"z","origin":[7.10808,5.06,9.894]},"faces":{"north":{"uv":[3.0625,0.4375,3.375,0.25],"texture":"#0"},"east":{"uv":[1.8125,0.625,2.0625,0.8125],"rotation":180,"texture":"#0"},"south":{"uv":[3.0625,0.25,3.375,0.4375],"rotation":180,"texture":"#0"},"west":{"uv":[1.8125,0.625,2.0625,0.8125],"texture":"#0"},"up":{"uv":[3.375,0.9375,3.0625,0.6875],"texture":"#0"},"down":{"uv":[3.375,0.6875,3.0625,0.4375],"texture":"#0"}}},{"from":[4.30753,5.4834,9.144],"to":[6.80753,6.4834,10.644],"rotation":{"angle":22.5,"axis":"z","origin":[7.10808,5.06,9.894]},"faces":{"north":{"uv":[1.4375,1.375,1.125,1.25],"rotation":180,"texture":"#0"},"east":{"uv":[1.875,0.9375,2.0625,0.8125],"rotation":180,"texture":"#0"},"south":{"uv":[1.4375,1.25,1.125,1.375],"texture":"#0"},"west":{"uv":[1.875,0.9375,2.0625,0.8125],"texture":"#0"},"up":{"uv":[1.4375,1.375,1.125,1.5625],"texture":"#0"},"down":{"uv":[1.4375,1.0625,1.125,1.25],"texture":"#0"}}},{"from":[9,1,9.3],"to":[11,4.5,11.3],"rotation":{"angle":-22.5,"axis":"y","origin":[10.85344,2.34751,9.644]},"faces":{"north":{"uv":[1.25,0.4375,1,0.875],"texture":"#0"},"east":{"uv":[0.75,0.4375,0.5,0.875],"texture":"#0"},"south":{"uv":[1,0.4375,1.25,0.875],"texture":"#0"},"west":{"uv":[1,0.4375,0.75,0.875],"texture":"#0"},"up":{"uv":[0.75,0.875,0.5,1.125],"texture":"#0"},"down":{"uv":[0.75,0.875,0.5,1.125],"texture":"#0"}}},{"from":[9,1,4.7],"to":[11,4.5,6.7],"rotation":{"angle":22.5,"axis":"y","origin":[10.85344,2.34751,6.356]},"faces":{"north":{"uv":[1.25,0.4375,1,0.875],"texture":"#0"},"east":{"uv":[0.5,0.4375,0.75,0.875],"texture":"#0"},"south":{"uv":[1,0.4375,1.25,0.875],"texture":"#0"},"west":{"uv":[0.75,0.4375,1,0.875],"texture":"#0"},"up":{"uv":[0.75,1.125,0.5,0.875],"texture":"#0"},"down":{"uv":[0.75,1.125,0.5,0.875],"texture":"#0"}}},{"from":[8,-14,10],"to":[8,-2,16],"rotation":{"angle":-22.5,"axis":"x","origin":[8,-4,14]},"faces":{"east":{"uv":[6,12,0,0],"texture":"#3"},"west":{"uv":[0,12,6,0],"texture":"#3"}}},{"from":[10.6,-7.5,5.5],"to":[10.6,1.5,10.5],"rotation":{"angle":0,"axis":"y","origin":[16,1,0]},"faces":{"east":{"uv":[0,9,5,0],"texture":"#4"},"west":{"uv":[5,9,0,0],"texture":"#4"}}},{"from":[1.3,-3.5,4.5],"to":[8.3,1.5,11.5],"rotation":{"angle":0,"axis":"y","origin":[8.5,4.5,15.5]},"faces":{"north":{"uv":[6.5,2.1875,5.625,2.8125],"texture":"#0"},"east":{"uv":[6.5,2.1875,5.625,2.8125],"texture":"#0"},"south":{"uv":[6.5,2.1875,5.625,2.8125],"texture":"#0"},"west":{"uv":[6.5,2.1875,5.625,2.8125],"texture":"#0"},"up":{"uv":[6.5,2.8125,5.625,3.6875],"texture":"#0"},"down":{"uv":[6.5,2.8125,5.625,3.6875],"texture":"#0"}}},{"from":[1.8,1.5,5],"to":[7.8,4.5,11],"rotation":{"angle":0,"axis":"y","origin":[8.5,4.5,15.5]},"faces":{"north":{"uv":[7.4375,2.75,6.6875,3.125],"texture":"#0"},"east":{"uv":[7.4375,2.75,6.6875,3.125],"texture":"#0"},"south":{"uv":[7.4375,2.75,6.6875,3.125],"texture":"#0"},"west":{"uv":[7.4375,2.75,6.6875,3.125],"texture":"#0"},"up":{"uv":[7.4375,2,6.6875,2.75],"texture":"#0"},"down":{"uv":[7.4375,2,6.6875,2.75],"texture":"#0"}}},{"from":[3.8,4.5,7],"to":[5.8,5.5,9],"rotation":{"angle":0,"axis":"y","origin":[8.5,4.5,15.5]},"faces":{"north":{"uv":[6.5,3.9375,6.25,4.0625],"texture":"#0"},"east":{"uv":[6.5,3.9375,6.25,4.0625],"texture":"#0"},"south":{"uv":[6.5,3.9375,6.25,4.0625],"texture":"#0"},"west":{"uv":[6.5,3.9375,6.25,4.0625],"texture":"#0"},"up":{"uv":[6.5,3.6875,6.25,3.9375],"texture":"#0"},"down":{"uv":[6.5,3.6875,6.25,3.9375],"texture":"#0"}}},{"from":[2.8,5.5,7.9],"to":[9.8,13.5,7.9],"rotation":{"angle":0,"axis":"y","origin":[8.5,4.5,15.5]},"faces":{"north":{"uv":[7.5625,3,8.4375,4],"texture":"#0"},"east":{"uv":[7.4375,2.75,6.6875,3.125],"texture":"#0"},"south":{"uv":[8.4375,3,7.5625,4],"texture":"#0"},"west":{"uv":[7.4375,2.75,6.6875,3.125],"texture":"#0"},"up":{"uv":[7.4375,2,6.6875,2.75],"texture":"#0"},"down":{"uv":[7.4375,2,6.6875,2.75],"texture":"#0"}}},{"from":[2.8,5.5,8.1],"to":[9.8,13.5,8.1],"rotation":{"angle":0,"axis":"y","origin":[8.5,4.5,15.5]},"faces":{"north":{"uv":[7.5625,3,8.4375,4],"texture":"#0"},"east":{"uv":[7.4375,2.75,6.6875,3.125],"texture":"#0"},"south":{"uv":[8.4375,3,7.5625,4],"texture":"#0"},"west":{"uv":[7.4375,2.75,6.6875,3.125],"texture":"#0"},"up":{"uv":[7.4375,2,6.6875,2.75],"texture":"#0"},"down":{"uv":[7.4375,2,6.6875,2.75],"texture":"#0"}}},{"from":[11,-12,-1],"to":[11,-4,7],"rotation":{"angle":0,"axis":"y","origin":[0,4,16]},"faces":{"north":{"uv":[0,12,0,0],"texture":"#5"},"east":{"uv":[0,16,16,0],"texture":"#5"},"south":{"uv":[0,12,0,0],"texture":"#5"},"west":{"uv":[16,16,0,0],"texture":"#5"},"up":{"uv":[0,0,0,12],"texture":"#5"},"down":{"uv":[0,12,0,0],"texture":"#5"}}},{"from":[8.6,-9.5,5],"to":[8.6,0.5,15],"faces":{"north":{"uv":[0,0,0,160],"texture":"#missing"},"east":{"uv":[2.5,1.875,3.75,3.125],"texture":"#0"},"south":{"uv":[0,0,0,160],"texture":"#missing"},"west":{"uv":[2.5,1.875,3.75,3.125],"texture":"#0"},"up":{"uv":[0,0,0,160],"texture":"#missing"},"down":{"uv":[0,0,0,160],"texture":"#missing"}}},{"from":[8.3,-9.5,5],"to":[8.3,0.5,15],"faces":{"north":{"uv":[0,0,0,160],"texture":"#missing"},"east":{"uv":[2.5,1.875,3.75,3.125],"texture":"#0"},"south":{"uv":[0,0,0,160],"texture":"#missing"},"west":{"uv":[2.5,1.875,3.75,3.125],"texture":"#0"},"up":{"uv":[0,0,0,160],"texture":"#missing"},"down":{"uv":[0,0,0,160],"texture":"#missing"}}}],"gui_light":"front","display":{"thirdperson_righthand":{"rotation":[-90,0,0],"translation":[2.25,-2,-2.75],"scale":[0.7,0.7,0.7]},"thirdperson_lefthand":{"rotation":[-90,180,0],"translation":[2.25,-2,-2.75],"scale":[0.7,0.7,0.7]},"firstperson_righthand":{"rotation":[-45,-80,0],"translation":[2,5,-0.5],"scale":[0.37148,0.37148,0.37148]},"firstperson_lefthand":{"rotation":[-45,80,0],"translation":[2,5,-0.5],"scale":[0.37148,0.37148,0.37148]},"ground":{"translation":[0,11,0],"scale":[0.6,0.6,0.6]},"gui":{"rotation":[180,-59.5,180],"translation":[-0.5,4,-1.5],"scale":[0.61914,0.61914,0.61914]},"head":{"scale":[0,0,0]},"fixed":{"rotation":[0,90,0],"translation":[0,6.25,-10.75],"scale":[1.6,1.6,1.6]}}}