{"credit":"MadewithBlockbench","texture_size":[128,128],"textures":{"0":"octopus_animated_weapon_set:octopus_texture_01","1":"octopus_animated_weapon_set:octopus_animation_01","3":"octopus_animated_weapon_set:octopus_animation_02","4":"octopus_animated_weapon_set:octopus_animation_03","5":"octopus_animated_weapon_set:octopus_animation_04","particle":"octopus_animated_weapon_set:octopus_texture_01"},"elements":[{"from":[2,15.5,5.25],"to":[7.5,16,10.75],"rotation":{"angle":-22.5,"axis":"z","origin":[5,17,8]},"faces":{"north":{"uv":[0.75,2.25,0.6875,1.5625],"rotation":90,"texture":"#0"},"east":{"uv":[0.75,2.25,0.6875,1.5625],"rotation":90,"texture":"#0"},"south":{"uv":[0.75,2.25,0.6875,1.5625],"rotation":90,"texture":"#0"},"west":{"uv":[0.75,2.25,0.6875,1.5625],"rotation":90,"texture":"#0"},"up":{"uv":[0.6875,2.25,0,1.5625],"rotation":90,"texture":"#0"},"down":{"uv":[0.6875,2.25,0,1.5625],"rotation":90,"texture":"#0"}}},{"from":[1.5,16,4.5],"to":[8.5,17,11.5],"rotation":{"angle":-22.5,"axis":"z","origin":[5,17,8]},"faces":{"north":{"uv":[1,3.125,0.875,2.25],"rotation":90,"texture":"#0"},"east":{"uv":[1,3.125,0.875,2.25],"rotation":90,"texture":"#0"},"south":{"uv":[1,3.125,0.875,2.25],"rotation":90,"texture":"#0"},"west":{"uv":[1,3.125,0.875,2.25],"rotation":90,"texture":"#0"},"up":{"uv":[0.875,3.125,0,2.25],"rotation":90,"texture":"#0"},"down":{"uv":[0.875,3.125,0,2.25],"rotation":90,"texture":"#0"}}},{"from":[1.5,17,4.5],"to":[1.5,20.5,11.5],"rotation":{"angle":-22.5,"axis":"z","origin":[5,17,8]},"faces":{"north":{"uv":[32768,32000,32768,32768],"texture":"#missing"},"east":{"uv":[1.0625,2.6875,1.9375,3.125],"texture":"#0"},"south":{"uv":[32768,32000,32768,32768],"texture":"#missing"},"west":{"uv":[1.0625,2.6875,1.9375,3.125],"texture":"#0"},"up":{"uv":[32768,32768,31232,32768],"rotation":270,"texture":"#missing"},"down":{"uv":[32768,32768,31232,32768],"rotation":90,"texture":"#missing"}}},{"from":[1.5,17,11.5],"to":[8.5,19,11.5],"rotation":{"angle":-22.5,"axis":"z","origin":[5,17,8]},"faces":{"north":{"uv":[1.9375,2.4375,1.0625,2.6875],"texture":"#0"},"east":{"uv":[32768,16384,32768,16896],"texture":"#missing"},"south":{"uv":[1.0625,2.4375,1.9375,2.6875],"texture":"#0"},"west":{"uv":[32768,0,32768,512],"texture":"#missing"},"up":{"uv":[32768,32768,32768,30976],"rotation":270,"texture":"#missing"},"down":{"uv":[32768,32768,32768,30976],"rotation":90,"texture":"#missing"}}},{"from":[1.5,17,4.5],"to":[8.5,19,4.5],"rotation":{"angle":-22.5,"axis":"z","origin":[5,17,8]},"faces":{"north":{"uv":[1.9375,2.4375,1.0625,2.6875],"texture":"#0"},"east":{"uv":[32768,16384,32768,16896],"texture":"#missing"},"south":{"uv":[1.0625,2.4375,1.9375,2.6875],"texture":"#0"},"west":{"uv":[32768,0,32768,512],"texture":"#missing"},"up":{"uv":[32768,32768,32768,30976],"rotation":270,"texture":"#missing"},"down":{"uv":[32768,32768,32768,30976],"rotation":90,"texture":"#missing"}}},{"from":[3.5,17,6.5],"to":[6.5,19.5,9.5],"rotation":{"angle":-22.5,"axis":"z","origin":[5,17,8]},"faces":{"north":{"uv":[2.1875,2.1875,1.875,1.8125],"rotation":270,"texture":"#0"},"east":{"uv":[2.1875,2.1875,1.875,1.8125],"rotation":270,"texture":"#0"},"south":{"uv":[2.1875,2.1875,1.875,1.8125],"rotation":270,"texture":"#0"},"west":{"uv":[2.1875,2.1875,1.875,1.8125],"rotation":270,"texture":"#0"},"up":{"uv":[1.875,2.1875,1.5,1.8125],"rotation":270,"texture":"#0"},"down":{"uv":[1.875,2.1875,1.5,1.8125],"rotation":270,"texture":"#0"}}},{"from":[2.5,17,5.5],"to":[7.5,18,10.5],"rotation":{"angle":-22.5,"axis":"z","origin":[5,17,8]},"faces":{"north":{"uv":[1.5,2.1875,1.375,1.5625],"rotation":270,"texture":"#0"},"east":{"uv":[1.5,2.1875,1.375,1.5625],"rotation":270,"texture":"#0"},"south":{"uv":[1.5,2.1875,1.375,1.5625],"rotation":270,"texture":"#0"},"west":{"uv":[1.5,2.1875,1.375,1.5625],"rotation":270,"texture":"#0"},"up":{"uv":[1.375,2.1875,0.75,1.5625],"rotation":270,"texture":"#0"},"down":{"uv":[1.375,2.1875,0.75,1.5625],"rotation":270,"texture":"#0"}}},{"from":[2,13,5.5],"to":[6,16.5,10.5],"rotation":{"angle":0,"axis":"y","origin":[-14,13,9.5]},"faces":{"north":{"uv":[2.0625,1.0625,2.5625,1.5],"texture":"#0"},"east":{"uv":[1.4375,1.0625,2.0625,1.5],"texture":"#0"},"south":{"uv":[1.125,0,0.625,0.4375],"texture":"#0"},"west":{"uv":[0,0,0.625,0.4375],"texture":"#0"},"up":{"uv":[0,0.4375,0.5,1.0625],"texture":"#0"},"down":{"uv":[0,0.4375,0.5,1.0625],"texture":"#0"}}},{"from":[1.8,10.5,5.5],"to":[1.8,14,9.5],"rotation":{"angle":0,"axis":"y","origin":[-14,13,9.5]},"faces":{"north":{"uv":[2.0625,1.0625,2.5625,1.5],"texture":"#0"},"east":{"uv":[2.625,1.375,3.125,1.8125],"texture":"#0"},"south":{"uv":[1.25,0.3125,1.25,0.75],"texture":"#0"},"west":{"uv":[2.625,1.375,3.125,1.8125],"texture":"#0"},"up":{"uv":[0,0.4375,0.5,1.0625],"texture":"#0"},"down":{"uv":[0,0.4375,0.5,1.0625],"texture":"#0"}}},{"from":[1.8,13.5,5.5],"to":[1.8,17,10.5],"rotation":{"angle":0,"axis":"y","origin":[-14,13,9.5]},"faces":{"north":{"uv":[0,0,0,7],"texture":"#1"},"east":{"uv":[10,0,0,7],"texture":"#1"},"south":{"uv":[0,0,0,7],"texture":"#1"},"west":{"uv":[0,0,10,7],"texture":"#1"},"up":{"uv":[0,10,0,0],"texture":"#1"},"down":{"uv":[0,0,0,10],"texture":"#1"}}},{"from":[8,-16,6.25],"to":[8,-10,9.75],"rotation":{"angle":0,"axis":"y","origin":[8,5.81499,8]},"faces":{"north":{"uv":[20480,0,20864,2304],"texture":"#missing"},"east":{"uv":[2.4375,2.375,2,3.125],"texture":"#0"},"south":{"uv":[20480,0,20864,2304],"texture":"#missing"},"west":{"uv":[2,2.375,2.4375,3.125],"texture":"#0"},"up":{"uv":[20480,11264,20864,11648],"rotation":270,"texture":"#missing"},"down":{"uv":[20480,11264,20864,11648],"rotation":90,"texture":"#missing"}}},{"from":[3.5,16.09285,12.15565],"to":[4.5,16.79285,13.65565],"rotation":{"angle":0,"axis":"y","origin":[4,16.64285,12.90565]},"faces":{"north":{"uv":[1.9375,0.625,2.025,0.5],"rotation":270,"texture":"#0"},"east":{"uv":[2.025,0.1875,1.9375,0],"rotation":90,"texture":"#0"},"south":{"uv":[1.9375,0.625,2.025,0.5],"rotation":270,"texture":"#0"},"west":{"uv":[2.025,0.1875,1.9375,0],"rotation":90,"texture":"#0"},"up":{"uv":[1.5625,0.9375,1.6875,0.75],"texture":"#0"},"down":{"uv":[1.6875,0.9375,1.8125,0.75],"texture":"#0"}}},{"from":[3.25,13.70939,13.35001],"to":[4.75,16.20939,14.35001],"rotation":{"angle":-22.5,"axis":"x","origin":[4,14.93417,12.594]},"faces":{"north":{"uv":[1.125,1.5625,1.4375,1.375],"rotation":270,"texture":"#0"},"east":{"uv":[1.4375,1.25,1.125,1.375],"rotation":90,"texture":"#0"},"south":{"uv":[1.125,1.25,1.4375,1.0625],"rotation":270,"texture":"#0"},"west":{"uv":[1.4375,1.375,1.125,1.25],"rotation":90,"texture":"#0"},"up":{"uv":[1.875,0.9375,2.0625,0.8125],"texture":"#0"},"down":{"uv":[1.875,0.9375,2.0625,0.8125],"texture":"#0"}}},{"from":[3,12.84846,13.40862],"to":[5,15.34846,14.90862],"rotation":{"angle":22.5,"axis":"x","origin":[4,14.93417,12.594]},"faces":{"north":{"uv":[3.0625,0.6875,3.375,0.9375],"rotation":270,"texture":"#0"},"east":{"uv":[3.0625,0.25,3.375,0.4375],"rotation":270,"texture":"#0"},"south":{"uv":[3.0625,0.4375,3.375,0.6875],"rotation":270,"texture":"#0"},"west":{"uv":[3.0625,0.4375,3.375,0.25],"rotation":270,"texture":"#0"},"up":{"uv":[1.8125,0.625,2.0625,0.8125],"texture":"#0"},"down":{"uv":[1.8125,0.625,2.0625,0.8125],"texture":"#0"}}},{"from":[2.85,11.60314,9.83279],"to":[5.15,13.60314,12.83279],"rotation":{"angle":-22.5,"axis":"x","origin":[4,14.93417,12.594]},"faces":{"north":{"uv":[3.075,0,3.3625,0.25],"texture":"#0"},"east":{"uv":[2.6875,0,3.0625,0.25],"texture":"#0"},"south":{"uv":[3.075,0,3.3625,0.25],"texture":"#0"},"west":{"uv":[3.0625,0,2.6875,0.25],"texture":"#0"},"up":{"uv":[3.0625,0.25,2.6875,0.5375],"rotation":90,"texture":"#0"},"down":{"uv":[3.0625,0.5625,2.6875,0.85],"rotation":90,"texture":"#0"}}},{"from":[2.75,10.50249,8.44744],"to":[5.25,13.00249,13.44744],"rotation":{"angle":22.5,"axis":"x","origin":[4,14.93417,12.594]},"faces":{"north":{"uv":[1.25,1.0625,1.5625,0.75],"texture":"#0"},"east":{"uv":[2.0625,0.3125,2.6875,0],"texture":"#0"},"south":{"uv":[1.25,1.0625,1.5625,0.75],"texture":"#0"},"west":{"uv":[2.6875,0.3125,2.0625,0],"texture":"#0"},"up":{"uv":[2.6875,0.625,2.0625,0.3125],"rotation":90,"texture":"#0"},"down":{"uv":[2.6875,0.9375,2.0625,0.625],"rotation":90,"texture":"#0"}}},{"from":[3.55,13.70939,1.64999],"to":[5.05,16.20939,2.64999],"rotation":{"angle":22.5,"axis":"x","origin":[4.3,14.93417,3.406]},"faces":{"north":{"uv":[1.125,1.0625,1.4375,1.25],"rotation":270,"texture":"#0"},"east":{"uv":[1.4375,1.375,1.125,1.25],"rotation":90,"texture":"#0"},"south":{"uv":[1.125,1.375,1.4375,1.5625],"rotation":270,"texture":"#0"},"west":{"uv":[1.4375,1.25,1.125,1.375],"rotation":90,"texture":"#0"},"up":{"uv":[1.875,0.8125,2.0625,0.9375],"texture":"#0"},"down":{"uv":[1.875,0.8125,2.0625,0.9375],"texture":"#0"}}},{"from":[3.45,15.8454,2.67278],"to":[5.15,16.9454,4.07278],"rotation":{"angle":45,"axis":"x","origin":[4.275,17.1704,2.97278]},"faces":{"north":{"uv":[1.6875,0.9375,1.5625,1.0625],"rotation":90,"texture":"#0"},"east":{"uv":[1.6875,0.9375,1.5625,1.0625],"rotation":90,"texture":"#0"},"south":{"uv":[1.6875,0.9375,1.5625,1.0625],"rotation":90,"texture":"#0"},"west":{"uv":[1.6875,0.9375,1.5625,1.0625],"rotation":90,"texture":"#0"},"up":{"uv":[1.6875,0.9375,1.5625,1.0625],"rotation":90,"texture":"#0"},"down":{"uv":[1.6875,0.9375,1.5625,1.0625],"rotation":90,"texture":"#0"}}},{"from":[3.75,16.9454,2.97278],"to":[4.75,18.4454,3.77278],"rotation":{"angle":45,"axis":"x","origin":[4.275,17.1704,2.97278]},"faces":{"north":{"uv":[2.125,0.9375,1.9375,1.0625],"rotation":90,"texture":"#0"},"east":{"uv":[1.9375,0.9375,1.75,1.0375],"rotation":90,"texture":"#0"},"south":{"uv":[2.125,0.9375,1.9375,1.0625],"rotation":90,"texture":"#0"},"west":{"uv":[1.9375,0.9375,1.75,1.0375],"rotation":90,"texture":"#0"},"up":{"uv":[1.6625,0.9375,1.5625,1.0625],"rotation":90,"texture":"#0"},"down":{"uv":[1.6625,0.9375,1.5625,1.0625],"rotation":90,"texture":"#0"}}},{"from":[3.3,12.84846,1.09138],"to":[5.3,15.34846,2.59138],"rotation":{"angle":-22.5,"axis":"x","origin":[4.3,14.93417,3.406]},"faces":{"north":{"uv":[3.0625,0.6875,3.375,0.4375],"rotation":270,"texture":"#0"},"east":{"uv":[3.0625,0.4375,3.375,0.25],"rotation":270,"texture":"#0"},"south":{"uv":[3.0625,0.9375,3.375,0.6875],"rotation":270,"texture":"#0"},"west":{"uv":[3.0625,0.25,3.375,0.4375],"rotation":270,"texture":"#0"},"up":{"uv":[1.8125,0.8125,2.0625,0.625],"texture":"#0"},"down":{"uv":[1.8125,0.8125,2.0625,0.625],"texture":"#0"}}},{"from":[3.15,11.60314,3.16721],"to":[5.45,13.60314,6.16721],"rotation":{"angle":22.5,"axis":"x","origin":[4.3,14.93417,3.406]},"faces":{"north":{"uv":[3.3625,0,3.075,0.25],"texture":"#0"},"east":{"uv":[2.6875,0,3.0625,0.25],"texture":"#0"},"south":{"uv":[3.3625,0,3.075,0.25],"texture":"#0"},"west":{"uv":[2.6875,0,3.0625,0.25],"texture":"#0"},"up":{"uv":[2.6875,0.25,3.0625,0.5375],"rotation":90,"texture":"#0"},"down":{"uv":[2.6875,0.5625,3.0625,0.85],"rotation":90,"texture":"#0"}}},{"from":[3.05,10.50249,2.55256],"to":[5.55,13.00249,7.55256],"rotation":{"angle":-22.5,"axis":"x","origin":[4.3,14.93417,3.406]},"faces":{"north":{"uv":[1.5625,1.0625,1.25,0.75],"texture":"#0"},"east":{"uv":[2.0625,0.3125,2.6875,0],"texture":"#0"},"south":{"uv":[1.5625,1.0625,1.25,0.75],"texture":"#0"},"west":{"uv":[2.0625,0.3125,2.6875,0],"texture":"#0"},"up":{"uv":[2.0625,0.625,2.6875,0.3125],"rotation":90,"texture":"#0"},"down":{"uv":[2.0625,0.9375,2.6875,0.625],"rotation":90,"texture":"#0"}}},{"from":[7,-11.18673,8.88605],"to":[9,-9.18673,11.38605],"rotation":{"angle":22.5,"axis":"x","origin":[6.7,-4.47039,8.71937]},"faces":{"north":{"uv":[1.0125,1.125,0.7625,0.875],"rotation":180,"texture":"#0"},"east":{"uv":[0.375,1.5625,0.6875,1.3125],"texture":"#0"},"south":{"uv":[1.0125,1.125,0.7625,0.875],"texture":"#0"},"west":{"uv":[0,1.3125,0.3125,1.0625],"rotation":180,"texture":"#0"},"up":{"uv":[0.3125,1.5625,0,1.3125],"rotation":90,"texture":"#0"},"down":{"uv":[0.3125,1.3125,0,1.5625],"rotation":270,"texture":"#0"}}},{"from":[1.55,8.56292,6.00303],"to":[3.55,11.56292,8.00303],"rotation":{"angle":-22.5,"axis":"x","origin":[2.7,8.52961,8.71937]},"faces":{"north":{"uv":[0.375,1.3125,0,1.5625],"rotation":90,"texture":"#0"},"east":{"uv":[0.375,1.5625,0.75,1.3125],"rotation":270,"texture":"#0"},"south":{"uv":[0.375,1.5625,0,1.3125],"rotation":90,"texture":"#0"},"west":{"uv":[0,1.3125,0.375,1.0625],"rotation":270,"texture":"#0"},"up":{"uv":[1.0125,1.125,0.7625,0.875],"texture":"#0"},"down":{"uv":[1.0125,1.125,0.7625,0.875],"texture":"#0"}}},{"from":[1.9,6.84206,6.57591],"to":[3.4,8.34206,9.57591],"rotation":{"angle":22.5,"axis":"x","origin":[2.7,8.52961,8.91937]},"faces":{"north":{"uv":[1.0625,0.875,1.25,1.0625],"texture":"#0"},"east":{"uv":[1.125,1.125,0.75,1.3125],"rotation":180,"texture":"#0"},"south":{"uv":[1.0625,0.875,1.25,1.0625],"texture":"#0"},"west":{"uv":[0.75,1.125,0.375,1.3125],"rotation":180,"texture":"#0"},"up":{"uv":[1.125,1.5,0.75,1.3125],"rotation":270,"texture":"#0"},"down":{"uv":[1.125,1.5,0.75,1.3125],"rotation":270,"texture":"#0"}}},{"from":[2.08992,7.04571,8.26937],"to":[4.58992,8.04571,9.26937],"rotation":{"angle":-22.5,"axis":"y","origin":[2.7,8.52961,8.91937]},"faces":{"north":{"uv":[1.5,0.625,1.8125,0.75],"texture":"#0"},"east":{"uv":[1.8125,0.625,1.9375,0.5],"texture":"#0"},"south":{"uv":[1.75,0.375,2.0625,0.5],"texture":"#0"},"west":{"uv":[1.8125,0.625,1.9375,0.5],"texture":"#0"},"up":{"uv":[1.8125,0.5,1.5,0.625],"rotation":180,"texture":"#0"},"down":{"uv":[1.8125,0.625,1.5,0.5],"rotation":180,"texture":"#0"}}},{"from":[4.8,9.74081,6.63976],"to":[5.8,10.74081,8.13976],"rotation":{"angle":-22.5,"axis":"x","origin":[5.2,11.66583,9.594]},"faces":{"north":{"uv":[1.75,0.375,1.625,0.5],"rotation":270,"texture":"#0"},"east":{"uv":[1.625,0,1.5,0.1875],"rotation":90,"texture":"#0"},"south":{"uv":[1.75,0.375,1.625,0.5],"rotation":270,"texture":"#0"},"west":{"uv":[1.75,0,1.625,0.1875],"rotation":90,"texture":"#0"},"up":{"uv":[1.9375,0,1.75,0.125],"rotation":90,"texture":"#0"},"down":{"uv":[1.9375,0,1.75,0.125],"rotation":90,"texture":"#0"}}},{"from":[4.37522,9.30982,8.744],"to":[6.37522,10.30982,9.744],"rotation":{"angle":45,"axis":"y","origin":[5.2,11.66583,9.594]},"faces":{"north":{"uv":[1.25,0.75,1.5,0.625],"texture":"#0"},"east":{"uv":[1.625,0.5,1.5,0.375],"texture":"#0"},"south":{"uv":[1.25,0.5,1.5,0.375],"texture":"#0"},"west":{"uv":[1.625,0.5,1.5,0.375],"texture":"#0"},"up":{"uv":[1.5,0.625,1.25,0.5],"rotation":180,"texture":"#0"},"down":{"uv":[1.25,0.5,1.5,0.625],"rotation":180,"texture":"#0"}}},{"from":[2.31429,9.05121,9.1],"to":[5.31429,10.55121,10.6],"rotation":{"angle":-22.5,"axis":"z","origin":[5,11.06583,9.594]},"faces":{"north":{"uv":[1.125,0,1.5,0.1875],"rotation":180,"texture":"#0"},"east":{"uv":[1.6875,0.1875,1.5,0.375],"texture":"#0"},"south":{"uv":[1.5,0,1.125,0.1875],"rotation":180,"texture":"#0"},"west":{"uv":[1.6875,0.1875,1.5,0.375],"texture":"#0"},"up":{"uv":[1.5,0.1875,1.125,0.375],"rotation":180,"texture":"#0"},"down":{"uv":[2.0625,0.1875,1.6875,0.375],"rotation":180,"texture":"#0"}}},{"from":[1,10,9.3],"to":[3,13.5,11.3],"rotation":{"angle":22.5,"axis":"y","origin":[1.14656,12.15249,9.644]},"faces":{"north":{"uv":[1,0.875,1.25,0.4375],"texture":"#0"},"east":{"uv":[0.75,0.875,1,0.4375],"texture":"#0"},"south":{"uv":[1.25,0.875,1,0.4375],"texture":"#0"},"west":{"uv":[0.5,0.875,0.75,0.4375],"texture":"#0"},"up":{"uv":[0.5,1.125,0.75,0.875],"texture":"#0"},"down":{"uv":[0.5,1.125,0.75,0.875],"texture":"#0"}}},{"from":[1,10,4.7],"to":[3,13.5,6.7],"rotation":{"angle":-22.5,"axis":"y","origin":[1.14656,12.15249,6.356]},"faces":{"north":{"uv":[1,0.875,1.25,0.4375],"texture":"#0"},"east":{"uv":[1,0.875,0.75,0.4375],"texture":"#0"},"south":{"uv":[1.25,0.875,1,0.4375],"texture":"#0"},"west":{"uv":[0.75,0.875,0.5,0.4375],"texture":"#0"},"up":{"uv":[0.5,0.875,0.75,1.125],"texture":"#0"},"down":{"uv":[0.5,0.875,0.75,1.125],"texture":"#0"}}},{"from":[5.5,14.5,7],"to":[5.5,24.5,17],"rotation":{"angle":0,"axis":"y","origin":[-4,13,0]},"faces":{"north":{"uv":[0,0,0,160],"texture":"#missing"},"east":{"uv":[2.5,1.875,3.75,3.125],"texture":"#0"},"south":{"uv":[0,0,0,160],"texture":"#missing"},"west":{"uv":[2.5,1.875,3.75,3.125],"texture":"#0"},"up":{"uv":[0,0,0,160],"texture":"#missing"},"down":{"uv":[0,0,0,160],"texture":"#missing"}}},{"from":[11.5,14.5,7],"to":[11.5,24.5,17],"rotation":{"angle":0,"axis":"y","origin":[12,13,0]},"faces":{"north":{"uv":[0,0,0,160],"texture":"#missing"},"east":{"uv":[3.75,1.875,2.5,3.125],"texture":"#0"},"south":{"uv":[0,0,0,160],"texture":"#missing"},"west":{"uv":[3.75,1.875,2.5,3.125],"texture":"#0"},"up":{"uv":[0,0,0,160],"texture":"#missing"},"down":{"uv":[0,0,0,160],"texture":"#missing"}}},{"from":[1.4,12.5,5.5],"to":[1.4,21.5,10.5],"rotation":{"angle":0,"axis":"y","origin":[-4,13,0]},"faces":{"east":{"uv":[0,0,5,9],"texture":"#4"},"west":{"uv":[5,0,0,9],"texture":"#4"}}},{"from":[9.5,15.5,5.25],"to":[15,16,10.75],"rotation":{"angle":22.5,"axis":"z","origin":[12,17,8]},"faces":{"north":{"uv":[0.75,1.5625,0.6875,2.25],"rotation":90,"texture":"#0"},"east":{"uv":[0.75,1.5625,0.6875,2.25],"rotation":90,"texture":"#0"},"south":{"uv":[0.75,1.5625,0.6875,2.25],"rotation":90,"texture":"#0"},"west":{"uv":[0.75,1.5625,0.6875,2.25],"rotation":90,"texture":"#0"},"up":{"uv":[0.6875,1.5625,0,2.25],"rotation":90,"texture":"#0"},"down":{"uv":[0.6875,1.5625,0,2.25],"rotation":90,"texture":"#0"}}},{"from":[11,13,5.5],"to":[15,16.5,10.5],"rotation":{"angle":0,"axis":"y","origin":[31,13,9.5]},"faces":{"north":{"uv":[2.5625,1.0625,2.0625,1.5],"texture":"#0"},"east":{"uv":[0.625,0,0,0.4375],"texture":"#0"},"south":{"uv":[0.625,0,1.125,0.4375],"texture":"#0"},"west":{"uv":[2.0625,1.0625,1.4375,1.5],"texture":"#0"},"up":{"uv":[0.5,0.4375,0,1.0625],"texture":"#0"},"down":{"uv":[0.5,0.4375,0,1.0625],"texture":"#0"}}},{"from":[8.5,16,4.5],"to":[15.5,17,11.5],"rotation":{"angle":22.5,"axis":"z","origin":[12,17,8]},"faces":{"north":{"uv":[1,2.25,0.875,3.125],"rotation":90,"texture":"#0"},"east":{"uv":[1,2.25,0.875,3.125],"rotation":90,"texture":"#0"},"south":{"uv":[1,2.25,0.875,3.125],"rotation":90,"texture":"#0"},"west":{"uv":[1,2.25,0.875,3.125],"rotation":90,"texture":"#0"},"up":{"uv":[0.875,2.25,0,3.125],"rotation":90,"texture":"#0"},"down":{"uv":[0.875,2.25,0,3.125],"rotation":90,"texture":"#0"}}},{"from":[10.5,17,6.5],"to":[13.5,19.5,9.5],"rotation":{"angle":22.5,"axis":"z","origin":[12,17,8]},"faces":{"north":{"uv":[2.1875,1.8125,1.875,2.1875],"rotation":270,"texture":"#0"},"east":{"uv":[2.1875,1.8125,1.875,2.1875],"rotation":270,"texture":"#0"},"south":{"uv":[2.1875,1.8125,1.875,2.1875],"rotation":270,"texture":"#0"},"west":{"uv":[2.1875,1.8125,1.875,2.1875],"rotation":270,"texture":"#0"},"up":{"uv":[1.875,1.8125,1.5,2.1875],"rotation":270,"texture":"#0"},"down":{"uv":[1.875,1.8125,1.5,2.1875],"rotation":270,"texture":"#0"}}},{"from":[15.5,17,4.5],"to":[15.5,20.5,11.5],"rotation":{"angle":22.5,"axis":"z","origin":[12,17,8]},"faces":{"north":{"uv":[32768,32000,32768,32768],"texture":"#missing"},"east":{"uv":[1.9375,2.6875,1.0625,3.125],"texture":"#0"},"south":{"uv":[32768,32000,32768,32768],"texture":"#missing"},"west":{"uv":[1.9375,2.6875,1.0625,3.125],"texture":"#0"},"up":{"uv":[32768,32768,31232,32768],"rotation":270,"texture":"#missing"},"down":{"uv":[32768,32768,31232,32768],"rotation":90,"texture":"#missing"}}},{"from":[9.5,17,5.5],"to":[14.5,18,10.5],"rotation":{"angle":22.5,"axis":"z","origin":[12,17,8]},"faces":{"north":{"uv":[1.5,1.5625,1.375,2.1875],"rotation":270,"texture":"#0"},"east":{"uv":[1.5,1.5625,1.375,2.1875],"rotation":270,"texture":"#0"},"south":{"uv":[1.5,1.5625,1.375,2.1875],"rotation":270,"texture":"#0"},"west":{"uv":[1.5,1.5625,1.375,2.1875],"rotation":270,"texture":"#0"},"up":{"uv":[1.375,1.5625,0.75,2.1875],"rotation":270,"texture":"#0"},"down":{"uv":[1.375,1.5625,0.75,2.1875],"rotation":270,"texture":"#0"}}},{"from":[8.5,17,11.5],"to":[15.5,19,11.5],"rotation":{"angle":22.5,"axis":"z","origin":[12,17,8]},"faces":{"north":{"uv":[1.0625,2.4375,1.9375,2.6875],"texture":"#0"},"east":{"uv":[32768,0,32768,512],"texture":"#missing"},"south":{"uv":[1.9375,2.4375,1.0625,2.6875],"texture":"#0"},"west":{"uv":[32768,16384,32768,16896],"texture":"#missing"},"up":{"uv":[32768,30976,32768,32768],"rotation":270,"texture":"#missing"},"down":{"uv":[32768,30976,32768,32768],"rotation":90,"texture":"#missing"}}},{"from":[12.5,16.09285,12.15565],"to":[13.5,16.79285,13.65565],"rotation":{"angle":0,"axis":"y","origin":[13,16.64285,12.90565]},"faces":{"north":{"uv":[1.9375,0.5,2.025,0.625],"rotation":270,"texture":"#0"},"east":{"uv":[2.025,0,1.9375,0.1875],"rotation":90,"texture":"#0"},"south":{"uv":[1.9375,0.5,2.025,0.625],"rotation":270,"texture":"#0"},"west":{"uv":[2.025,0,1.9375,0.1875],"rotation":90,"texture":"#0"},"up":{"uv":[1.6875,0.9375,1.5625,0.75],"texture":"#0"},"down":{"uv":[1.8125,0.9375,1.6875,0.75],"texture":"#0"}}},{"from":[12.25,13.70939,13.35001],"to":[13.75,16.20939,14.35001],"rotation":{"angle":-22.5,"axis":"x","origin":[13,14.93417,12.594]},"faces":{"north":{"uv":[1.125,1.375,1.4375,1.5625],"rotation":270,"texture":"#0"},"east":{"uv":[1.4375,1.25,1.125,1.375],"rotation":90,"texture":"#0"},"south":{"uv":[1.125,1.0625,1.4375,1.25],"rotation":270,"texture":"#0"},"west":{"uv":[1.4375,1.375,1.125,1.25],"rotation":90,"texture":"#0"},"up":{"uv":[2.0625,0.9375,1.875,0.8125],"texture":"#0"},"down":{"uv":[2.0625,0.9375,1.875,0.8125],"texture":"#0"}}},{"from":[12,12.84846,13.40862],"to":[14,15.34846,14.90862],"rotation":{"angle":22.5,"axis":"x","origin":[13,14.93417,12.594]},"faces":{"north":{"uv":[3.0625,0.9375,3.375,0.6875],"rotation":270,"texture":"#0"},"east":{"uv":[3.0625,0.25,3.375,0.4375],"rotation":270,"texture":"#0"},"south":{"uv":[3.0625,0.6875,3.375,0.4375],"rotation":270,"texture":"#0"},"west":{"uv":[3.0625,0.4375,3.375,0.25],"rotation":270,"texture":"#0"},"up":{"uv":[2.0625,0.625,1.8125,0.8125],"texture":"#0"},"down":{"uv":[2.0625,0.625,1.8125,0.8125],"texture":"#0"}}},{"from":[11.85,11.60314,9.83279],"to":[14.15,13.60314,12.83279],"rotation":{"angle":-22.5,"axis":"x","origin":[13,14.93417,12.594]},"faces":{"north":{"uv":[3.3625,0,3.075,0.25],"texture":"#0"},"east":{"uv":[2.6875,0,3.0625,0.25],"texture":"#0"},"south":{"uv":[3.3625,0,3.075,0.25],"texture":"#0"},"west":{"uv":[3.0625,0,2.6875,0.25],"texture":"#0"},"up":{"uv":[3.0625,0.5375,2.6875,0.25],"rotation":90,"texture":"#0"},"down":{"uv":[3.0625,0.85,2.6875,0.5625],"rotation":90,"texture":"#0"}}},{"from":[11.75,10.50249,8.44744],"to":[14.25,13.00249,13.44744],"rotation":{"angle":22.5,"axis":"x","origin":[13,14.93417,12.594]},"faces":{"north":{"uv":[1.5625,1.0625,1.25,0.75],"texture":"#0"},"east":{"uv":[2.0625,0.3125,2.6875,0],"texture":"#0"},"south":{"uv":[1.5625,1.0625,1.25,0.75],"texture":"#0"},"west":{"uv":[2.6875,0.3125,2.0625,0],"texture":"#0"},"up":{"uv":[2.6875,0.3125,2.0625,0.625],"rotation":90,"texture":"#0"},"down":{"uv":[2.6875,0.625,2.0625,0.9375],"rotation":90,"texture":"#0"}}},{"from":[14,10,9.3],"to":[16,13.5,11.3],"rotation":{"angle":-22.5,"axis":"y","origin":[15.85344,12.15249,9.644]},"faces":{"north":{"uv":[1.25,0.875,1,0.4375],"texture":"#0"},"east":{"uv":[0.75,0.875,0.5,0.4375],"texture":"#0"},"south":{"uv":[1,0.875,1.25,0.4375],"texture":"#0"},"west":{"uv":[1,0.875,0.75,0.4375],"texture":"#0"},"up":{"uv":[0.75,1.125,0.5,0.875],"texture":"#0"},"down":{"uv":[0.75,1.125,0.5,0.875],"texture":"#0"}}},{"from":[11.68571,9.05121,9.1],"to":[14.68571,10.55121,10.6],"rotation":{"angle":22.5,"axis":"z","origin":[12,11.06583,9.594]},"faces":{"north":{"uv":[1.5,0,1.125,0.1875],"rotation":180,"texture":"#0"},"east":{"uv":[1.5,0.1875,1.6875,0.375],"texture":"#0"},"south":{"uv":[1.125,0,1.5,0.1875],"rotation":180,"texture":"#0"},"west":{"uv":[1.5,0.1875,1.6875,0.375],"texture":"#0"},"up":{"uv":[1.125,0.1875,1.5,0.375],"rotation":180,"texture":"#0"},"down":{"uv":[1.6875,0.1875,2.0625,0.375],"rotation":180,"texture":"#0"}}},{"from":[10.62478,9.30982,8.744],"to":[12.62478,10.30982,9.744],"rotation":{"angle":-45,"axis":"y","origin":[11.8,11.66583,9.594]},"faces":{"north":{"uv":[1.5,0.75,1.25,0.625],"texture":"#0"},"east":{"uv":[1.5,0.5,1.625,0.375],"texture":"#0"},"south":{"uv":[1.5,0.5,1.25,0.375],"texture":"#0"},"west":{"uv":[1.5,0.5,1.625,0.375],"texture":"#0"},"up":{"uv":[1.25,0.625,1.5,0.5],"rotation":180,"texture":"#0"},"down":{"uv":[1.5,0.5,1.25,0.625],"rotation":180,"texture":"#0"}}},{"from":[11.2,9.74081,6.63976],"to":[12.2,10.74081,8.13976],"rotation":{"angle":-22.5,"axis":"x","origin":[11.8,11.66583,9.594]},"faces":{"north":{"uv":[1.75,0.5,1.625,0.375],"rotation":270,"texture":"#0"},"east":{"uv":[1.75,0.1875,1.625,0],"rotation":90,"texture":"#0"},"south":{"uv":[1.75,0.5,1.625,0.375],"rotation":270,"texture":"#0"},"west":{"uv":[1.625,0.1875,1.5,0],"rotation":90,"texture":"#0"},"up":{"uv":[1.9375,0.125,1.75,0],"rotation":90,"texture":"#0"},"down":{"uv":[1.9375,0.125,1.75,0],"rotation":90,"texture":"#0"}}},{"from":[12.41008,7.04571,8.26937],"to":[14.91008,8.04571,9.26937],"rotation":{"angle":22.5,"axis":"y","origin":[14.3,8.52961,8.91937]},"faces":{"north":{"uv":[1.8125,0.625,1.5,0.75],"texture":"#0"},"east":{"uv":[1.9375,0.625,1.8125,0.5],"texture":"#0"},"south":{"uv":[2.0625,0.375,1.75,0.5],"texture":"#0"},"west":{"uv":[1.9375,0.625,1.8125,0.5],"texture":"#0"},"up":{"uv":[1.5,0.5,1.8125,0.625],"rotation":180,"texture":"#0"},"down":{"uv":[1.5,0.625,1.8125,0.5],"rotation":180,"texture":"#0"}}},{"from":[13.6,6.84206,6.57591],"to":[15.1,8.34206,9.57591],"rotation":{"angle":22.5,"axis":"x","origin":[14.3,8.52961,8.91937]},"faces":{"north":{"uv":[1.25,0.875,1.0625,1.0625],"texture":"#0"},"east":{"uv":[0.375,1.125,0.75,1.3125],"rotation":180,"texture":"#0"},"south":{"uv":[1.25,0.875,1.0625,1.0625],"texture":"#0"},"west":{"uv":[0.75,1.125,1.125,1.3125],"rotation":180,"texture":"#0"},"up":{"uv":[1.125,1.3125,0.75,1.5],"rotation":270,"texture":"#0"},"down":{"uv":[1.125,1.3125,0.75,1.5],"rotation":270,"texture":"#0"}}},{"from":[14,10,4.7],"to":[16,13.5,6.7],"rotation":{"angle":22.5,"axis":"y","origin":[15.85344,12.15249,6.356]},"faces":{"north":{"uv":[1.25,0.875,1,0.4375],"texture":"#0"},"east":{"uv":[0.5,0.875,0.75,0.4375],"texture":"#0"},"south":{"uv":[1,0.875,1.25,0.4375],"texture":"#0"},"west":{"uv":[0.75,0.875,1,0.4375],"texture":"#0"},"up":{"uv":[0.75,0.875,0.5,1.125],"texture":"#0"},"down":{"uv":[0.75,0.875,0.5,1.125],"texture":"#0"}}},{"from":[11.45,10.50249,2.55256],"to":[13.95,13.00249,7.55256],"rotation":{"angle":-22.5,"axis":"x","origin":[12.7,14.93417,3.406]},"faces":{"north":{"uv":[1.25,1.0625,1.5625,0.75],"texture":"#0"},"east":{"uv":[2.6875,0.3125,2.0625,0],"texture":"#0"},"south":{"uv":[1.25,1.0625,1.5625,0.75],"texture":"#0"},"west":{"uv":[2.6875,0.3125,2.0625,0],"texture":"#0"},"up":{"uv":[2.0625,0.3125,2.6875,0.625],"rotation":90,"texture":"#0"},"down":{"uv":[2.0625,0.625,2.6875,0.9375],"rotation":90,"texture":"#0"}}},{"from":[11.55,11.60314,3.16721],"to":[13.85,13.60314,6.16721],"rotation":{"angle":22.5,"axis":"x","origin":[12.7,14.93417,3.406]},"faces":{"north":{"uv":[3.075,0,3.3625,0.25],"texture":"#0"},"east":{"uv":[3.0625,0,2.6875,0.25],"texture":"#0"},"south":{"uv":[3.075,0,3.3625,0.25],"texture":"#0"},"west":{"uv":[3.0625,0,2.6875,0.25],"texture":"#0"},"up":{"uv":[2.6875,0.5375,3.0625,0.25],"rotation":90,"texture":"#0"},"down":{"uv":[2.6875,0.85,3.0625,0.5625],"rotation":90,"texture":"#0"}}},{"from":[11.7,12.84846,1.09138],"to":[13.7,15.34846,2.59138],"rotation":{"angle":-22.5,"axis":"x","origin":[12.7,14.93417,3.406]},"faces":{"north":{"uv":[3.0625,0.4375,3.375,0.6875],"rotation":270,"texture":"#0"},"east":{"uv":[3.0625,0.4375,3.375,0.25],"rotation":270,"texture":"#0"},"south":{"uv":[3.0625,0.6875,3.375,0.9375],"rotation":270,"texture":"#0"},"west":{"uv":[3.0625,0.25,3.375,0.4375],"rotation":270,"texture":"#0"},"up":{"uv":[2.0625,0.8125,1.8125,0.625],"texture":"#0"},"down":{"uv":[2.0625,0.8125,1.8125,0.625],"texture":"#0"}}},{"from":[11.95,13.70939,1.64999],"to":[13.45,16.20939,2.64999],"rotation":{"angle":22.5,"axis":"x","origin":[12.7,14.93417,3.406]},"faces":{"north":{"uv":[1.125,1.25,1.4375,1.0625],"rotation":270,"texture":"#0"},"east":{"uv":[1.4375,1.375,1.125,1.25],"rotation":90,"texture":"#0"},"south":{"uv":[1.125,1.5625,1.4375,1.375],"rotation":270,"texture":"#0"},"west":{"uv":[1.4375,1.25,1.125,1.375],"rotation":90,"texture":"#0"},"up":{"uv":[2.0625,0.8125,1.875,0.9375],"texture":"#0"},"down":{"uv":[2.0625,0.8125,1.875,0.9375],"texture":"#0"}}},{"from":[8.5,17,4.5],"to":[15.5,19,4.5],"rotation":{"angle":22.5,"axis":"z","origin":[12,17,8]},"faces":{"north":{"uv":[1.0625,2.4375,1.9375,2.6875],"texture":"#0"},"east":{"uv":[32768,0,32768,512],"texture":"#missing"},"south":{"uv":[1.9375,2.4375,1.0625,2.6875],"texture":"#0"},"west":{"uv":[32768,16384,32768,16896],"texture":"#missing"},"up":{"uv":[32768,30976,32768,32768],"rotation":270,"texture":"#missing"},"down":{"uv":[32768,30976,32768,32768],"rotation":90,"texture":"#missing"}}},{"from":[13.45,8.56292,6.00303],"to":[15.45,11.56292,8.00303],"rotation":{"angle":-22.5,"axis":"x","origin":[14.3,8.52961,8.71937]},"faces":{"north":{"uv":[0.375,1.5625,0,1.3125],"rotation":90,"texture":"#0"},"east":{"uv":[0,1.0625,0.375,1.3125],"rotation":270,"texture":"#0"},"south":{"uv":[0.375,1.3125,0,1.5625],"rotation":90,"texture":"#0"},"west":{"uv":[0.375,1.3125,0.75,1.5625],"rotation":270,"texture":"#0"},"up":{"uv":[0.7625,1.125,1.0125,0.875],"texture":"#0"},"down":{"uv":[0.7625,1.125,1.0125,0.875],"texture":"#0"}}},{"from":[15.2,13.5,5.5],"to":[15.2,17,10.5],"rotation":{"angle":0,"axis":"y","origin":[31,13,9.5]},"faces":{"north":{"uv":[0,0,0,7],"texture":"#1"},"east":{"uv":[10,0,0,7],"texture":"#1"},"south":{"uv":[0,0,0,7],"texture":"#1"},"west":{"uv":[0,0,10,7],"texture":"#1"},"up":{"uv":[0,10,0,0],"texture":"#1"},"down":{"uv":[0,0,0,10],"texture":"#1"}}},{"from":[11.85,15.8454,2.67278],"to":[13.55,16.9454,4.07278],"rotation":{"angle":45,"axis":"x","origin":[12.725,17.1704,2.97278]},"faces":{"north":{"uv":[1.6875,1.0625,1.5625,0.9375],"rotation":90,"texture":"#0"},"east":{"uv":[1.6875,1.0625,1.5625,0.9375],"rotation":90,"texture":"#0"},"south":{"uv":[1.6875,1.0625,1.5625,0.9375],"rotation":90,"texture":"#0"},"west":{"uv":[1.6875,1.0625,1.5625,0.9375],"rotation":90,"texture":"#0"},"up":{"uv":[1.6875,1.0625,1.5625,0.9375],"rotation":90,"texture":"#0"},"down":{"uv":[1.6875,1.0625,1.5625,0.9375],"rotation":90,"texture":"#0"}}},{"from":[12.25,16.9454,2.97278],"to":[13.25,18.4454,3.77278],"rotation":{"angle":45,"axis":"x","origin":[12.725,17.1704,2.97278]},"faces":{"north":{"uv":[2.125,1.0625,1.9375,0.9375],"rotation":90,"texture":"#0"},"east":{"uv":[1.9375,1.0375,1.75,0.9375],"rotation":90,"texture":"#0"},"south":{"uv":[2.125,1.0625,1.9375,0.9375],"rotation":90,"texture":"#0"},"west":{"uv":[1.9375,1.0375,1.75,0.9375],"rotation":90,"texture":"#0"},"up":{"uv":[1.6625,1.0625,1.5625,0.9375],"rotation":90,"texture":"#0"},"down":{"uv":[1.6625,1.0625,1.5625,0.9375],"rotation":90,"texture":"#0"}}},{"from":[15.2,10.5,5.5],"to":[15.2,14,9.5],"rotation":{"angle":0,"axis":"y","origin":[31,13,9.5]},"faces":{"north":{"uv":[2.5625,1.0625,2.0625,1.5],"texture":"#0"},"east":{"uv":[3.125,1.375,2.625,1.8125],"texture":"#0"},"south":{"uv":[1.25,0.3125,1.25,0.75],"texture":"#0"},"west":{"uv":[3.125,1.375,2.625,1.8125],"texture":"#0"},"up":{"uv":[0.5,0.4375,0,1.0625],"texture":"#0"},"down":{"uv":[0.5,0.4375,0,1.0625],"texture":"#0"}}},{"from":[7.5,4,13],"to":[8.5,6,14.5],"rotation":{"angle":0,"axis":"y","origin":[8,8.23214,14.98155]},"faces":{"north":{"uv":[2.75,1,3,0.875],"rotation":90,"texture":"#0"},"east":{"uv":[2.75,0.9375,2.5625,1.1875],"rotation":180,"texture":"#0"},"south":{"uv":[2.75,1,3,0.875],"rotation":90,"texture":"#0"},"west":{"uv":[2.75,0.9375,2.5625,1.1875],"rotation":180,"texture":"#0"},"up":{"uv":[2.75,1.125,2.9375,1],"rotation":90,"texture":"#0"},"down":{"uv":[2.75,1.125,2.9375,1],"rotation":90,"texture":"#0"}}},{"from":[7.25,2.5,13.25],"to":[8.75,4.5,14.25],"rotation":{"angle":0,"axis":"y","origin":[8,4.83214,13.68155]},"faces":{"north":{"uv":[2.75,0.9375,2.5625,1.1875],"rotation":180,"texture":"#0"},"east":{"uv":[2.75,1,3,0.875],"rotation":90,"texture":"#0"},"south":{"uv":[2.75,0.9375,2.5625,1.1875],"rotation":180,"texture":"#0"},"west":{"uv":[2.75,1,3,0.875],"rotation":90,"texture":"#0"},"up":{"uv":[2.75,1.125,2.9375,1],"rotation":180,"texture":"#0"},"down":{"uv":[2.75,1.125,2.9375,1],"texture":"#0"}}},{"from":[7.25,5.5,13.25],"to":[8.75,7.5,14.25],"rotation":{"angle":0,"axis":"y","origin":[8,4.83214,13.68155]},"faces":{"north":{"uv":[2.75,0.9375,2.5625,1.1875],"rotation":180,"texture":"#0"},"east":{"uv":[2.75,1,3,0.875],"rotation":90,"texture":"#0"},"south":{"uv":[2.75,0.9375,2.5625,1.1875],"rotation":180,"texture":"#0"},"west":{"uv":[2.75,1,3,0.875],"rotation":90,"texture":"#0"},"up":{"uv":[2.75,1.125,2.9375,1],"rotation":180,"texture":"#0"},"down":{"uv":[2.75,1.125,2.9375,1],"texture":"#0"}}},{"from":[7.5,7,13],"to":[8.5,9,14.5],"rotation":{"angle":-22.5,"axis":"x","origin":[8,7.5,13.75]},"faces":{"north":{"uv":[2.75,1,3,0.875],"rotation":90,"texture":"#0"},"east":{"uv":[2.75,0.9375,2.5625,1.1875],"rotation":180,"texture":"#0"},"south":{"uv":[2.75,1,3,0.875],"rotation":90,"texture":"#0"},"west":{"uv":[2.75,0.9375,2.5625,1.1875],"rotation":180,"texture":"#0"},"up":{"uv":[2.75,1.125,2.9375,1],"rotation":90,"texture":"#0"},"down":{"uv":[2.75,1.125,2.9375,1],"rotation":90,"texture":"#0"}}},{"from":[7.5,2.6,12],"to":[8.5,3.6,15.5],"rotation":{"angle":0,"axis":"y","origin":[8,8.23214,14.98155]},"faces":{"north":{"uv":[2.9375,1.125,3.0625,1],"rotation":90,"texture":"#0"},"east":{"uv":[3.1875,1.125,2.75,1.25],"rotation":180,"texture":"#0"},"south":{"uv":[2.9375,1.125,3.0625,1],"rotation":90,"texture":"#0"},"west":{"uv":[3.1875,1.125,2.75,1.25],"rotation":180,"texture":"#0"},"up":{"uv":[2.75,1.25,3.1875,1.125],"rotation":90,"texture":"#0"},"down":{"uv":[2.75,1.25,3.1875,1.125],"rotation":90,"texture":"#0"}}},{"from":[8,-0.4,12.25],"to":[8,2.6,15.75],"rotation":{"angle":0,"axis":"y","origin":[8,8.23214,14.98155]},"faces":{"north":{"uv":[2.9375,1.125,3.0625,1],"rotation":90,"texture":"#0"},"east":{"uv":[3.625,1.125,3.1875,1.5],"rotation":180,"texture":"#0"},"south":{"uv":[2.9375,1.125,3.0625,1],"rotation":90,"texture":"#0"},"west":{"uv":[3.1875,1.125,3.625,1.5],"rotation":180,"texture":"#0"},"up":{"uv":[2.75,1.25,3.1875,1.125],"rotation":90,"texture":"#0"},"down":{"uv":[2.75,1.25,3.1875,1.125],"rotation":90,"texture":"#0"}}},{"from":[8.5,20,-1],"to":[8.5,32,5],"rotation":{"angle":0,"axis":"y","origin":[21,13,0]},"faces":{"east":{"uv":[0,0,6,12],"texture":"#3"},"west":{"uv":[6,0,0,12],"texture":"#3"}}},{"from":[15.6,12.5,5.5],"to":[15.6,21.5,10.5],"rotation":{"angle":0,"axis":"y","origin":[21,13,0]},"faces":{"east":{"uv":[0,0,5,9],"texture":"#4"},"west":{"uv":[5,0,0,9],"texture":"#4"}}},{"from":[8.5,22,7],"to":[8.5,30,15],"rotation":{"angle":0,"axis":"y","origin":[21,13,0]},"faces":{"north":{"uv":[0,0,0,12],"texture":"#5"},"east":{"uv":[16,0,0,16],"texture":"#5"},"south":{"uv":[0,0,0,12],"texture":"#5"},"west":{"uv":[0,0,16,16],"texture":"#5"},"up":{"uv":[0,12,0,0],"texture":"#5"},"down":{"uv":[0,0,0,12],"texture":"#5"}}},{"from":[8,1,1.25],"to":[8,4,4.75],"rotation":{"angle":0,"axis":"y","origin":[8,7.63214,2.01845]},"faces":{"north":{"uv":[2.9375,1,3.0625,1.125],"rotation":90,"texture":"#0"},"east":{"uv":[3.1875,1.125,3.625,1.5],"rotation":180,"texture":"#0"},"south":{"uv":[2.9375,1,3.0625,1.125],"rotation":90,"texture":"#0"},"west":{"uv":[3.625,1.125,3.1875,1.5],"rotation":180,"texture":"#0"},"up":{"uv":[3.1875,1.25,2.75,1.125],"rotation":90,"texture":"#0"},"down":{"uv":[3.1875,1.25,2.75,1.125],"rotation":90,"texture":"#0"}}},{"from":[7.5,4,1.5],"to":[8.5,5,5],"rotation":{"angle":0,"axis":"y","origin":[8,7.63214,2.01845]},"faces":{"north":{"uv":[2.9375,1,3.0625,1.125],"rotation":90,"texture":"#0"},"east":{"uv":[2.75,1.125,3.1875,1.25],"rotation":180,"texture":"#0"},"south":{"uv":[2.9375,1,3.0625,1.125],"rotation":90,"texture":"#0"},"west":{"uv":[2.75,1.125,3.1875,1.25],"rotation":180,"texture":"#0"},"up":{"uv":[3.1875,1.25,2.75,1.125],"rotation":90,"texture":"#0"},"down":{"uv":[3.1875,1.25,2.75,1.125],"rotation":90,"texture":"#0"}}},{"from":[7.25,3.9,2.75],"to":[8.75,5.9,3.75],"rotation":{"angle":0,"axis":"y","origin":[8,4.23214,3.31845]},"faces":{"north":{"uv":[2.5625,0.9375,2.75,1.1875],"rotation":180,"texture":"#0"},"east":{"uv":[2.75,0.875,3,1],"rotation":90,"texture":"#0"},"south":{"uv":[2.5625,0.9375,2.75,1.1875],"rotation":180,"texture":"#0"},"west":{"uv":[2.75,0.875,3,1],"rotation":90,"texture":"#0"},"up":{"uv":[2.75,1,2.9375,1.125],"rotation":180,"texture":"#0"},"down":{"uv":[2.75,1,2.9375,1.125],"texture":"#0"}}},{"from":[7.5,5.4,2.5],"to":[8.5,7.4,4],"rotation":{"angle":0,"axis":"y","origin":[8,7.63214,2.01845]},"faces":{"north":{"uv":[2.75,0.875,3,1],"rotation":90,"texture":"#0"},"east":{"uv":[2.5625,0.9375,2.75,1.1875],"rotation":180,"texture":"#0"},"south":{"uv":[2.75,0.875,3,1],"rotation":90,"texture":"#0"},"west":{"uv":[2.5625,0.9375,2.75,1.1875],"rotation":180,"texture":"#0"},"up":{"uv":[2.9375,1.125,2.75,1],"rotation":90,"texture":"#0"},"down":{"uv":[2.9375,1.125,2.75,1],"rotation":90,"texture":"#0"}}},{"from":[7.25,6.9,2.75],"to":[8.75,8.9,3.75],"rotation":{"angle":0,"axis":"y","origin":[8,4.23214,3.31845]},"faces":{"north":{"uv":[2.5625,0.9375,2.75,1.1875],"rotation":180,"texture":"#0"},"east":{"uv":[2.75,0.875,3,1],"rotation":90,"texture":"#0"},"south":{"uv":[2.5625,0.9375,2.75,1.1875],"rotation":180,"texture":"#0"},"west":{"uv":[2.75,0.875,3,1],"rotation":90,"texture":"#0"},"up":{"uv":[2.75,1,2.9375,1.125],"rotation":180,"texture":"#0"},"down":{"uv":[2.75,1,2.9375,1.125],"texture":"#0"}}},{"from":[7.25,-10,7.25],"to":[8.75,0,8.75],"rotation":{"angle":0,"axis":"y","origin":[8,5.81499,8]},"faces":{"north":{"uv":[3.625,0,3.8125,1.25],"texture":"#0"},"east":{"uv":[3.625,0,3.8125,1.25],"texture":"#0"},"south":{"uv":[3.625,0,3.8125,1.25],"texture":"#0"},"west":{"uv":[3.625,0,3.8125,1.25],"texture":"#0"},"up":{"uv":[3.1875,0.9375,3.375,1.125],"rotation":270,"texture":"#0"},"down":{"uv":[3.1875,0.9375,3.375,1.125],"rotation":270,"texture":"#0"}}},{"from":[7,0,7],"to":[9,3,9],"rotation":{"angle":0,"axis":"y","origin":[8,5.81499,8]},"faces":{"north":{"uv":[3.375,0,3.625,0.375],"texture":"#0"},"east":{"uv":[3.375,0,3.625,0.375],"texture":"#0"},"south":{"uv":[3.375,0,3.625,0.375],"texture":"#0"},"west":{"uv":[3.375,0,3.625,0.375],"texture":"#0"},"up":{"uv":[3.375,0.375,3.625,0.625],"texture":"#0"},"down":{"uv":[3.375,0.375,3.625,0.625],"texture":"#0"}}},{"from":[7,7,7],"to":[9,10,9],"rotation":{"angle":0,"axis":"y","origin":[8,5.81499,8]},"faces":{"north":{"uv":[3.375,0,3.625,0.375],"texture":"#0"},"east":{"uv":[3.375,0,3.625,0.375],"texture":"#0"},"south":{"uv":[3.375,0,3.625,0.375],"texture":"#0"},"west":{"uv":[3.375,0,3.625,0.375],"texture":"#0"},"up":{"uv":[3.375,0.375,3.625,0.625],"texture":"#0"},"down":{"uv":[3.375,0.375,3.625,0.625],"texture":"#0"}}},{"from":[4.5,9,-2],"to":[12.5,19,18],"rotation":{"angle":0,"axis":"y","origin":[8.5,15.5,0.5]},"faces":{"north":{"uv":[4.5,2.4375,5.5,3.6875],"texture":"#0"},"east":{"uv":[8.4375,0.75,5.9375,2],"texture":"#0"},"south":{"uv":[5.5,2.4375,4.5,3.6875],"texture":"#0"},"west":{"uv":[8.4375,0.75,5.9375,2],"texture":"#0"},"up":{"uv":[8.4375,0,9.4375,2.5],"texture":"#0"},"down":{"uv":[8.4375,0,9.4375,2.5],"texture":"#0"}}},{"from":[7,19,5],"to":[7,25,8],"rotation":{"angle":0,"axis":"y","origin":[10,21,-6.5]},"faces":{"north":{"uv":[0,0,0,0.75],"texture":"#missing"},"east":{"uv":[4.375,1.625,4,2.375],"texture":"#0"},"south":{"uv":[0,0,0,0.75],"texture":"#missing"},"west":{"uv":[4,1.625,4.375,2.375],"texture":"#0"},"up":{"uv":[0,0.375,0,0],"texture":"#missing"},"down":{"uv":[0,0.375,0,0],"texture":"#missing"}}},{"from":[8,19,7],"to":[8,25,10],"rotation":{"angle":0,"axis":"y","origin":[10,21,-6.5]},"faces":{"north":{"uv":[0,0,0,0.75],"texture":"#missing"},"east":{"uv":[4.375,1.625,4,2.375],"texture":"#0"},"south":{"uv":[0,0,0,0.75],"texture":"#missing"},"west":{"uv":[4,1.625,4.375,2.375],"texture":"#0"},"up":{"uv":[0,0.375,0,0],"texture":"#missing"},"down":{"uv":[0,0.375,0,0],"texture":"#missing"}}},{"from":[4,8.5,1.5],"to":[13,19.5,4],"rotation":{"angle":0,"axis":"y","origin":[8.5,15.5,0.5]},"faces":{"north":{"uv":[4.5,0.75,5.625,2.125],"texture":"#0"},"east":{"uv":[5.9375,0.75,5.625,2.125],"texture":"#0"},"south":{"uv":[4.5,0.75,5.625,2.125],"texture":"#0"},"west":{"uv":[5.9375,0.75,5.625,2.125],"texture":"#0"},"up":{"uv":[4.5,2.125,5.625,2.4375],"texture":"#0"},"down":{"uv":[4.5,2.125,5.625,2.4375],"texture":"#0"}}},{"from":[4,8.5,12],"to":[13,19.5,14.5],"rotation":{"angle":0,"axis":"y","origin":[8.5,15.5,15.5]},"faces":{"north":{"uv":[5.625,0.75,4.5,2.125],"texture":"#0"},"east":{"uv":[5.625,0.75,5.9375,2.125],"texture":"#0"},"south":{"uv":[5.625,0.75,4.5,2.125],"texture":"#0"},"west":{"uv":[5.625,0.75,5.9375,2.125],"texture":"#0"},"up":{"uv":[4.5,2.4375,5.625,2.125],"texture":"#0"},"down":{"uv":[4.5,2.4375,5.625,2.125],"texture":"#0"}}},{"from":[7.25,2,7.25],"to":[8.75,12,8.75],"rotation":{"angle":0,"axis":"y","origin":[8.5,5.81499,8]},"faces":{"north":{"uv":[3.8125,0,4,1.25],"texture":"#0"},"east":{"uv":[3.8125,0,4,1.25],"texture":"#0"},"south":{"uv":[3.8125,0,4,1.25],"texture":"#0"},"west":{"uv":[3.8125,0,4,1.25],"texture":"#0"},"up":{"uv":[3.1875,0.9375,3.375,1.125],"rotation":270,"texture":"#0"},"down":{"uv":[3.1875,0.9375,3.375,1.125],"rotation":270,"texture":"#0"}}}],"gui_light":"front","display":{"thirdperson_righthand":{"translation":[0,7,1.75],"scale":[0.7,0.7,0.7]},"thirdperson_lefthand":{"translation":[0,7,1.75],"scale":[0.7,0.7,0.7]},"firstperson_righthand":{"rotation":[5,0,0],"translation":[5,5.5,0],"scale":[0.35313,0.35313,0.35313]},"firstperson_lefthand":{"rotation":[5,0,0],"translation":[5,5.5,0],"scale":[0.35313,0.35313,0.35313]},"ground":{"rotation":[45,0,0],"translation":[0,9,0],"scale":[0.5,0.5,0.5]},"gui":{"rotation":[90,45,-90],"translation":[0,0.5,-1.5],"scale":[0.45703,0.45703,0.45703]},"head":{"scale":[0,0,0]},"fixed":{"rotation":[0,-90,0],"translation":[0,11.25,-2],"scale":[1.6,1.6,1.6]}}}