{"credit":"53706 / 74427OB83ITRGMKHWFZ1EM55PU3","texture_size":[128,128],"textures":{"0":"octopus_animated_weapon_set:octopus_texture_01","3":"octopus_animated_weapon_set:octopus_animation_02","5":"octopus_animated_weapon_set:octopus_animation_04","particle":"octopus_animated_weapon_set:octopus_texture_01"},"elements":[{"from":[7.25,-8,7.25],"to":[8.75,0,8.75],"rotation":{"angle":0,"axis":"y","origin":[8,5.81499,8]},"faces":{"north":{"uv":[3.625,0,3.8125,1],"texture":"#0"},"east":{"uv":[3.625,0,3.8125,1],"texture":"#0"},"south":{"uv":[3.625,0,3.8125,1],"texture":"#0"},"west":{"uv":[3.625,0,3.8125,1],"texture":"#0"},"up":{"uv":[3.1875,0.9375,3.375,1.125],"rotation":270,"texture":"#0"},"down":{"uv":[3.1875,0.9375,3.375,1.125],"rotation":270,"texture":"#0"}}},{"from":[8.8,-3.25919,6.63976],"to":[9.8,-2.25919,8.13976],"rotation":{"angle":-22.5,"axis":"x","origin":[9.2,-1.33417,9.594]},"faces":{"north":{"uv":[1.75,0.375,1.625,0.5],"rotation":270,"texture":"#0"},"east":{"uv":[1.625,0,1.5,0.1875],"rotation":90,"texture":"#0"},"south":{"uv":[1.75,0.375,1.625,0.5],"rotation":270,"texture":"#0"},"west":{"uv":[1.75,0,1.625,0.1875],"rotation":90,"texture":"#0"},"up":{"uv":[1.9375,0,1.75,0.125],"rotation":90,"texture":"#0"},"down":{"uv":[1.9375,0,1.75,0.125],"rotation":90,"texture":"#0"}}},{"from":[7.5,-3.4,3.8],"to":[8.5,-1.4,5.3],"rotation":{"angle":0,"axis":"y","origin":[8,0.83214,3.31845]},"faces":{"north":{"uv":[2.75,1,3,0.875],"rotation":90,"texture":"#0"},"east":{"uv":[2.75,0.9375,2.5625,1.1875],"rotation":180,"texture":"#0"},"south":{"uv":[2.75,1,3,0.875],"rotation":90,"texture":"#0"},"west":{"uv":[2.75,0.9375,2.5625,1.1875],"rotation":180,"texture":"#0"},"up":{"uv":[2.9375,1,2.75,1.125],"rotation":90,"texture":"#0"},"down":{"uv":[2.9375,1,2.75,1.125],"rotation":90,"texture":"#0"}}},{"from":[7.5,-4.8,2.8],"to":[8.5,-3.8,6.3],"rotation":{"angle":0,"axis":"y","origin":[8,0.83214,3.31845]},"faces":{"north":{"uv":[2.9375,1.125,3.0625,1],"rotation":90,"texture":"#0"},"east":{"uv":[3.1875,1.125,2.75,1.25],"rotation":180,"texture":"#0"},"south":{"uv":[2.9375,1.125,3.0625,1],"rotation":90,"texture":"#0"},"west":{"uv":[3.1875,1.125,2.75,1.25],"rotation":180,"texture":"#0"},"up":{"uv":[3.1875,1.125,2.75,1.25],"rotation":90,"texture":"#0"},"down":{"uv":[3.1875,1.125,2.75,1.25],"rotation":90,"texture":"#0"}}},{"from":[8,-7.8,2.55],"to":[8,-4.8,6.05],"rotation":{"angle":0,"axis":"y","origin":[8,0.83214,3.31845]},"faces":{"north":{"uv":[2.9375,1.125,3.0625,1],"rotation":90,"texture":"#0"},"east":{"uv":[3.1875,1.125,3.625,1.5],"rotation":180,"texture":"#0"},"south":{"uv":[2.9375,1.125,3.0625,1],"rotation":90,"texture":"#0"},"west":{"uv":[3.625,1.125,3.1875,1.5],"rotation":180,"texture":"#0"},"up":{"uv":[3.1875,1.125,2.75,1.25],"rotation":90,"texture":"#0"},"down":{"uv":[3.1875,1.125,2.75,1.25],"rotation":90,"texture":"#0"}}},{"from":[7.5,-1.12769,5.45761],"to":[8.5,0.37231,7.45761],"rotation":{"angle":-22.5,"axis":"x","origin":[8,-0.56903,5.74567]},"faces":{"north":{"uv":[2.9375,1,2.75,1.125],"rotation":270,"texture":"#0"},"east":{"uv":[2.75,0.9375,2.5625,1.1875],"rotation":90,"texture":"#0"},"south":{"uv":[2.9375,1,2.75,1.125],"rotation":90,"texture":"#0"},"west":{"uv":[2.75,0.9375,2.5625,1.1875],"rotation":270,"texture":"#0"},"up":{"uv":[2.75,1,3,0.875],"rotation":270,"texture":"#0"},"down":{"uv":[2.75,1,3,0.875],"rotation":90,"texture":"#0"}}},{"from":[7.25,-4.9,4.05],"to":[8.75,-2.9,5.05],"rotation":{"angle":0,"axis":"y","origin":[8,-2.56786,4.61845]},"faces":{"north":{"uv":[2.75,0.9375,2.5625,1.1875],"rotation":180,"texture":"#0"},"east":{"uv":[2.75,1,3,0.875],"rotation":90,"texture":"#0"},"south":{"uv":[2.75,0.9375,2.5625,1.1875],"rotation":180,"texture":"#0"},"west":{"uv":[2.75,1,3,0.875],"rotation":90,"texture":"#0"},"up":{"uv":[2.9375,1,2.75,1.125],"rotation":180,"texture":"#0"},"down":{"uv":[2.9375,1,2.75,1.125],"texture":"#0"}}},{"from":[7.25,-2.3,5.15],"to":[8.75,-0.3,6.15],"rotation":{"angle":45,"axis":"x","origin":[8,-0.56903,5.74567]},"faces":{"north":{"uv":[2.75,0.9375,2.5625,1.1875],"rotation":180,"texture":"#0"},"east":{"uv":[2.75,1,3,0.875],"rotation":90,"texture":"#0"},"south":{"uv":[2.75,0.9375,2.5625,1.1875],"rotation":180,"texture":"#0"},"west":{"uv":[2.75,1,3,0.875],"rotation":90,"texture":"#0"},"up":{"uv":[2.9375,1,2.75,1.125],"rotation":180,"texture":"#0"},"down":{"uv":[2.9375,1,2.75,1.125],"texture":"#0"}}},{"from":[8,10,4],"to":[8,20,8],"faces":{"east":{"uv":[0,0,6,12],"texture":"#3"},"west":{"uv":[6,0,0,12],"texture":"#3"}}},{"from":[8,5,9],"to":[8,13,17],"faces":{"north":{"uv":[0,0,0,12],"texture":"#5"},"east":{"uv":[16,0,0,16],"texture":"#5"},"south":{"uv":[0,0,0,12],"texture":"#5"},"west":{"uv":[0,0,16,16],"texture":"#5"},"up":{"uv":[0,12,0,0],"texture":"#5"},"down":{"uv":[0,0,0,12],"texture":"#5"}}},{"from":[7,-1,7],"to":[9,2,9],"rotation":{"angle":0,"axis":"y","origin":[8,5.81499,8]},"faces":{"north":{"uv":[3.375,0,3.625,0.375],"texture":"#0"},"east":{"uv":[3.375,0,3.625,0.375],"texture":"#0"},"south":{"uv":[3.375,0,3.625,0.375],"texture":"#0"},"west":{"uv":[3.375,0,3.625,0.375],"texture":"#0"},"up":{"uv":[3.375,0.375,3.625,0.625],"texture":"#0"},"down":{"uv":[3.375,0.375,3.625,0.625],"texture":"#0"}}},{"from":[8,0,5],"to":[8,12,11],"rotation":{"angle":0,"axis":"y","origin":[8,5.81499,8]},"faces":{"north":{"uv":[3.375,0,3.625,0.375],"texture":"#0"},"east":{"uv":[12.3125,0,11.5625,1.5],"texture":"#0"},"south":{"uv":[3.375,0,3.625,0.375],"texture":"#0"},"west":{"uv":[11.5625,0,12.3125,1.5],"texture":"#0"},"up":{"uv":[3.375,0.375,3.625,0.625],"texture":"#0"},"down":{"uv":[3.375,0.375,3.625,0.625],"texture":"#0"}}},{"from":[8,-13.5,5.75],"to":[8,-9,10.25],"rotation":{"angle":0,"axis":"y","origin":[6.7,-4.47039,8.71937]},"faces":{"north":{"uv":[2.125,1.75,2.375,1.5],"rotation":180,"texture":"#0"},"east":{"uv":[3.8125,3.0625,4.375,2.5],"rotation":180,"texture":"#0"},"south":{"uv":[2.125,1.75,2.375,1.5],"rotation":180,"texture":"#0"},"west":{"uv":[3.8125,3.0625,4.375,2.5],"rotation":180,"texture":"#0"},"up":{"uv":[2.125,1.75,1.8125,1.5],"rotation":90,"texture":"#0"},"down":{"uv":[2.125,1.75,1.8125,1.5],"rotation":90,"texture":"#0"}}},{"from":[7,-9,6.75],"to":[9,-7,9.25],"rotation":{"angle":0,"axis":"y","origin":[6.7,-4.47039,8.71937]},"faces":{"north":{"uv":[2.125,1.75,2.375,1.5],"rotation":180,"texture":"#0"},"east":{"uv":[1.5,1.75,1.8125,1.5],"rotation":180,"texture":"#0"},"south":{"uv":[2.125,1.75,2.375,1.5],"rotation":180,"texture":"#0"},"west":{"uv":[1.5,1.75,1.8125,1.5],"rotation":180,"texture":"#0"},"up":{"uv":[2.125,1.75,1.8125,1.5],"rotation":90,"texture":"#0"},"down":{"uv":[2.125,1.75,1.8125,1.5],"rotation":90,"texture":"#0"}}}],"gui_light":"front","display":{"thirdperson_righthand":{"translation":[0,6.5,1.75],"scale":[0.7,0.7,0.7]},"thirdperson_lefthand":{"translation":[0,6.5,1.75],"scale":[0.7,0.7,0.7]},"firstperson_righthand":{"rotation":[-90,0,0],"translation":[0.75,5,0],"scale":[0.36172,0.36172,0.36172]},"firstperson_lefthand":{"rotation":[-90,0,0],"translation":[0.75,5,0],"scale":[0.36172,0.36172,0.36172]},"ground":{"translation":[0,11,0],"scale":[0.6,0.6,0.6]},"gui":{"rotation":[0,90,0],"translation":[0,5,-1.5],"scale":[0.57813,0.57813,0.57813]},"head":{"scale":[0,0,0]},"fixed":{"rotation":[0,-90,0],"translation":[0,13.5,-2],"scale":[1.6,1.6,1.6]}}}