{"credit":"MadewithBlockbench","texture_size":[128,128],"textures":{"0":"octopus_animated_weapon_set:octopus_texture_01","1":"octopus_animated_weapon_set:octopus_animation_01","3":"octopus_animated_weapon_set:octopus_animation_02","4":"octopus_animated_weapon_set:octopus_animation_03","5":"octopus_animated_weapon_set:octopus_animation_04","particle":"octopus_animated_weapon_set:octopus_texture_01"},"elements":[{"from":[8,-16,6.25],"to":[8,-10,9.75],"rotation":{"angle":0,"axis":"y","origin":[8,5.81499,8]},"faces":{"north":{"uv":[20480,0,20864,2304],"texture":"#missing"},"east":{"uv":[2.4375,2.375,2,3.125],"texture":"#0"},"south":{"uv":[20480,0,20864,2304],"texture":"#missing"},"west":{"uv":[2,2.375,2.4375,3.125],"texture":"#0"},"up":{"uv":[20480,11264,20864,11648],"rotation":270,"texture":"#missing"},"down":{"uv":[20480,11264,20864,11648],"rotation":90,"texture":"#missing"}}},{"from":[7,-11.18673,8.88605],"to":[9,-9.18673,11.38605],"rotation":{"angle":22.5,"axis":"x","origin":[6.7,-4.47039,8.71937]},"faces":{"north":{"uv":[1.0125,1.125,0.7625,0.875],"rotation":180,"texture":"#0"},"east":{"uv":[0.375,1.5625,0.6875,1.3125],"texture":"#0"},"south":{"uv":[1.0125,1.125,0.7625,0.875],"texture":"#0"},"west":{"uv":[0,1.3125,0.3125,1.0625],"rotation":180,"texture":"#0"},"up":{"uv":[0.3125,1.5625,0,1.3125],"rotation":90,"texture":"#0"},"down":{"uv":[0.3125,1.3125,0,1.5625],"rotation":270,"texture":"#0"}}},{"from":[7.5,7,12],"to":[8.5,9,13.5],"rotation":{"angle":0,"axis":"y","origin":[8,11.23214,13.98155]},"faces":{"north":{"uv":[2.75,1,3,0.875],"rotation":90,"texture":"#0"},"east":{"uv":[2.75,0.9375,2.5625,1.1875],"rotation":180,"texture":"#0"},"south":{"uv":[2.75,1,3,0.875],"rotation":90,"texture":"#0"},"west":{"uv":[2.75,0.9375,2.5625,1.1875],"rotation":180,"texture":"#0"},"up":{"uv":[2.75,1.125,2.9375,1],"rotation":90,"texture":"#0"},"down":{"uv":[2.75,1.125,2.9375,1],"rotation":90,"texture":"#0"}}},{"from":[7.25,5.5,12.25],"to":[8.75,7.5,13.25],"rotation":{"angle":0,"axis":"y","origin":[8,7.83214,12.68155]},"faces":{"north":{"uv":[2.75,0.9375,2.5625,1.1875],"rotation":180,"texture":"#0"},"east":{"uv":[2.75,1,3,0.875],"rotation":90,"texture":"#0"},"south":{"uv":[2.75,0.9375,2.5625,1.1875],"rotation":180,"texture":"#0"},"west":{"uv":[2.75,1,3,0.875],"rotation":90,"texture":"#0"},"up":{"uv":[2.75,1.125,2.9375,1],"rotation":180,"texture":"#0"},"down":{"uv":[2.75,1.125,2.9375,1],"texture":"#0"}}},{"from":[7.25,8.5,12.25],"to":[8.75,10.5,13.25],"rotation":{"angle":0,"axis":"y","origin":[8,7.83214,12.68155]},"faces":{"north":{"uv":[2.75,0.9375,2.5625,1.1875],"rotation":180,"texture":"#0"},"east":{"uv":[2.75,1,3,0.875],"rotation":90,"texture":"#0"},"south":{"uv":[2.75,0.9375,2.5625,1.1875],"rotation":180,"texture":"#0"},"west":{"uv":[2.75,1,3,0.875],"rotation":90,"texture":"#0"},"up":{"uv":[2.75,1.125,2.9375,1],"rotation":180,"texture":"#0"},"down":{"uv":[2.75,1.125,2.9375,1],"texture":"#0"}}},{"from":[7.25,10.5,14.55],"to":[8.75,12.5,15.55],"rotation":{"angle":-45,"axis":"x","origin":[8,7.83214,12.68155]},"faces":{"north":{"uv":[2.75,0.9375,2.5625,1.1875],"rotation":180,"texture":"#0"},"east":{"uv":[2.75,1,3,0.875],"rotation":90,"texture":"#0"},"south":{"uv":[2.75,0.9375,2.5625,1.1875],"rotation":180,"texture":"#0"},"west":{"uv":[2.75,1,3,0.875],"rotation":90,"texture":"#0"},"up":{"uv":[2.75,1.125,2.9375,1],"rotation":180,"texture":"#0"},"down":{"uv":[2.75,1.125,2.9375,1],"texture":"#0"}}},{"from":[7.5,10,12],"to":[8.5,12,13.5],"rotation":{"angle":-22.5,"axis":"x","origin":[8,10.5,12.75]},"faces":{"north":{"uv":[2.75,1,3,0.875],"rotation":90,"texture":"#0"},"east":{"uv":[2.75,0.9375,2.5625,1.1875],"rotation":180,"texture":"#0"},"south":{"uv":[2.75,1,3,0.875],"rotation":90,"texture":"#0"},"west":{"uv":[2.75,0.9375,2.5625,1.1875],"rotation":180,"texture":"#0"},"up":{"uv":[2.75,1.125,2.9375,1],"rotation":90,"texture":"#0"},"down":{"uv":[2.75,1.125,2.9375,1],"rotation":90,"texture":"#0"}}},{"from":[7.5,5.6,11],"to":[8.5,6.6,14.5],"rotation":{"angle":0,"axis":"y","origin":[8,11.23214,13.98155]},"faces":{"north":{"uv":[2.9375,1.125,3.0625,1],"rotation":90,"texture":"#0"},"east":{"uv":[3.1875,1.125,2.75,1.25],"rotation":180,"texture":"#0"},"south":{"uv":[2.9375,1.125,3.0625,1],"rotation":90,"texture":"#0"},"west":{"uv":[3.1875,1.125,2.75,1.25],"rotation":180,"texture":"#0"},"up":{"uv":[2.75,1.25,3.1875,1.125],"rotation":90,"texture":"#0"},"down":{"uv":[2.75,1.25,3.1875,1.125],"rotation":90,"texture":"#0"}}},{"from":[8,2.6,11.25],"to":[8,5.6,14.75],"rotation":{"angle":0,"axis":"y","origin":[8,11.23214,13.98155]},"faces":{"north":{"uv":[2.9375,1.125,3.0625,1],"rotation":90,"texture":"#0"},"east":{"uv":[3.625,1.125,3.1875,1.5],"rotation":180,"texture":"#0"},"south":{"uv":[2.9375,1.125,3.0625,1],"rotation":90,"texture":"#0"},"west":{"uv":[3.1875,1.125,3.625,1.5],"rotation":180,"texture":"#0"},"up":{"uv":[2.75,1.25,3.1875,1.125],"rotation":90,"texture":"#0"},"down":{"uv":[2.75,1.25,3.1875,1.125],"rotation":90,"texture":"#0"}}},{"from":[7.5,11,3],"to":[8.5,13,4.5],"rotation":{"angle":22.5,"axis":"x","origin":[8,11.5,3.75]},"faces":{"north":{"uv":[2.75,0.875,3,1],"rotation":90,"texture":"#0"},"east":{"uv":[2.5625,0.9375,2.75,1.1875],"rotation":180,"texture":"#0"},"south":{"uv":[2.75,0.875,3,1],"rotation":90,"texture":"#0"},"west":{"uv":[2.5625,0.9375,2.75,1.1875],"rotation":180,"texture":"#0"},"up":{"uv":[2.9375,1.125,2.75,1],"rotation":90,"texture":"#0"},"down":{"uv":[2.9375,1.125,2.75,1],"rotation":90,"texture":"#0"}}},{"from":[7.25,9.5,3.25],"to":[8.75,11.5,4.25],"rotation":{"angle":0,"axis":"y","origin":[8,8.83214,3.81845]},"faces":{"north":{"uv":[2.5625,0.9375,2.75,1.1875],"rotation":180,"texture":"#0"},"east":{"uv":[2.75,0.875,3,1],"rotation":90,"texture":"#0"},"south":{"uv":[2.5625,0.9375,2.75,1.1875],"rotation":180,"texture":"#0"},"west":{"uv":[2.75,0.875,3,1],"rotation":90,"texture":"#0"},"up":{"uv":[2.75,1,2.9375,1.125],"rotation":180,"texture":"#0"},"down":{"uv":[2.75,1,2.9375,1.125],"texture":"#0"}}},{"from":[7.5,8,3],"to":[8.5,10,4.5],"rotation":{"angle":0,"axis":"y","origin":[8,12.23214,2.51845]},"faces":{"north":{"uv":[2.75,0.875,3,1],"rotation":90,"texture":"#0"},"east":{"uv":[2.5625,0.9375,2.75,1.1875],"rotation":180,"texture":"#0"},"south":{"uv":[2.75,0.875,3,1],"rotation":90,"texture":"#0"},"west":{"uv":[2.5625,0.9375,2.75,1.1875],"rotation":180,"texture":"#0"},"up":{"uv":[2.9375,1.125,2.75,1],"rotation":90,"texture":"#0"},"down":{"uv":[2.9375,1.125,2.75,1],"rotation":90,"texture":"#0"}}},{"from":[7.25,6.5,3.25],"to":[8.75,8.5,4.25],"rotation":{"angle":0,"axis":"y","origin":[8,8.83214,3.81845]},"faces":{"north":{"uv":[2.5625,0.9375,2.75,1.1875],"rotation":180,"texture":"#0"},"east":{"uv":[2.75,0.875,3,1],"rotation":90,"texture":"#0"},"south":{"uv":[2.5625,0.9375,2.75,1.1875],"rotation":180,"texture":"#0"},"west":{"uv":[2.75,0.875,3,1],"rotation":90,"texture":"#0"},"up":{"uv":[2.75,1,2.9375,1.125],"rotation":180,"texture":"#0"},"down":{"uv":[2.75,1,2.9375,1.125],"texture":"#0"}}},{"from":[7.5,6.6,2],"to":[8.5,7.6,5.5],"rotation":{"angle":0,"axis":"y","origin":[8,12.23214,2.51845]},"faces":{"north":{"uv":[2.9375,1,3.0625,1.125],"rotation":90,"texture":"#0"},"east":{"uv":[2.75,1.125,3.1875,1.25],"rotation":180,"texture":"#0"},"south":{"uv":[2.9375,1,3.0625,1.125],"rotation":90,"texture":"#0"},"west":{"uv":[2.75,1.125,3.1875,1.25],"rotation":180,"texture":"#0"},"up":{"uv":[3.1875,1.25,2.75,1.125],"rotation":90,"texture":"#0"},"down":{"uv":[3.1875,1.25,2.75,1.125],"rotation":90,"texture":"#0"}}},{"from":[8,3.6,1.75],"to":[8,6.6,5.25],"rotation":{"angle":0,"axis":"y","origin":[8,12.23214,2.51845]},"faces":{"north":{"uv":[2.9375,1,3.0625,1.125],"rotation":90,"texture":"#0"},"east":{"uv":[3.1875,1.125,3.625,1.5],"rotation":180,"texture":"#0"},"south":{"uv":[2.9375,1,3.0625,1.125],"rotation":90,"texture":"#0"},"west":{"uv":[3.625,1.125,3.1875,1.5],"rotation":180,"texture":"#0"},"up":{"uv":[3.1875,1.25,2.75,1.125],"rotation":90,"texture":"#0"},"down":{"uv":[3.1875,1.25,2.75,1.125],"rotation":90,"texture":"#0"}}},{"from":[7.25,-10,7.25],"to":[8.75,0,8.75],"rotation":{"angle":0,"axis":"y","origin":[8,5.81499,8]},"faces":{"north":{"uv":[3.625,0,3.8125,1.25],"texture":"#0"},"east":{"uv":[3.625,0,3.8125,1.25],"texture":"#0"},"south":{"uv":[3.625,0,3.8125,1.25],"texture":"#0"},"west":{"uv":[3.625,0,3.8125,1.25],"texture":"#0"},"up":{"uv":[3.1875,0.9375,3.375,1.125],"rotation":270,"texture":"#0"},"down":{"uv":[3.1875,0.9375,3.375,1.125],"rotation":270,"texture":"#0"}}},{"from":[7,0,7],"to":[9,3,9],"rotation":{"angle":0,"axis":"y","origin":[8,5.81499,8]},"faces":{"north":{"uv":[3.375,0,3.625,0.375],"texture":"#0"},"east":{"uv":[3.375,0,3.625,0.375],"texture":"#0"},"south":{"uv":[3.375,0,3.625,0.375],"texture":"#0"},"west":{"uv":[3.375,0,3.625,0.375],"texture":"#0"},"up":{"uv":[3.375,0.375,3.625,0.625],"texture":"#0"},"down":{"uv":[3.375,0.375,3.625,0.625],"texture":"#0"}}},{"from":[7,9,7],"to":[9,12,9],"rotation":{"angle":0,"axis":"y","origin":[8,5.81499,8]},"faces":{"north":{"uv":[3.375,0,3.625,0.375],"texture":"#0"},"east":{"uv":[3.375,0,3.625,0.375],"texture":"#0"},"south":{"uv":[3.375,0,3.625,0.375],"texture":"#0"},"west":{"uv":[3.375,0,3.625,0.375],"texture":"#0"},"up":{"uv":[3.375,0.375,3.625,0.625],"texture":"#0"},"down":{"uv":[3.375,0.375,3.625,0.625],"texture":"#0"}}},{"from":[4,12,4],"to":[12,26,12],"rotation":{"angle":0,"axis":"y","origin":[8.5,15.5,0.5]},"faces":{"north":{"uv":[8.4375,2.5,9.4375,4.25],"rotation":180,"texture":"#0"},"east":{"uv":[8.4375,2.5,9.4375,4.25],"rotation":180,"texture":"#0"},"south":{"uv":[8.4375,2.5,9.4375,4.25],"rotation":180,"texture":"#0"},"west":{"uv":[8.4375,2.5,9.4375,4.25],"rotation":180,"texture":"#0"},"up":{"uv":[7.4375,2,8.4375,3],"rotation":180,"texture":"#0"},"down":{"uv":[7.4375,3,8.4375,2],"rotation":180,"texture":"#0"}}},{"from":[3.5,14.5,3.5],"to":[12.5,17,12.5],"rotation":{"angle":0,"axis":"y","origin":[8.5,0.5,0.5]},"faces":{"north":{"uv":[4.5,2.4375,5.625,2.125],"texture":"#0"},"east":{"uv":[4.5,2.4375,5.625,2.125],"texture":"#0"},"south":{"uv":[4.5,2.4375,5.625,2.125],"texture":"#0"},"west":{"uv":[4.5,2.4375,5.625,2.125],"texture":"#0"},"up":{"uv":[5.625,0.75,4.5,1.875],"rotation":180,"texture":"#0"},"down":{"uv":[5.625,0.75,4.5,1.875],"texture":"#0"}}},{"from":[3.5,21,3.5],"to":[12.5,23.5,12.5],"rotation":{"angle":0,"axis":"y","origin":[8.5,15.5,15.5]},"faces":{"north":{"uv":[5.625,2.125,4.5,2.4375],"texture":"#0"},"east":{"uv":[5.625,2.125,4.5,2.4375],"texture":"#0"},"south":{"uv":[5.625,2.125,4.5,2.4375],"texture":"#0"},"west":{"uv":[5.625,2.125,4.5,2.4375],"texture":"#0"},"up":{"uv":[5.625,0.75,4.5,1.875],"texture":"#0"},"down":{"uv":[5.625,0.75,4.5,1.875],"rotation":180,"texture":"#0"}}},{"from":[7.25,2,7.25],"to":[8.75,12,8.75],"rotation":{"angle":0,"axis":"y","origin":[8.5,5.81499,8]},"faces":{"north":{"uv":[3.8125,0,4,1.25],"texture":"#0"},"east":{"uv":[3.8125,0,4,1.25],"texture":"#0"},"south":{"uv":[3.8125,0,4,1.25],"texture":"#0"},"west":{"uv":[3.8125,0,4,1.25],"texture":"#0"},"up":{"uv":[3.1875,0.9375,3.375,1.125],"rotation":270,"texture":"#0"},"down":{"uv":[3.1875,0.9375,3.375,1.125],"rotation":270,"texture":"#0"}}},{"from":[3.5,10.84846,13.40862],"to":[5.5,13.34846,14.90862],"rotation":{"angle":22.5,"axis":"x","origin":[4.5,12.93417,12.594]},"faces":{"north":{"uv":[3.0625,0.6875,3.375,0.9375],"rotation":270,"texture":"#0"},"east":{"uv":[3.0625,0.25,3.375,0.4375],"rotation":270,"texture":"#0"},"south":{"uv":[3.0625,0.4375,3.375,0.6875],"rotation":270,"texture":"#0"},"west":{"uv":[3.0625,0.4375,3.375,0.25],"rotation":270,"texture":"#0"},"up":{"uv":[1.8125,0.625,2.0625,0.8125],"texture":"#0"},"down":{"uv":[1.8125,0.625,2.0625,0.8125],"texture":"#0"}}},{"from":[2.3,8.5,5.5],"to":[2.3,12,9.5],"rotation":{"angle":0,"axis":"y","origin":[-13.5,11,9.5]},"faces":{"north":{"uv":[2.0625,1.0625,2.5625,1.5],"texture":"#0"},"east":{"uv":[2.625,1.375,3.125,1.8125],"texture":"#0"},"south":{"uv":[1.25,0.3125,1.25,0.75],"texture":"#0"},"west":{"uv":[2.625,1.375,3.125,1.8125],"texture":"#0"},"up":{"uv":[0,0.4375,0.5,1.0625],"texture":"#0"},"down":{"uv":[0,0.4375,0.5,1.0625],"texture":"#0"}}},{"from":[1.5,8,9.3],"to":[3.5,11.5,11.3],"rotation":{"angle":22.5,"axis":"y","origin":[1.64656,10.15249,9.644]},"faces":{"north":{"uv":[1,0.875,1.25,0.4375],"texture":"#0"},"east":{"uv":[0.75,0.875,1,0.4375],"texture":"#0"},"south":{"uv":[1.25,0.875,1,0.4375],"texture":"#0"},"west":{"uv":[0.5,0.875,0.75,0.4375],"texture":"#0"},"up":{"uv":[0.5,1.125,0.75,0.875],"texture":"#0"},"down":{"uv":[0.5,1.125,0.75,0.875],"texture":"#0"}}},{"from":[3.25,8.50249,8.44744],"to":[5.75,11.00249,13.44744],"rotation":{"angle":22.5,"axis":"x","origin":[4.5,12.93417,12.594]},"faces":{"north":{"uv":[1.25,1.0625,1.5625,0.75],"texture":"#0"},"east":{"uv":[2.0625,0.3125,2.6875,0],"texture":"#0"},"south":{"uv":[1.25,1.0625,1.5625,0.75],"texture":"#0"},"west":{"uv":[2.6875,0.3125,2.0625,0],"texture":"#0"},"up":{"uv":[2.6875,0.625,2.0625,0.3125],"rotation":90,"texture":"#0"},"down":{"uv":[2.6875,0.9375,2.0625,0.625],"rotation":90,"texture":"#0"}}},{"from":[3.35,9.60314,9.83279],"to":[5.65,11.60314,12.83279],"rotation":{"angle":-22.5,"axis":"x","origin":[4.5,12.93417,12.594]},"faces":{"north":{"uv":[3.075,0,3.3625,0.25],"texture":"#0"},"east":{"uv":[2.6875,0,3.0625,0.25],"texture":"#0"},"south":{"uv":[3.075,0,3.3625,0.25],"texture":"#0"},"west":{"uv":[3.0625,0,2.6875,0.25],"texture":"#0"},"up":{"uv":[3.0625,0.25,2.6875,0.5375],"rotation":90,"texture":"#0"},"down":{"uv":[3.0625,0.5625,2.6875,0.85],"rotation":90,"texture":"#0"}}},{"from":[2,15,4.5],"to":[7,17,4.5],"rotation":{"angle":-22.5,"axis":"z","origin":[5.5,15,8]},"faces":{"north":{"uv":[1.6875,2.4375,1.0625,2.6875],"texture":"#0"},"east":{"uv":[16,15.75,16,16],"texture":"#missing"},"south":{"uv":[1.0625,2.4375,1.6875,2.6875],"texture":"#0"},"west":{"uv":[16,0,16,0.25],"texture":"#missing"},"up":{"uv":[16,16,16,15.375],"rotation":270,"texture":"#missing"},"down":{"uv":[16,16,16,15.375],"rotation":90,"texture":"#missing"}}},{"from":[3,15,5.5],"to":[8,16,10.5],"rotation":{"angle":-22.5,"axis":"z","origin":[5.5,15,8]},"faces":{"north":{"uv":[1.5,2.1875,1.375,1.5625],"rotation":270,"texture":"#0"},"east":{"uv":[1.5,2.1875,1.375,1.5625],"rotation":270,"texture":"#0"},"south":{"uv":[1.5,2.1875,1.375,1.5625],"rotation":270,"texture":"#0"},"west":{"uv":[1.5,2.1875,1.375,1.5625],"rotation":270,"texture":"#0"},"up":{"uv":[1.375,2.1875,0.75,1.5625],"rotation":270,"texture":"#0"},"down":{"uv":[1.375,2.1875,0.75,1.5625],"rotation":270,"texture":"#0"}}},{"from":[1.9,10.5,5.5],"to":[1.9,19.5,10.5],"rotation":{"angle":0,"axis":"y","origin":[-3.5,11,0]},"faces":{"east":{"uv":[0,0,5,9],"texture":"#4"},"west":{"uv":[5,0,0,9],"texture":"#4"}}},{"from":[4,15,6.5],"to":[7,17.5,9.5],"rotation":{"angle":-22.5,"axis":"z","origin":[5.5,15,8]},"faces":{"north":{"uv":[2.1875,2.1875,1.875,1.8125],"rotation":270,"texture":"#0"},"east":{"uv":[2.1875,2.1875,1.875,1.8125],"rotation":270,"texture":"#0"},"south":{"uv":[2.1875,2.1875,1.875,1.8125],"rotation":270,"texture":"#0"},"west":{"uv":[2.1875,2.1875,1.875,1.8125],"rotation":270,"texture":"#0"},"up":{"uv":[1.875,2.1875,1.5,1.8125],"rotation":270,"texture":"#0"},"down":{"uv":[1.875,2.1875,1.5,1.8125],"rotation":270,"texture":"#0"}}},{"from":[9,15,4.5],"to":[9,17,11.5],"rotation":{"angle":-22.5,"axis":"z","origin":[5.5,15,8]},"faces":{"north":{"uv":[32768,32256,32768,32768],"texture":"#missing"},"east":{"uv":[1.0625,2.1875,1.9375,2.4375],"texture":"#0"},"south":{"uv":[32768,32256,32768,32768],"texture":"#missing"},"west":{"uv":[1.0625,2.1875,1.9375,2.4375],"texture":"#0"},"up":{"uv":[32768,32768,31232,32768],"rotation":270,"texture":"#missing"},"down":{"uv":[32768,32768,31232,32768],"rotation":90,"texture":"#missing"}}},{"from":[2,14,4.6],"to":[9,15,11.4],"rotation":{"angle":-22.5,"axis":"z","origin":[5.5,15,8]},"faces":{"north":{"uv":[1,3.125,0.875,2.25],"rotation":90,"texture":"#0"},"east":{"uv":[1,3.125,0.875,2.25],"rotation":90,"texture":"#0"},"south":{"uv":[1,3.125,0.875,2.25],"rotation":90,"texture":"#0"},"west":{"uv":[1,3.125,0.875,2.25],"rotation":90,"texture":"#0"},"up":{"uv":[0.875,3.125,0,2.25],"rotation":90,"texture":"#0"},"down":{"uv":[0.875,3.125,0,2.25],"rotation":90,"texture":"#0"}}},{"from":[2,15,11.5],"to":[7,17,11.5],"rotation":{"angle":-22.5,"axis":"z","origin":[5.5,15,8]},"faces":{"north":{"uv":[1.6875,2.4375,1.0625,2.6875],"texture":"#0"},"east":{"uv":[16,15.75,16,16],"texture":"#missing"},"south":{"uv":[1.0625,2.4375,1.6875,2.6875],"texture":"#0"},"west":{"uv":[16,0,16,0.25],"texture":"#missing"},"up":{"uv":[16,16,16,15.375],"rotation":270,"texture":"#missing"},"down":{"uv":[16,16,16,15.375],"rotation":90,"texture":"#missing"}}},{"from":[2,15,4.5],"to":[2,18.5,11.5],"rotation":{"angle":-22.5,"axis":"z","origin":[5.5,15,8]},"faces":{"north":{"uv":[32768,32000,32768,32768],"texture":"#missing"},"east":{"uv":[1.0625,2.6875,1.9375,3.125],"texture":"#0"},"south":{"uv":[32768,32000,32768,32768],"texture":"#missing"},"west":{"uv":[1.0625,2.6875,1.9375,3.125],"texture":"#0"},"up":{"uv":[32768,32768,31232,32768],"rotation":270,"texture":"#missing"},"down":{"uv":[32768,32768,31232,32768],"rotation":90,"texture":"#missing"}}},{"from":[2.5,11,5.5],"to":[6.5,14.5,10.5],"rotation":{"angle":0,"axis":"y","origin":[-13.5,11,9.5]},"faces":{"north":{"uv":[2.0625,1.0625,2.5625,1.5],"texture":"#0"},"east":{"uv":[1.4375,1.0625,2.0625,1.5],"texture":"#0"},"south":{"uv":[1.125,0,0.625,0.4375],"texture":"#0"},"west":{"uv":[0,0,0.625,0.4375],"texture":"#0"},"up":{"uv":[0,0.4375,0.5,1.0625],"texture":"#0"},"down":{"uv":[0,0.4375,0.5,1.0625],"texture":"#0"}}},{"from":[3.55,8.50249,2.55256],"to":[6.05,11.00249,7.55256],"rotation":{"angle":-22.5,"axis":"x","origin":[4.8,12.93417,3.406]},"faces":{"north":{"uv":[1.5625,1.0625,1.25,0.75],"texture":"#0"},"east":{"uv":[2.0625,0.3125,2.6875,0],"texture":"#0"},"south":{"uv":[1.5625,1.0625,1.25,0.75],"texture":"#0"},"west":{"uv":[2.0625,0.3125,2.6875,0],"texture":"#0"},"up":{"uv":[2.0625,0.625,2.6875,0.3125],"rotation":90,"texture":"#0"},"down":{"uv":[2.0625,0.9375,2.6875,0.625],"rotation":90,"texture":"#0"}}},{"from":[3.65,9.60314,3.16721],"to":[5.95,11.60314,6.16721],"rotation":{"angle":22.5,"axis":"x","origin":[4.8,12.93417,3.406]},"faces":{"north":{"uv":[3.3625,0,3.075,0.25],"texture":"#0"},"east":{"uv":[2.6875,0,3.0625,0.25],"texture":"#0"},"south":{"uv":[3.3625,0,3.075,0.25],"texture":"#0"},"west":{"uv":[2.6875,0,3.0625,0.25],"texture":"#0"},"up":{"uv":[2.6875,0.25,3.0625,0.5375],"rotation":90,"texture":"#0"},"down":{"uv":[2.6875,0.5625,3.0625,0.85],"rotation":90,"texture":"#0"}}},{"from":[3.8,10.84846,1.09138],"to":[5.8,13.34846,2.59138],"rotation":{"angle":-22.5,"axis":"x","origin":[4.8,12.93417,3.406]},"faces":{"north":{"uv":[3.0625,0.6875,3.375,0.4375],"rotation":270,"texture":"#0"},"east":{"uv":[3.0625,0.4375,3.375,0.25],"rotation":270,"texture":"#0"},"south":{"uv":[3.0625,0.9375,3.375,0.6875],"rotation":270,"texture":"#0"},"west":{"uv":[3.0625,0.25,3.375,0.4375],"rotation":270,"texture":"#0"},"up":{"uv":[1.8125,0.8125,2.0625,0.625],"texture":"#0"},"down":{"uv":[1.8125,0.8125,2.0625,0.625],"texture":"#0"}}},{"from":[4.25,14.9454,2.97278],"to":[5.25,16.4454,3.77278],"rotation":{"angle":45,"axis":"x","origin":[4.775,15.1704,2.97278]},"faces":{"north":{"uv":[2.125,0.9375,1.9375,1.0625],"rotation":90,"texture":"#0"},"east":{"uv":[1.9375,0.9375,1.75,1.0375],"rotation":90,"texture":"#0"},"south":{"uv":[2.125,0.9375,1.9375,1.0625],"rotation":90,"texture":"#0"},"west":{"uv":[1.9375,0.9375,1.75,1.0375],"rotation":90,"texture":"#0"},"up":{"uv":[1.6625,0.9375,1.5625,1.0625],"rotation":90,"texture":"#0"},"down":{"uv":[1.6625,0.9375,1.5625,1.0625],"rotation":90,"texture":"#0"}}},{"from":[3.95,13.8454,2.67278],"to":[5.65,14.9454,4.07278],"rotation":{"angle":45,"axis":"x","origin":[4.775,15.1704,2.97278]},"faces":{"north":{"uv":[1.6875,0.9375,1.5625,1.0625],"rotation":90,"texture":"#0"},"east":{"uv":[1.6875,0.9375,1.5625,1.0625],"rotation":90,"texture":"#0"},"south":{"uv":[1.6875,0.9375,1.5625,1.0625],"rotation":90,"texture":"#0"},"west":{"uv":[1.6875,0.9375,1.5625,1.0625],"rotation":90,"texture":"#0"},"up":{"uv":[1.6875,0.9375,1.5625,1.0625],"rotation":90,"texture":"#0"},"down":{"uv":[1.6875,0.9375,1.5625,1.0625],"rotation":90,"texture":"#0"}}},{"from":[4.05,11.70939,1.64999],"to":[5.55,14.20939,2.64999],"rotation":{"angle":22.5,"axis":"x","origin":[4.8,12.93417,3.406]},"faces":{"north":{"uv":[1.125,1.0625,1.4375,1.25],"rotation":270,"texture":"#0"},"east":{"uv":[1.4375,1.375,1.125,1.25],"rotation":90,"texture":"#0"},"south":{"uv":[1.125,1.375,1.4375,1.5625],"rotation":270,"texture":"#0"},"west":{"uv":[1.4375,1.25,1.125,1.375],"rotation":90,"texture":"#0"},"up":{"uv":[1.875,0.8125,2.0625,0.9375],"texture":"#0"},"down":{"uv":[1.875,0.8125,2.0625,0.9375],"texture":"#0"}}},{"from":[1.5,8,4.7],"to":[3.5,11.5,6.7],"rotation":{"angle":-22.5,"axis":"y","origin":[1.64656,10.15249,6.356]},"faces":{"north":{"uv":[1,0.875,1.25,0.4375],"texture":"#0"},"east":{"uv":[1,0.875,0.75,0.4375],"texture":"#0"},"south":{"uv":[1.25,0.875,1,0.4375],"texture":"#0"},"west":{"uv":[0.75,0.875,0.5,0.4375],"texture":"#0"},"up":{"uv":[0.5,0.875,0.75,1.125],"texture":"#0"},"down":{"uv":[0.5,0.875,0.75,1.125],"texture":"#0"}}},{"from":[2.05,6.56292,6.00303],"to":[4.05,9.56292,8.00303],"rotation":{"angle":-22.5,"axis":"x","origin":[3.2,6.52961,8.71937]},"faces":{"north":{"uv":[0.375,1.3125,0,1.5625],"rotation":90,"texture":"#0"},"east":{"uv":[0.375,1.5625,0.75,1.3125],"rotation":270,"texture":"#0"},"south":{"uv":[0.375,1.5625,0,1.3125],"rotation":90,"texture":"#0"},"west":{"uv":[0,1.3125,0.375,1.0625],"rotation":270,"texture":"#0"},"up":{"uv":[1.0125,1.125,0.7625,0.875],"texture":"#0"},"down":{"uv":[1.0125,1.125,0.7625,0.875],"texture":"#0"}}},{"from":[5.3,7.74081,6.63976],"to":[6.3,8.74081,8.13976],"rotation":{"angle":-22.5,"axis":"x","origin":[5.7,9.66583,9.594]},"faces":{"north":{"uv":[1.75,0.375,1.625,0.5],"rotation":270,"texture":"#0"},"east":{"uv":[1.625,0,1.5,0.1875],"rotation":90,"texture":"#0"},"south":{"uv":[1.75,0.375,1.625,0.5],"rotation":270,"texture":"#0"},"west":{"uv":[1.75,0,1.625,0.1875],"rotation":90,"texture":"#0"},"up":{"uv":[1.9375,0,1.75,0.125],"rotation":90,"texture":"#0"},"down":{"uv":[1.9375,0,1.75,0.125],"rotation":90,"texture":"#0"}}},{"from":[4.87522,7.30982,8.744],"to":[6.87522,8.30982,9.744],"rotation":{"angle":45,"axis":"y","origin":[5.7,9.66583,9.594]},"faces":{"north":{"uv":[1.25,0.75,1.5,0.625],"texture":"#0"},"east":{"uv":[1.625,0.5,1.5,0.375],"texture":"#0"},"south":{"uv":[1.25,0.5,1.5,0.375],"texture":"#0"},"west":{"uv":[1.625,0.5,1.5,0.375],"texture":"#0"},"up":{"uv":[1.5,0.625,1.25,0.5],"rotation":180,"texture":"#0"},"down":{"uv":[1.25,0.5,1.5,0.625],"rotation":180,"texture":"#0"}}},{"from":[2.81429,7.05121,9.1],"to":[5.81429,8.55121,10.6],"rotation":{"angle":-22.5,"axis":"z","origin":[5.5,9.06583,9.594]},"faces":{"north":{"uv":[1.125,0,1.5,0.1875],"rotation":180,"texture":"#0"},"east":{"uv":[1.6875,0.1875,1.5,0.375],"texture":"#0"},"south":{"uv":[1.5,0,1.125,0.1875],"rotation":180,"texture":"#0"},"west":{"uv":[1.6875,0.1875,1.5,0.375],"texture":"#0"},"up":{"uv":[1.5,0.1875,1.125,0.375],"rotation":180,"texture":"#0"},"down":{"uv":[2.0625,0.1875,1.6875,0.375],"rotation":180,"texture":"#0"}}},{"from":[2.4,4.84206,6.57591],"to":[3.9,6.34206,9.57591],"rotation":{"angle":22.5,"axis":"x","origin":[3.2,6.52961,8.91937]},"faces":{"north":{"uv":[1.0625,0.875,1.25,1.0625],"texture":"#0"},"east":{"uv":[1.125,1.125,0.75,1.3125],"rotation":180,"texture":"#0"},"south":{"uv":[1.0625,0.875,1.25,1.0625],"texture":"#0"},"west":{"uv":[0.75,1.125,0.375,1.3125],"rotation":180,"texture":"#0"},"up":{"uv":[1.125,1.5,0.75,1.3125],"rotation":270,"texture":"#0"},"down":{"uv":[1.125,1.5,0.75,1.3125],"rotation":270,"texture":"#0"}}},{"from":[2.58992,5.04571,8.26937],"to":[5.08992,6.04571,9.26937],"rotation":{"angle":-22.5,"axis":"y","origin":[3.2,6.52961,8.91937]},"faces":{"north":{"uv":[1.5,0.625,1.8125,0.75],"texture":"#0"},"east":{"uv":[1.8125,0.625,1.9375,0.5],"texture":"#0"},"south":{"uv":[1.75,0.375,2.0625,0.5],"texture":"#0"},"west":{"uv":[1.8125,0.625,1.9375,0.5],"texture":"#0"},"up":{"uv":[1.8125,0.5,1.5,0.625],"rotation":180,"texture":"#0"},"down":{"uv":[1.8125,0.625,1.5,0.5],"rotation":180,"texture":"#0"}}},{"from":[3.75,11.70939,13.35001],"to":[5.25,14.20939,14.35001],"rotation":{"angle":-22.5,"axis":"x","origin":[4.5,12.93417,12.594]},"faces":{"north":{"uv":[1.125,1.5625,1.4375,1.375],"rotation":270,"texture":"#0"},"east":{"uv":[1.4375,1.25,1.125,1.375],"rotation":90,"texture":"#0"},"south":{"uv":[1.125,1.25,1.4375,1.0625],"rotation":270,"texture":"#0"},"west":{"uv":[1.4375,1.375,1.125,1.25],"rotation":90,"texture":"#0"},"up":{"uv":[1.875,0.9375,2.0625,0.8125],"texture":"#0"},"down":{"uv":[1.875,0.9375,2.0625,0.8125],"texture":"#0"}}},{"from":[4,14.09285,12.15565],"to":[5,14.79285,13.65565],"rotation":{"angle":0,"axis":"y","origin":[4.5,14.64285,12.90565]},"faces":{"north":{"uv":[1.9375,0.625,2.025,0.5],"rotation":270,"texture":"#0"},"east":{"uv":[2.025,0.1875,1.9375,0],"rotation":90,"texture":"#0"},"south":{"uv":[1.9375,0.625,2.025,0.5],"rotation":270,"texture":"#0"},"west":{"uv":[2.025,0.1875,1.9375,0],"rotation":90,"texture":"#0"},"up":{"uv":[1.5625,0.9375,1.6875,0.75],"texture":"#0"},"down":{"uv":[1.6875,0.9375,1.8125,0.75],"texture":"#0"}}},{"from":[2.5,13.5,5.25],"to":[8,14,10.75],"rotation":{"angle":-22.5,"axis":"z","origin":[5.5,15,8]},"faces":{"north":{"uv":[0.75,2.25,0.6875,1.5625],"rotation":90,"texture":"#0"},"east":{"uv":[0.75,2.25,0.6875,1.5625],"rotation":90,"texture":"#0"},"south":{"uv":[0.75,2.25,0.6875,1.5625],"rotation":90,"texture":"#0"},"west":{"uv":[0.75,2.25,0.6875,1.5625],"rotation":90,"texture":"#0"},"up":{"uv":[0.6875,2.25,0,1.5625],"rotation":90,"texture":"#0"},"down":{"uv":[0.6875,2.25,0,1.5625],"rotation":90,"texture":"#0"}}},{"from":[2.3,11.5,5.5],"to":[2.3,15,10.5],"rotation":{"angle":0,"axis":"y","origin":[-13.5,11,9.5]},"faces":{"north":{"uv":[0,0,0,7],"texture":"#1"},"east":{"uv":[10,0,0,7],"texture":"#1"},"south":{"uv":[0,0,0,7],"texture":"#1"},"west":{"uv":[0,0,10,7],"texture":"#1"},"up":{"uv":[0,10,0,0],"texture":"#1"},"down":{"uv":[0,0,0,10],"texture":"#1"}}},{"from":[10.5,10.84846,13.40862],"to":[12.5,13.34846,14.90862],"rotation":{"angle":22.5,"axis":"x","origin":[11.5,12.93417,12.594]},"faces":{"north":{"uv":[3.0625,0.9375,3.375,0.6875],"rotation":270,"texture":"#0"},"east":{"uv":[3.0625,0.25,3.375,0.4375],"rotation":270,"texture":"#0"},"south":{"uv":[3.0625,0.6875,3.375,0.4375],"rotation":270,"texture":"#0"},"west":{"uv":[3.0625,0.4375,3.375,0.25],"rotation":270,"texture":"#0"},"up":{"uv":[2.0625,0.625,1.8125,0.8125],"texture":"#0"},"down":{"uv":[2.0625,0.625,1.8125,0.8125],"texture":"#0"}}},{"from":[13.7,8.5,5.5],"to":[13.7,12,9.5],"rotation":{"angle":0,"axis":"y","origin":[29.5,11,9.5]},"faces":{"north":{"uv":[2.5625,1.0625,2.0625,1.5],"texture":"#0"},"east":{"uv":[3.125,1.375,2.625,1.8125],"texture":"#0"},"south":{"uv":[1.25,0.3125,1.25,0.75],"texture":"#0"},"west":{"uv":[3.125,1.375,2.625,1.8125],"texture":"#0"},"up":{"uv":[0.5,0.4375,0,1.0625],"texture":"#0"},"down":{"uv":[0.5,0.4375,0,1.0625],"texture":"#0"}}},{"from":[12.5,8,9.3],"to":[14.5,11.5,11.3],"rotation":{"angle":-22.5,"axis":"y","origin":[14.35344,10.15249,9.644]},"faces":{"north":{"uv":[1.25,0.875,1,0.4375],"texture":"#0"},"east":{"uv":[0.75,0.875,0.5,0.4375],"texture":"#0"},"south":{"uv":[1,0.875,1.25,0.4375],"texture":"#0"},"west":{"uv":[1,0.875,0.75,0.4375],"texture":"#0"},"up":{"uv":[0.75,1.125,0.5,0.875],"texture":"#0"},"down":{"uv":[0.75,1.125,0.5,0.875],"texture":"#0"}}},{"from":[10.25,8.50249,8.44744],"to":[12.75,11.00249,13.44744],"rotation":{"angle":22.5,"axis":"x","origin":[11.5,12.93417,12.594]},"faces":{"north":{"uv":[1.5625,1.0625,1.25,0.75],"texture":"#0"},"east":{"uv":[2.0625,0.3125,2.6875,0],"texture":"#0"},"south":{"uv":[1.5625,1.0625,1.25,0.75],"texture":"#0"},"west":{"uv":[2.6875,0.3125,2.0625,0],"texture":"#0"},"up":{"uv":[2.6875,0.3125,2.0625,0.625],"rotation":90,"texture":"#0"},"down":{"uv":[2.6875,0.625,2.0625,0.9375],"rotation":90,"texture":"#0"}}},{"from":[10.35,9.60314,9.83279],"to":[12.65,11.60314,12.83279],"rotation":{"angle":-22.5,"axis":"x","origin":[11.5,12.93417,12.594]},"faces":{"north":{"uv":[3.3625,0,3.075,0.25],"texture":"#0"},"east":{"uv":[2.6875,0,3.0625,0.25],"texture":"#0"},"south":{"uv":[3.3625,0,3.075,0.25],"texture":"#0"},"west":{"uv":[3.0625,0,2.6875,0.25],"texture":"#0"},"up":{"uv":[3.0625,0.5375,2.6875,0.25],"rotation":90,"texture":"#0"},"down":{"uv":[3.0625,0.85,2.6875,0.5625],"rotation":90,"texture":"#0"}}},{"from":[9,15,4.5],"to":[14,17,4.5],"rotation":{"angle":22.5,"axis":"z","origin":[10.5,15,8]},"faces":{"north":{"uv":[1.0625,2.4375,1.6875,2.6875],"texture":"#0"},"east":{"uv":[16,0,16,0.25],"texture":"#missing"},"south":{"uv":[1.6875,2.4375,1.0625,2.6875],"texture":"#0"},"west":{"uv":[16,15.75,16,16],"texture":"#missing"},"up":{"uv":[16,15.375,16,16],"rotation":270,"texture":"#missing"},"down":{"uv":[16,15.375,16,16],"rotation":90,"texture":"#missing"}}},{"from":[8,15,5.5],"to":[13,16,10.5],"rotation":{"angle":22.5,"axis":"z","origin":[10.5,15,8]},"faces":{"north":{"uv":[1.5,1.5625,1.375,2.1875],"rotation":270,"texture":"#0"},"east":{"uv":[1.5,1.5625,1.375,2.1875],"rotation":270,"texture":"#0"},"south":{"uv":[1.5,1.5625,1.375,2.1875],"rotation":270,"texture":"#0"},"west":{"uv":[1.5,1.5625,1.375,2.1875],"rotation":270,"texture":"#0"},"up":{"uv":[1.375,1.5625,0.75,2.1875],"rotation":270,"texture":"#0"},"down":{"uv":[1.375,1.5625,0.75,2.1875],"rotation":270,"texture":"#0"}}},{"from":[14.1,10.5,5.5],"to":[14.1,19.5,10.5],"rotation":{"angle":0,"axis":"y","origin":[19.5,11,0]},"faces":{"east":{"uv":[0,0,5,9],"texture":"#4"},"west":{"uv":[5,0,0,9],"texture":"#4"}}},{"from":[9,15,6.5],"to":[12,17.5,9.5],"rotation":{"angle":22.5,"axis":"z","origin":[10.5,15,8]},"faces":{"north":{"uv":[2.1875,1.8125,1.875,2.1875],"rotation":270,"texture":"#0"},"east":{"uv":[2.1875,1.8125,1.875,2.1875],"rotation":270,"texture":"#0"},"south":{"uv":[2.1875,1.8125,1.875,2.1875],"rotation":270,"texture":"#0"},"west":{"uv":[2.1875,1.8125,1.875,2.1875],"rotation":270,"texture":"#0"},"up":{"uv":[1.875,1.8125,1.5,2.1875],"rotation":270,"texture":"#0"},"down":{"uv":[1.875,1.8125,1.5,2.1875],"rotation":270,"texture":"#0"}}},{"from":[7,15,4.5],"to":[7,17,11.5],"rotation":{"angle":22.5,"axis":"z","origin":[10.5,15,8]},"faces":{"north":{"uv":[32768,32256,32768,32768],"texture":"#missing"},"east":{"uv":[1.9375,2.1875,1.0625,2.4375],"texture":"#0"},"south":{"uv":[32768,32256,32768,32768],"texture":"#missing"},"west":{"uv":[1.9375,2.1875,1.0625,2.4375],"texture":"#0"},"up":{"uv":[32768,32768,31232,32768],"rotation":270,"texture":"#missing"},"down":{"uv":[32768,32768,31232,32768],"rotation":90,"texture":"#missing"}}},{"from":[7,14,4.5],"to":[14,15,11.5],"rotation":{"angle":22.5,"axis":"z","origin":[10.5,15,8]},"faces":{"north":{"uv":[1,2.25,0.875,3.125],"rotation":90,"texture":"#0"},"east":{"uv":[1,2.25,0.875,3.125],"rotation":90,"texture":"#0"},"south":{"uv":[1,2.25,0.875,3.125],"rotation":90,"texture":"#0"},"west":{"uv":[1,2.25,0.875,3.125],"rotation":90,"texture":"#0"},"up":{"uv":[0.875,2.25,0,3.125],"rotation":90,"texture":"#0"},"down":{"uv":[0.875,2.25,0,3.125],"rotation":90,"texture":"#0"}}},{"from":[9,15,11.5],"to":[14,17,11.5],"rotation":{"angle":22.5,"axis":"z","origin":[10.5,15,8]},"faces":{"north":{"uv":[1.0625,2.4375,1.6875,2.6875],"texture":"#0"},"east":{"uv":[16,0,16,0.25],"texture":"#missing"},"south":{"uv":[1.6875,2.4375,1.0625,2.6875],"texture":"#0"},"west":{"uv":[16,15.75,16,16],"texture":"#missing"},"up":{"uv":[16,15.375,16,16],"rotation":270,"texture":"#missing"},"down":{"uv":[16,15.375,16,16],"rotation":90,"texture":"#missing"}}},{"from":[14,15,4.5],"to":[14,18.5,11.5],"rotation":{"angle":22.5,"axis":"z","origin":[10.5,15,8]},"faces":{"north":{"uv":[32768,32000,32768,32768],"texture":"#missing"},"east":{"uv":[1.9375,2.6875,1.0625,3.125],"texture":"#0"},"south":{"uv":[32768,32000,32768,32768],"texture":"#missing"},"west":{"uv":[1.9375,2.6875,1.0625,3.125],"texture":"#0"},"up":{"uv":[32768,32768,31232,32768],"rotation":270,"texture":"#missing"},"down":{"uv":[32768,32768,31232,32768],"rotation":90,"texture":"#missing"}}},{"from":[9.5,11,5.5],"to":[13.5,14.5,10.5],"rotation":{"angle":0,"axis":"y","origin":[29.5,11,9.5]},"faces":{"north":{"uv":[2.5625,1.0625,2.0625,1.5],"texture":"#0"},"east":{"uv":[0.625,0,0,0.4375],"texture":"#0"},"south":{"uv":[0.625,0,1.125,0.4375],"texture":"#0"},"west":{"uv":[2.0625,1.0625,1.4375,1.5],"texture":"#0"},"up":{"uv":[0.5,0.4375,0,1.0625],"texture":"#0"},"down":{"uv":[0.5,0.4375,0,1.0625],"texture":"#0"}}},{"from":[9.95,8.50249,2.55256],"to":[12.45,11.00249,7.55256],"rotation":{"angle":-22.5,"axis":"x","origin":[11.2,12.93417,3.406]},"faces":{"north":{"uv":[1.25,1.0625,1.5625,0.75],"texture":"#0"},"east":{"uv":[2.6875,0.3125,2.0625,0],"texture":"#0"},"south":{"uv":[1.25,1.0625,1.5625,0.75],"texture":"#0"},"west":{"uv":[2.6875,0.3125,2.0625,0],"texture":"#0"},"up":{"uv":[2.0625,0.3125,2.6875,0.625],"rotation":90,"texture":"#0"},"down":{"uv":[2.0625,0.625,2.6875,0.9375],"rotation":90,"texture":"#0"}}},{"from":[10.05,9.60314,3.16721],"to":[12.35,11.60314,6.16721],"rotation":{"angle":22.5,"axis":"x","origin":[11.2,12.93417,3.406]},"faces":{"north":{"uv":[3.075,0,3.3625,0.25],"texture":"#0"},"east":{"uv":[3.0625,0,2.6875,0.25],"texture":"#0"},"south":{"uv":[3.075,0,3.3625,0.25],"texture":"#0"},"west":{"uv":[3.0625,0,2.6875,0.25],"texture":"#0"},"up":{"uv":[2.6875,0.5375,3.0625,0.25],"rotation":90,"texture":"#0"},"down":{"uv":[2.6875,0.85,3.0625,0.5625],"rotation":90,"texture":"#0"}}},{"from":[10.2,10.84846,1.09138],"to":[12.2,13.34846,2.59138],"rotation":{"angle":-22.5,"axis":"x","origin":[11.2,12.93417,3.406]},"faces":{"north":{"uv":[3.0625,0.4375,3.375,0.6875],"rotation":270,"texture":"#0"},"east":{"uv":[3.0625,0.4375,3.375,0.25],"rotation":270,"texture":"#0"},"south":{"uv":[3.0625,0.6875,3.375,0.9375],"rotation":270,"texture":"#0"},"west":{"uv":[3.0625,0.25,3.375,0.4375],"rotation":270,"texture":"#0"},"up":{"uv":[2.0625,0.8125,1.8125,0.625],"texture":"#0"},"down":{"uv":[2.0625,0.8125,1.8125,0.625],"texture":"#0"}}},{"from":[10.75,14.9454,2.97278],"to":[11.75,16.4454,3.77278],"rotation":{"angle":45,"axis":"x","origin":[11.225,15.1704,2.97278]},"faces":{"north":{"uv":[2.125,1.0625,1.9375,0.9375],"rotation":90,"texture":"#0"},"east":{"uv":[1.9375,1.0375,1.75,0.9375],"rotation":90,"texture":"#0"},"south":{"uv":[2.125,1.0625,1.9375,0.9375],"rotation":90,"texture":"#0"},"west":{"uv":[1.9375,1.0375,1.75,0.9375],"rotation":90,"texture":"#0"},"up":{"uv":[1.6625,1.0625,1.5625,0.9375],"rotation":90,"texture":"#0"},"down":{"uv":[1.6625,1.0625,1.5625,0.9375],"rotation":90,"texture":"#0"}}},{"from":[10.35,13.8454,2.67278],"to":[12.05,14.9454,4.07278],"rotation":{"angle":45,"axis":"x","origin":[11.225,15.1704,2.97278]},"faces":{"north":{"uv":[1.6875,1.0625,1.5625,0.9375],"rotation":90,"texture":"#0"},"east":{"uv":[1.6875,1.0625,1.5625,0.9375],"rotation":90,"texture":"#0"},"south":{"uv":[1.6875,1.0625,1.5625,0.9375],"rotation":90,"texture":"#0"},"west":{"uv":[1.6875,1.0625,1.5625,0.9375],"rotation":90,"texture":"#0"},"up":{"uv":[1.6875,1.0625,1.5625,0.9375],"rotation":90,"texture":"#0"},"down":{"uv":[1.6875,1.0625,1.5625,0.9375],"rotation":90,"texture":"#0"}}},{"from":[10.45,11.70939,1.64999],"to":[11.95,14.20939,2.64999],"rotation":{"angle":22.5,"axis":"x","origin":[11.2,12.93417,3.406]},"faces":{"north":{"uv":[1.125,1.25,1.4375,1.0625],"rotation":270,"texture":"#0"},"east":{"uv":[1.4375,1.375,1.125,1.25],"rotation":90,"texture":"#0"},"south":{"uv":[1.125,1.5625,1.4375,1.375],"rotation":270,"texture":"#0"},"west":{"uv":[1.4375,1.25,1.125,1.375],"rotation":90,"texture":"#0"},"up":{"uv":[2.0625,0.8125,1.875,0.9375],"texture":"#0"},"down":{"uv":[2.0625,0.8125,1.875,0.9375],"texture":"#0"}}},{"from":[12.5,8,4.7],"to":[14.5,11.5,6.7],"rotation":{"angle":22.5,"axis":"y","origin":[14.35344,10.15249,6.356]},"faces":{"north":{"uv":[1.25,0.875,1,0.4375],"texture":"#0"},"east":{"uv":[0.5,0.875,0.75,0.4375],"texture":"#0"},"south":{"uv":[1,0.875,1.25,0.4375],"texture":"#0"},"west":{"uv":[0.75,0.875,1,0.4375],"texture":"#0"},"up":{"uv":[0.75,0.875,0.5,1.125],"texture":"#0"},"down":{"uv":[0.75,0.875,0.5,1.125],"texture":"#0"}}},{"from":[11.95,6.56292,6.00303],"to":[13.95,9.56292,8.00303],"rotation":{"angle":-22.5,"axis":"x","origin":[12.8,6.52961,8.71937]},"faces":{"north":{"uv":[0.375,1.5625,0,1.3125],"rotation":90,"texture":"#0"},"east":{"uv":[0,1.0625,0.375,1.3125],"rotation":270,"texture":"#0"},"south":{"uv":[0.375,1.3125,0,1.5625],"rotation":90,"texture":"#0"},"west":{"uv":[0.375,1.3125,0.75,1.5625],"rotation":270,"texture":"#0"},"up":{"uv":[0.7625,1.125,1.0125,0.875],"texture":"#0"},"down":{"uv":[0.7625,1.125,1.0125,0.875],"texture":"#0"}}},{"from":[9.7,7.74081,6.63976],"to":[10.7,8.74081,8.13976],"rotation":{"angle":-22.5,"axis":"x","origin":[10.3,9.66583,9.594]},"faces":{"north":{"uv":[1.75,0.5,1.625,0.375],"rotation":270,"texture":"#0"},"east":{"uv":[1.75,0.1875,1.625,0],"rotation":90,"texture":"#0"},"south":{"uv":[1.75,0.5,1.625,0.375],"rotation":270,"texture":"#0"},"west":{"uv":[1.625,0.1875,1.5,0],"rotation":90,"texture":"#0"},"up":{"uv":[1.9375,0.125,1.75,0],"rotation":90,"texture":"#0"},"down":{"uv":[1.9375,0.125,1.75,0],"rotation":90,"texture":"#0"}}},{"from":[9.12478,7.30982,8.744],"to":[11.12478,8.30982,9.744],"rotation":{"angle":-45,"axis":"y","origin":[10.3,9.66583,9.594]},"faces":{"north":{"uv":[1.5,0.75,1.25,0.625],"texture":"#0"},"east":{"uv":[1.5,0.5,1.625,0.375],"texture":"#0"},"south":{"uv":[1.5,0.5,1.25,0.375],"texture":"#0"},"west":{"uv":[1.5,0.5,1.625,0.375],"texture":"#0"},"up":{"uv":[1.25,0.625,1.5,0.5],"rotation":180,"texture":"#0"},"down":{"uv":[1.5,0.5,1.25,0.625],"rotation":180,"texture":"#0"}}},{"from":[10.18571,7.05121,9.1],"to":[13.18571,8.55121,10.6],"rotation":{"angle":22.5,"axis":"z","origin":[10.5,9.06583,9.594]},"faces":{"north":{"uv":[1.5,0,1.125,0.1875],"rotation":180,"texture":"#0"},"east":{"uv":[1.5,0.1875,1.6875,0.375],"texture":"#0"},"south":{"uv":[1.125,0,1.5,0.1875],"rotation":180,"texture":"#0"},"west":{"uv":[1.5,0.1875,1.6875,0.375],"texture":"#0"},"up":{"uv":[1.125,0.1875,1.5,0.375],"rotation":180,"texture":"#0"},"down":{"uv":[1.6875,0.1875,2.0625,0.375],"rotation":180,"texture":"#0"}}},{"from":[12.1,4.84206,6.57591],"to":[13.6,6.34206,9.57591],"rotation":{"angle":22.5,"axis":"x","origin":[12.8,6.52961,8.91937]},"faces":{"north":{"uv":[1.25,0.875,1.0625,1.0625],"texture":"#0"},"east":{"uv":[0.375,1.125,0.75,1.3125],"rotation":180,"texture":"#0"},"south":{"uv":[1.25,0.875,1.0625,1.0625],"texture":"#0"},"west":{"uv":[0.75,1.125,1.125,1.3125],"rotation":180,"texture":"#0"},"up":{"uv":[1.125,1.3125,0.75,1.5],"rotation":270,"texture":"#0"},"down":{"uv":[1.125,1.3125,0.75,1.5],"rotation":270,"texture":"#0"}}},{"from":[10.91008,5.04571,8.26937],"to":[13.41008,6.04571,9.26937],"rotation":{"angle":22.5,"axis":"y","origin":[12.8,6.52961,8.91937]},"faces":{"north":{"uv":[1.8125,0.625,1.5,0.75],"texture":"#0"},"east":{"uv":[1.9375,0.625,1.8125,0.5],"texture":"#0"},"south":{"uv":[2.0625,0.375,1.75,0.5],"texture":"#0"},"west":{"uv":[1.9375,0.625,1.8125,0.5],"texture":"#0"},"up":{"uv":[1.5,0.5,1.8125,0.625],"rotation":180,"texture":"#0"},"down":{"uv":[1.5,0.625,1.8125,0.5],"rotation":180,"texture":"#0"}}},{"from":[10.75,11.70939,13.35001],"to":[12.25,14.20939,14.35001],"rotation":{"angle":-22.5,"axis":"x","origin":[11.5,12.93417,12.594]},"faces":{"north":{"uv":[1.125,1.375,1.4375,1.5625],"rotation":270,"texture":"#0"},"east":{"uv":[1.4375,1.25,1.125,1.375],"rotation":90,"texture":"#0"},"south":{"uv":[1.125,1.0625,1.4375,1.25],"rotation":270,"texture":"#0"},"west":{"uv":[1.4375,1.375,1.125,1.25],"rotation":90,"texture":"#0"},"up":{"uv":[2.0625,0.9375,1.875,0.8125],"texture":"#0"},"down":{"uv":[2.0625,0.9375,1.875,0.8125],"texture":"#0"}}},{"from":[11,14.09285,12.15565],"to":[12,14.79285,13.65565],"rotation":{"angle":0,"axis":"y","origin":[11.5,14.64285,12.90565]},"faces":{"north":{"uv":[1.9375,0.5,2.025,0.625],"rotation":270,"texture":"#0"},"east":{"uv":[2.025,0,1.9375,0.1875],"rotation":90,"texture":"#0"},"south":{"uv":[1.9375,0.5,2.025,0.625],"rotation":270,"texture":"#0"},"west":{"uv":[2.025,0,1.9375,0.1875],"rotation":90,"texture":"#0"},"up":{"uv":[1.6875,0.9375,1.5625,0.75],"texture":"#0"},"down":{"uv":[1.8125,0.9375,1.6875,0.75],"texture":"#0"}}},{"from":[8,13.5,5.25],"to":[13.5,14,10.75],"rotation":{"angle":22.5,"axis":"z","origin":[10.5,15,8]},"faces":{"north":{"uv":[0.75,1.5625,0.6875,2.25],"rotation":90,"texture":"#0"},"east":{"uv":[0.75,1.5625,0.6875,2.25],"rotation":90,"texture":"#0"},"south":{"uv":[0.75,1.5625,0.6875,2.25],"rotation":90,"texture":"#0"},"west":{"uv":[0.75,1.5625,0.6875,2.25],"rotation":90,"texture":"#0"},"up":{"uv":[0.6875,1.5625,0,2.25],"rotation":90,"texture":"#0"},"down":{"uv":[0.6875,1.5625,0,2.25],"rotation":90,"texture":"#0"}}},{"from":[13.7,11.5,5.5],"to":[13.7,15,10.5],"rotation":{"angle":0,"axis":"y","origin":[29.5,11,9.5]},"faces":{"north":{"uv":[0,0,0,7],"texture":"#1"},"east":{"uv":[10,0,0,7],"texture":"#1"},"south":{"uv":[0,0,0,7],"texture":"#1"},"west":{"uv":[0,0,10,7],"texture":"#1"},"up":{"uv":[0,10,0,0],"texture":"#1"},"down":{"uv":[0,0,0,10],"texture":"#1"}}},{"from":[8,26,8],"to":[8,32,11],"rotation":{"angle":0,"axis":"y","origin":[10,21,-6.5]},"faces":{"north":{"uv":[0,0,0,0.75],"texture":"#missing"},"east":{"uv":[4.375,1.625,4,2.375],"texture":"#0"},"south":{"uv":[0,0,0,0.75],"texture":"#missing"},"west":{"uv":[4,1.625,4.375,2.375],"texture":"#0"},"up":{"uv":[0,0.375,0,0],"texture":"#missing"},"down":{"uv":[0,0.375,0,0],"texture":"#missing"}}},{"from":[6,21.5,-0.5],"to":[6,24.5,5.5],"rotation":{"angle":22.5,"axis":"x","origin":[10,22,-6.5]},"faces":{"north":{"uv":[0,0,0,0.375],"texture":"#missing"},"east":{"uv":[10.6875,1.0625,10.3125,1.8125],"rotation":90,"texture":"#0"},"south":{"uv":[0,0,0,0.375],"rotation":180,"texture":"#missing"},"west":{"uv":[10.6875,1.8125,10.3125,1.0625],"rotation":90,"texture":"#0"},"up":{"uv":[0,0.75,0,0],"rotation":180,"texture":"#missing"},"down":{"uv":[0,0.75,0,0],"texture":"#missing"}}},{"from":[9,27.5,-4],"to":[9,30.5,2],"rotation":{"angle":45,"axis":"x","origin":[10,22,-6.5]},"faces":{"north":{"uv":[0,0,0,0.375],"texture":"#missing"},"east":{"uv":[10.6875,1.0625,10.3125,1.8125],"rotation":90,"texture":"#0"},"south":{"uv":[0,0,0,0.375],"rotation":180,"texture":"#missing"},"west":{"uv":[10.6875,1.8125,10.3125,1.0625],"rotation":90,"texture":"#0"},"up":{"uv":[0,0.75,0,0],"rotation":180,"texture":"#missing"},"down":{"uv":[0,0.75,0,0],"texture":"#missing"}}},{"from":[7,25.5,11],"to":[7,28.5,17],"rotation":{"angle":-45,"axis":"x","origin":[10,22,22.5]},"faces":{"north":{"uv":[0,0,0,0.375],"rotation":180,"texture":"#missing"},"east":{"uv":[10.6875,1.8125,10.3125,1.0625],"rotation":90,"texture":"#0"},"south":{"uv":[0,0,0,0.375],"texture":"#missing"},"west":{"uv":[10.6875,1.0625,10.3125,1.8125],"rotation":90,"texture":"#0"},"up":{"uv":[0,0,0,0.75],"rotation":180,"texture":"#missing"},"down":{"uv":[0,0,0,0.75],"texture":"#missing"}}},{"from":[9,25.5,11.5],"to":[9,28.5,17.5],"rotation":{"angle":-22.5,"axis":"x","origin":[10,22,22.5]},"faces":{"north":{"uv":[0,0,0,0.375],"rotation":180,"texture":"#missing"},"east":{"uv":[10.6875,1.8125,10.3125,1.0625],"rotation":90,"texture":"#0"},"south":{"uv":[0,0,0,0.375],"texture":"#missing"},"west":{"uv":[10.6875,1.0625,10.3125,1.8125],"rotation":90,"texture":"#0"},"up":{"uv":[0,0,0,0.75],"rotation":180,"texture":"#missing"},"down":{"uv":[0,0,0,0.75],"texture":"#missing"}}},{"from":[8,17,14],"to":[8,25,22],"rotation":{"angle":0,"axis":"y","origin":[0,10,0]},"faces":{"north":{"uv":[0,0,0,12],"texture":"#5"},"east":{"uv":[16,0,0,16],"texture":"#5"},"south":{"uv":[0,0,0,12],"texture":"#5"},"west":{"uv":[0,0,16,16],"texture":"#5"},"up":{"uv":[0,12,0,0],"texture":"#5"},"down":{"uv":[0,0,0,12],"texture":"#5"}}},{"from":[6,9.5,8],"to":[6,19.5,18],"rotation":{"angle":0,"axis":"y","origin":[0,10,0]},"faces":{"north":{"uv":[0,0,0,160],"texture":"#missing"},"east":{"uv":[3.75,1.875,2.5,3.125],"texture":"#0"},"south":{"uv":[0,0,0,160],"texture":"#missing"},"west":{"uv":[2.5,1.875,3.75,3.125],"texture":"#0"},"up":{"uv":[0,0,0,160],"texture":"#missing"},"down":{"uv":[0,0,0,160],"texture":"#missing"}}},{"from":[10,9.5,8],"to":[10,19.5,18],"rotation":{"angle":0,"axis":"y","origin":[16,10,0]},"faces":{"north":{"uv":[0,0,0,160],"texture":"#missing"},"east":{"uv":[3.75,1.875,2.5,3.125],"texture":"#0"},"south":{"uv":[0,0,0,160],"texture":"#missing"},"west":{"uv":[2.5,1.875,3.75,3.125],"texture":"#0"},"up":{"uv":[0,0,0,160],"texture":"#missing"},"down":{"uv":[0,0,0,160],"texture":"#missing"}}},{"from":[8,14,-3],"to":[8,26,3],"rotation":{"angle":0,"axis":"y","origin":[8,23,0]},"faces":{"east":{"uv":[0,0,6,12],"texture":"#3"},"west":{"uv":[6,0,0,12],"texture":"#3"}}}],"gui_light":"front","display":{"thirdperson_righthand":{"translation":[0,7,1.75],"scale":[0.7,0.7,0.7]},"thirdperson_lefthand":{"translation":[0,7,1.75],"scale":[0.7,0.7,0.7]},"firstperson_righthand":{"rotation":[5,0,0],"translation":[5,5.25,0],"scale":[0.34141,0.34141,0.34141]},"firstperson_lefthand":{"rotation":[5,0,0],"translation":[5,5.25,0],"scale":[0.34141,0.34141,0.34141]},"ground":{"rotation":[45,0,0],"translation":[0,9,0],"scale":[0.5,0.5,0.5]},"gui":{"rotation":[90,45,-90],"translation":[-0.5,0,-1.5],"scale":[0.43554,0.43554,0.43554]},"head":{"scale":[0,0,0]},"fixed":{"rotation":[0,-90,0],"translation":[0,11.25,-2],"scale":[1.6,1.6,1.6]}}}