{"credit":"MadewithBlockbench","texture_size":[128,128],"textures":{"0":"octopus_animated_weapon_set:octopus_texture_01","1":"octopus_animated_weapon_set:octopus_animation_01","3":"octopus_animated_weapon_set:octopus_animation_02","4":"octopus_animated_weapon_set:octopus_animation_03","5":"octopus_animated_weapon_set:octopus_animation_04","particle":"octopus_animated_weapon_set:octopus_texture_01"},"elements":[{"from":[6,12.5,5.25],"to":[11.5,13,10.75],"rotation":{"angle":-22.5,"axis":"z","origin":[9,14,8]},"faces":{"north":{"uv":[0.75,2.25,0.6875,1.5625],"rotation":90,"texture":"#0"},"east":{"uv":[0.75,2.25,0.6875,1.5625],"rotation":90,"texture":"#0"},"south":{"uv":[0.75,2.25,0.6875,1.5625],"rotation":90,"texture":"#0"},"west":{"uv":[0.75,2.25,0.6875,1.5625],"rotation":90,"texture":"#0"},"up":{"uv":[0.6875,2.25,0,1.5625],"rotation":90,"texture":"#0"},"down":{"uv":[0.6875,2.25,0,1.5625],"rotation":90,"texture":"#0"}}},{"from":[5.5,13,4.5],"to":[12.5,14,11.5],"rotation":{"angle":-22.5,"axis":"z","origin":[9,14,8]},"faces":{"north":{"uv":[1,3.125,0.875,2.25],"rotation":90,"texture":"#0"},"east":{"uv":[1,3.125,0.875,2.25],"rotation":90,"texture":"#0"},"south":{"uv":[1,3.125,0.875,2.25],"rotation":90,"texture":"#0"},"west":{"uv":[1,3.125,0.875,2.25],"rotation":90,"texture":"#0"},"up":{"uv":[0.875,3.125,0,2.25],"rotation":90,"texture":"#0"},"down":{"uv":[0.875,3.125,0,2.25],"rotation":90,"texture":"#0"}}},{"from":[5.5,14,4.5],"to":[5.5,17.5,11.5],"rotation":{"angle":-22.5,"axis":"z","origin":[9,14,8]},"faces":{"north":{"uv":[32768,32000,32768,32768],"texture":"#missing"},"east":{"uv":[1.0625,2.6875,1.9375,3.125],"texture":"#0"},"south":{"uv":[32768,32000,32768,32768],"texture":"#missing"},"west":{"uv":[1.0625,2.6875,1.9375,3.125],"texture":"#0"},"up":{"uv":[32768,32768,31232,32768],"rotation":270,"texture":"#missing"},"down":{"uv":[32768,32768,31232,32768],"rotation":90,"texture":"#missing"}}},{"from":[12.5,14,4.5],"to":[12.5,16,11.5],"rotation":{"angle":-22.5,"axis":"z","origin":[9,14,8]},"faces":{"north":{"uv":[32768,32256,32768,32768],"texture":"#missing"},"east":{"uv":[1.0625,2.1875,1.9375,2.4375],"texture":"#0"},"south":{"uv":[32768,32256,32768,32768],"texture":"#missing"},"west":{"uv":[1.0625,2.1875,1.9375,2.4375],"texture":"#0"},"up":{"uv":[32768,32768,31232,32768],"rotation":270,"texture":"#missing"},"down":{"uv":[32768,32768,31232,32768],"rotation":90,"texture":"#missing"}}},{"from":[5.5,14,11.5],"to":[12.5,16,11.5],"rotation":{"angle":-22.5,"axis":"z","origin":[9,14,8]},"faces":{"north":{"uv":[1.9375,2.4375,1.0625,2.6875],"texture":"#0"},"east":{"uv":[32768,16384,32768,16896],"texture":"#missing"},"south":{"uv":[1.0625,2.4375,1.9375,2.6875],"texture":"#0"},"west":{"uv":[32768,0,32768,512],"texture":"#missing"},"up":{"uv":[32768,32768,32768,30976],"rotation":270,"texture":"#missing"},"down":{"uv":[32768,32768,32768,30976],"rotation":90,"texture":"#missing"}}},{"from":[5.5,14,4.5],"to":[12.5,16,4.5],"rotation":{"angle":-22.5,"axis":"z","origin":[9,14,8]},"faces":{"north":{"uv":[1.9375,2.4375,1.0625,2.6875],"texture":"#0"},"east":{"uv":[32768,16384,32768,16896],"texture":"#missing"},"south":{"uv":[1.0625,2.4375,1.9375,2.6875],"texture":"#0"},"west":{"uv":[32768,0,32768,512],"texture":"#missing"},"up":{"uv":[32768,32768,32768,30976],"rotation":270,"texture":"#missing"},"down":{"uv":[32768,32768,32768,30976],"rotation":90,"texture":"#missing"}}},{"from":[7.5,14,6.5],"to":[10.5,16.5,9.5],"rotation":{"angle":-22.5,"axis":"z","origin":[9,14,8]},"faces":{"north":{"uv":[2.1875,2.1875,1.875,1.8125],"rotation":270,"texture":"#0"},"east":{"uv":[2.1875,2.1875,1.875,1.8125],"rotation":270,"texture":"#0"},"south":{"uv":[2.1875,2.1875,1.875,1.8125],"rotation":270,"texture":"#0"},"west":{"uv":[2.1875,2.1875,1.875,1.8125],"rotation":270,"texture":"#0"},"up":{"uv":[1.875,2.1875,1.5,1.8125],"rotation":270,"texture":"#0"},"down":{"uv":[1.875,2.1875,1.5,1.8125],"rotation":270,"texture":"#0"}}},{"from":[6.5,14,5.5],"to":[11.5,15,10.5],"rotation":{"angle":-22.5,"axis":"z","origin":[9,14,8]},"faces":{"north":{"uv":[1.5,2.1875,1.375,1.5625],"rotation":270,"texture":"#0"},"east":{"uv":[1.5,2.1875,1.375,1.5625],"rotation":270,"texture":"#0"},"south":{"uv":[1.5,2.1875,1.375,1.5625],"rotation":270,"texture":"#0"},"west":{"uv":[1.5,2.1875,1.375,1.5625],"rotation":270,"texture":"#0"},"up":{"uv":[1.375,2.1875,0.75,1.5625],"rotation":270,"texture":"#0"},"down":{"uv":[1.375,2.1875,0.75,1.5625],"rotation":270,"texture":"#0"}}},{"from":[6,10,5.5],"to":[10,13.5,10.5],"rotation":{"angle":0,"axis":"y","origin":[-10,10,9.5]},"faces":{"north":{"uv":[2.0625,1.0625,2.5625,1.5],"texture":"#0"},"east":{"uv":[1.4375,1.0625,2.0625,1.5],"texture":"#0"},"south":{"uv":[1.125,0,0.625,0.4375],"texture":"#0"},"west":{"uv":[0,0,0.625,0.4375],"texture":"#0"},"up":{"uv":[0,0.4375,0.5,1.0625],"texture":"#0"},"down":{"uv":[0,0.4375,0.5,1.0625],"texture":"#0"}}},{"from":[5.8,7.5,5.5],"to":[5.8,11,9.5],"rotation":{"angle":0,"axis":"y","origin":[-10,10,9.5]},"faces":{"north":{"uv":[2.0625,1.0625,2.5625,1.5],"texture":"#0"},"east":{"uv":[2.625,1.375,3.125,1.8125],"texture":"#0"},"south":{"uv":[1.25,0.3125,1.25,0.75],"texture":"#0"},"west":{"uv":[2.625,1.375,3.125,1.8125],"texture":"#0"},"up":{"uv":[0,0.4375,0.5,1.0625],"texture":"#0"},"down":{"uv":[0,0.4375,0.5,1.0625],"texture":"#0"}}},{"from":[5.8,10.5,5.5],"to":[5.8,14,10.5],"rotation":{"angle":0,"axis":"y","origin":[-10,10,9.5]},"faces":{"north":{"uv":[0,0,0,7],"texture":"#1"},"east":{"uv":[10,0,0,7],"texture":"#1"},"south":{"uv":[0,0,0,7],"texture":"#1"},"west":{"uv":[0,0,10,7],"texture":"#1"},"up":{"uv":[0,10,0,0],"texture":"#1"},"down":{"uv":[0,0,0,10],"texture":"#1"}}},{"from":[7.5,13.09285,12.15565],"to":[8.5,13.79285,13.65565],"rotation":{"angle":0,"axis":"y","origin":[8,13.64285,12.90565]},"faces":{"north":{"uv":[1.9375,0.625,2.025,0.5],"rotation":270,"texture":"#0"},"east":{"uv":[2.025,0.1875,1.9375,0],"rotation":90,"texture":"#0"},"south":{"uv":[1.9375,0.625,2.025,0.5],"rotation":270,"texture":"#0"},"west":{"uv":[2.025,0.1875,1.9375,0],"rotation":90,"texture":"#0"},"up":{"uv":[1.5625,0.9375,1.6875,0.75],"texture":"#0"},"down":{"uv":[1.6875,0.9375,1.8125,0.75],"texture":"#0"}}},{"from":[7.25,10.70939,13.35001],"to":[8.75,13.20939,14.35001],"rotation":{"angle":-22.5,"axis":"x","origin":[8,11.93417,12.594]},"faces":{"north":{"uv":[1.125,1.5625,1.4375,1.375],"rotation":270,"texture":"#0"},"east":{"uv":[1.4375,1.25,1.125,1.375],"rotation":90,"texture":"#0"},"south":{"uv":[1.125,1.25,1.4375,1.0625],"rotation":270,"texture":"#0"},"west":{"uv":[1.4375,1.375,1.125,1.25],"rotation":90,"texture":"#0"},"up":{"uv":[1.875,0.9375,2.0625,0.8125],"texture":"#0"},"down":{"uv":[1.875,0.9375,2.0625,0.8125],"texture":"#0"}}},{"from":[6.9,9.84846,13.40862],"to":[8.9,12.34846,14.90862],"rotation":{"angle":22.5,"axis":"x","origin":[8,11.93417,12.594]},"faces":{"north":{"uv":[3.0625,0.6875,3.375,0.9375],"rotation":270,"texture":"#0"},"east":{"uv":[3.0625,0.25,3.375,0.4375],"rotation":270,"texture":"#0"},"south":{"uv":[3.0625,0.4375,3.375,0.6875],"rotation":270,"texture":"#0"},"west":{"uv":[3.0625,0.4375,3.375,0.25],"rotation":270,"texture":"#0"},"up":{"uv":[1.8125,0.625,2.0625,0.8125],"texture":"#0"},"down":{"uv":[1.8125,0.625,2.0625,0.8125],"texture":"#0"}}},{"from":[6.85,8.60314,9.83279],"to":[9.15,10.60314,12.83279],"rotation":{"angle":-22.5,"axis":"x","origin":[8,11.93417,12.594]},"faces":{"north":{"uv":[3.075,0,3.3625,0.25],"texture":"#0"},"east":{"uv":[2.6875,0,3.0625,0.25],"texture":"#0"},"south":{"uv":[3.075,0,3.3625,0.25],"texture":"#0"},"west":{"uv":[3.0625,0,2.6875,0.25],"texture":"#0"},"up":{"uv":[3.0625,0.25,2.6875,0.5375],"rotation":90,"texture":"#0"},"down":{"uv":[3.0625,0.5625,2.6875,0.85],"rotation":90,"texture":"#0"}}},{"from":[6.75,7.50249,8.44744],"to":[9.25,10.00249,13.44744],"rotation":{"angle":22.5,"axis":"x","origin":[8,11.93417,12.594]},"faces":{"north":{"uv":[1.25,1.0625,1.5625,0.75],"texture":"#0"},"east":{"uv":[2.0625,0.3125,2.6875,0],"texture":"#0"},"south":{"uv":[1.25,1.0625,1.5625,0.75],"texture":"#0"},"west":{"uv":[2.6875,0.3125,2.0625,0],"texture":"#0"},"up":{"uv":[2.6875,0.625,2.0625,0.3125],"rotation":90,"texture":"#0"},"down":{"uv":[2.6875,0.9375,2.0625,0.625],"rotation":90,"texture":"#0"}}},{"from":[7.55,10.70939,1.64999],"to":[9.05,13.20939,2.64999],"rotation":{"angle":22.5,"axis":"x","origin":[8.3,11.93417,3.406]},"faces":{"north":{"uv":[1.125,1.0625,1.4375,1.25],"rotation":270,"texture":"#0"},"east":{"uv":[1.4375,1.375,1.125,1.25],"rotation":90,"texture":"#0"},"south":{"uv":[1.125,1.375,1.4375,1.5625],"rotation":270,"texture":"#0"},"west":{"uv":[1.4375,1.25,1.125,1.375],"rotation":90,"texture":"#0"},"up":{"uv":[1.875,0.8125,2.0625,0.9375],"texture":"#0"},"down":{"uv":[1.875,0.8125,2.0625,0.9375],"texture":"#0"}}},{"from":[7.45,12.8454,2.67278],"to":[9.15,13.9454,4.07278],"rotation":{"angle":45,"axis":"x","origin":[8.275,14.1704,2.97278]},"faces":{"north":{"uv":[1.6875,0.9375,1.5625,1.0625],"rotation":90,"texture":"#0"},"east":{"uv":[1.6875,0.9375,1.5625,1.0625],"rotation":90,"texture":"#0"},"south":{"uv":[1.6875,0.9375,1.5625,1.0625],"rotation":90,"texture":"#0"},"west":{"uv":[1.6875,0.9375,1.5625,1.0625],"rotation":90,"texture":"#0"},"up":{"uv":[1.6875,0.9375,1.5625,1.0625],"rotation":90,"texture":"#0"},"down":{"uv":[1.6875,0.9375,1.5625,1.0625],"rotation":90,"texture":"#0"}}},{"from":[7.75,13.9454,2.97278],"to":[8.75,15.4454,3.77278],"rotation":{"angle":45,"axis":"x","origin":[8.275,14.1704,2.97278]},"faces":{"north":{"uv":[2.125,0.9375,1.9375,1.0625],"rotation":90,"texture":"#0"},"east":{"uv":[1.9375,0.9375,1.75,1.0375],"rotation":90,"texture":"#0"},"south":{"uv":[2.125,0.9375,1.9375,1.0625],"rotation":90,"texture":"#0"},"west":{"uv":[1.9375,0.9375,1.75,1.0375],"rotation":90,"texture":"#0"},"up":{"uv":[1.6625,0.9375,1.5625,1.0625],"rotation":90,"texture":"#0"},"down":{"uv":[1.6625,0.9375,1.5625,1.0625],"rotation":90,"texture":"#0"}}},{"from":[7.3,9.84846,1.09138],"to":[9.3,12.34846,2.59138],"rotation":{"angle":-22.5,"axis":"x","origin":[8.3,11.93417,3.406]},"faces":{"north":{"uv":[3.0625,0.6875,3.375,0.4375],"rotation":270,"texture":"#0"},"east":{"uv":[3.0625,0.4375,3.375,0.25],"rotation":270,"texture":"#0"},"south":{"uv":[3.0625,0.9375,3.375,0.6875],"rotation":270,"texture":"#0"},"west":{"uv":[3.0625,0.25,3.375,0.4375],"rotation":270,"texture":"#0"},"up":{"uv":[1.8125,0.8125,2.0625,0.625],"texture":"#0"},"down":{"uv":[1.8125,0.8125,2.0625,0.625],"texture":"#0"}}},{"from":[7.15,8.60314,3.16721],"to":[9.45,10.60314,6.16721],"rotation":{"angle":22.5,"axis":"x","origin":[8.3,11.93417,3.406]},"faces":{"north":{"uv":[3.3625,0,3.075,0.25],"texture":"#0"},"east":{"uv":[2.6875,0,3.0625,0.25],"texture":"#0"},"south":{"uv":[3.3625,0,3.075,0.25],"texture":"#0"},"west":{"uv":[2.6875,0,3.0625,0.25],"texture":"#0"},"up":{"uv":[2.6875,0.25,3.0625,0.5375],"rotation":90,"texture":"#0"},"down":{"uv":[2.6875,0.5625,3.0625,0.85],"rotation":90,"texture":"#0"}}},{"from":[7.05,7.50249,2.55256],"to":[9.55,10.00249,7.55256],"rotation":{"angle":-22.5,"axis":"x","origin":[8.3,11.93417,3.406]},"faces":{"north":{"uv":[1.5625,1.0625,1.25,0.75],"texture":"#0"},"east":{"uv":[2.0625,0.3125,2.6875,0],"texture":"#0"},"south":{"uv":[1.5625,1.0625,1.25,0.75],"texture":"#0"},"west":{"uv":[2.0625,0.3125,2.6875,0],"texture":"#0"},"up":{"uv":[2.0625,0.625,2.6875,0.3125],"rotation":90,"texture":"#0"},"down":{"uv":[2.0625,0.9375,2.6875,0.625],"rotation":90,"texture":"#0"}}},{"from":[7,-11,6.75],"to":[9,-9,9.25],"rotation":{"angle":0,"axis":"y","origin":[6.7,-4.47039,8.71937]},"faces":{"north":{"uv":[2.125,1.75,2.375,1.5],"rotation":180,"texture":"#0"},"east":{"uv":[1.5,1.75,1.8125,1.5],"rotation":180,"texture":"#0"},"south":{"uv":[2.125,1.75,2.375,1.5],"rotation":180,"texture":"#0"},"west":{"uv":[1.5,1.75,1.8125,1.5],"rotation":180,"texture":"#0"},"up":{"uv":[2.125,1.75,1.8125,1.5],"rotation":90,"texture":"#0"},"down":{"uv":[2.125,1.75,1.8125,1.5],"rotation":90,"texture":"#0"}}},{"from":[8,-15.5,5.75],"to":[8,-11,10.25],"rotation":{"angle":0,"axis":"y","origin":[6.7,-4.47039,8.71937]},"faces":{"north":{"uv":[2.125,1.75,2.375,1.5],"rotation":180,"texture":"#0"},"east":{"uv":[3.8125,3.0625,4.375,2.5],"rotation":180,"texture":"#0"},"south":{"uv":[2.125,1.75,2.375,1.5],"rotation":180,"texture":"#0"},"west":{"uv":[3.8125,3.0625,4.375,2.5],"rotation":180,"texture":"#0"},"up":{"uv":[2.125,1.75,1.8125,1.5],"rotation":90,"texture":"#0"},"down":{"uv":[2.125,1.75,1.8125,1.5],"rotation":90,"texture":"#0"}}},{"from":[5.55,5.56292,6.00303],"to":[7.55,8.56292,8.00303],"rotation":{"angle":-22.5,"axis":"x","origin":[6.7,5.52961,8.71937]},"faces":{"north":{"uv":[0.375,1.3125,0,1.5625],"rotation":90,"texture":"#0"},"east":{"uv":[0.375,1.5625,0.75,1.3125],"rotation":270,"texture":"#0"},"south":{"uv":[0.375,1.5625,0,1.3125],"rotation":90,"texture":"#0"},"west":{"uv":[0,1.3125,0.375,1.0625],"rotation":270,"texture":"#0"},"up":{"uv":[1.0125,1.125,0.7625,0.875],"texture":"#0"},"down":{"uv":[1.0125,1.125,0.7625,0.875],"texture":"#0"}}},{"from":[5.9,3.84206,6.57591],"to":[7.4,5.34206,9.57591],"rotation":{"angle":22.5,"axis":"x","origin":[6.7,5.52961,8.91937]},"faces":{"north":{"uv":[1.0625,0.875,1.25,1.0625],"texture":"#0"},"east":{"uv":[1.125,1.125,0.75,1.3125],"rotation":180,"texture":"#0"},"south":{"uv":[1.0625,0.875,1.25,1.0625],"texture":"#0"},"west":{"uv":[0.75,1.125,0.375,1.3125],"rotation":180,"texture":"#0"},"up":{"uv":[1.125,1.5,0.75,1.3125],"rotation":270,"texture":"#0"},"down":{"uv":[1.125,1.5,0.75,1.3125],"rotation":270,"texture":"#0"}}},{"from":[6.08992,4.04571,8.26937],"to":[8.58992,5.04571,9.26937],"rotation":{"angle":-22.5,"axis":"y","origin":[6.7,5.52961,8.91937]},"faces":{"north":{"uv":[1.5,0.625,1.8125,0.75],"texture":"#0"},"east":{"uv":[1.8125,0.625,1.9375,0.5],"texture":"#0"},"south":{"uv":[1.75,0.375,2.0625,0.5],"texture":"#0"},"west":{"uv":[1.8125,0.625,1.9375,0.5],"texture":"#0"},"up":{"uv":[1.8125,0.5,1.5,0.625],"rotation":180,"texture":"#0"},"down":{"uv":[1.8125,0.625,1.5,0.5],"rotation":180,"texture":"#0"}}},{"from":[8.8,6.74081,6.63976],"to":[9.8,7.74081,8.13976],"rotation":{"angle":-22.5,"axis":"x","origin":[9.2,8.66583,9.594]},"faces":{"north":{"uv":[1.75,0.375,1.625,0.5],"rotation":270,"texture":"#0"},"east":{"uv":[1.625,0,1.5,0.1875],"rotation":90,"texture":"#0"},"south":{"uv":[1.75,0.375,1.625,0.5],"rotation":270,"texture":"#0"},"west":{"uv":[1.75,0,1.625,0.1875],"rotation":90,"texture":"#0"},"up":{"uv":[1.9375,0,1.75,0.125],"rotation":90,"texture":"#0"},"down":{"uv":[1.9375,0,1.75,0.125],"rotation":90,"texture":"#0"}}},{"from":[8.37522,6.30982,8.744],"to":[10.37522,7.30982,9.744],"rotation":{"angle":45,"axis":"y","origin":[9.2,8.66583,9.594]},"faces":{"north":{"uv":[1.25,0.75,1.5,0.625],"texture":"#0"},"east":{"uv":[1.625,0.5,1.5,0.375],"texture":"#0"},"south":{"uv":[1.25,0.5,1.5,0.375],"texture":"#0"},"west":{"uv":[1.625,0.5,1.5,0.375],"texture":"#0"},"up":{"uv":[1.5,0.625,1.25,0.5],"rotation":180,"texture":"#0"},"down":{"uv":[1.25,0.5,1.5,0.625],"rotation":180,"texture":"#0"}}},{"from":[6.31429,6.05121,9.1],"to":[9.31429,7.55121,10.6],"rotation":{"angle":-22.5,"axis":"z","origin":[9,8.06583,9.594]},"faces":{"north":{"uv":[1.125,0,1.5,0.1875],"rotation":180,"texture":"#0"},"east":{"uv":[1.6875,0.1875,1.5,0.375],"texture":"#0"},"south":{"uv":[1.5,0,1.125,0.1875],"rotation":180,"texture":"#0"},"west":{"uv":[1.6875,0.1875,1.5,0.375],"texture":"#0"},"up":{"uv":[1.5,0.1875,1.125,0.375],"rotation":180,"texture":"#0"},"down":{"uv":[2.0625,0.1875,1.6875,0.375],"rotation":180,"texture":"#0"}}},{"from":[5,7,9.3],"to":[7,10.5,11.3],"rotation":{"angle":22.5,"axis":"y","origin":[5.14656,9.15249,9.644]},"faces":{"north":{"uv":[1,0.875,1.25,0.4375],"texture":"#0"},"east":{"uv":[0.75,0.875,1,0.4375],"texture":"#0"},"south":{"uv":[1.25,0.875,1,0.4375],"texture":"#0"},"west":{"uv":[0.5,0.875,0.75,0.4375],"texture":"#0"},"up":{"uv":[0.5,1.125,0.75,0.875],"texture":"#0"},"down":{"uv":[0.5,1.125,0.75,0.875],"texture":"#0"}}},{"from":[7.5,8.92183,-1],"to":[8.5,10.42183,2],"rotation":{"angle":-45,"axis":"x","origin":[8,5.06583,0.406]},"faces":{"north":{"uv":[4.375,1.375,4.5,1.1875],"rotation":180,"texture":"#0"},"east":{"uv":[4.375,1.1875,4,1.375],"rotation":180,"texture":"#0"},"south":{"uv":[4.375,1.375,4.5,1.1875],"rotation":180,"texture":"#0"},"west":{"uv":[4,1.1875,4.375,1.375],"rotation":180,"texture":"#0"},"up":{"uv":[4.375,1.375,4,1.5],"rotation":90,"texture":"#0"},"down":{"uv":[4.375,1.375,4,1.5],"rotation":90,"texture":"#0"}}},{"from":[7.25,8.92183,-0.26922],"to":[8.75,11.42183,3.73078],"rotation":{"angle":-22.5,"axis":"x","origin":[8,5.06583,0.406]},"faces":{"north":{"uv":[4.5625,0.75,4.75,0.4375],"rotation":180,"texture":"#0"},"east":{"uv":[4.5,0.6875,4,1],"rotation":180,"texture":"#0"},"south":{"uv":[4.5625,0.75,4.75,0.4375],"rotation":180,"texture":"#0"},"west":{"uv":[4,0.6875,4.5,1],"rotation":180,"texture":"#0"},"up":{"uv":[4.5,1,4,1.1875],"rotation":90,"texture":"#0"},"down":{"uv":[4.5,1,4,1.1875],"rotation":90,"texture":"#0"}}},{"from":[7,9.38045,0.99171],"to":[9,12.88045,5.49171],"rotation":{"angle":0,"axis":"y","origin":[8,5.06583,0.406]},"faces":{"north":{"uv":[4.5625,0,4.8125,0.4375],"rotation":180,"texture":"#0"},"east":{"uv":[4,0,4.5625,0.4375],"texture":"#0"},"south":{"uv":[4.5625,0,4.8125,0.4375],"rotation":180,"texture":"#0"},"west":{"uv":[4.5625,0,4,0.4375],"texture":"#0"},"up":{"uv":[4.5625,0.6875,4,0.4375],"rotation":90,"texture":"#0"},"down":{"uv":[4.5625,0.6875,4,0.4375],"rotation":90,"texture":"#0"}}},{"from":[7,9.38045,10.50829],"to":[9,12.88045,15.00829],"rotation":{"angle":0,"axis":"y","origin":[8,5.06583,15.594]},"faces":{"north":{"uv":[4.8125,0,4.5625,0.4375],"rotation":180,"texture":"#0"},"east":{"uv":[4.5625,0,4,0.4375],"texture":"#0"},"south":{"uv":[4.8125,0,4.5625,0.4375],"rotation":180,"texture":"#0"},"west":{"uv":[4,0,4.5625,0.4375],"texture":"#0"},"up":{"uv":[4,0.6875,4.5625,0.4375],"rotation":90,"texture":"#0"},"down":{"uv":[4,0.6875,4.5625,0.4375],"rotation":90,"texture":"#0"}}},{"from":[7.25,8.92183,12.26922],"to":[8.75,11.42183,16.26922],"rotation":{"angle":22.5,"axis":"x","origin":[8,5.06583,15.594]},"faces":{"north":{"uv":[4.75,0.75,4.5625,0.4375],"rotation":180,"texture":"#0"},"east":{"uv":[4,0.6875,4.5,1],"rotation":180,"texture":"#0"},"south":{"uv":[4.75,0.75,4.5625,0.4375],"rotation":180,"texture":"#0"},"west":{"uv":[4.5,0.6875,4,1],"rotation":180,"texture":"#0"},"up":{"uv":[4,1,4.5,1.1875],"rotation":90,"texture":"#0"},"down":{"uv":[4,1,4.5,1.1875],"rotation":90,"texture":"#0"}}},{"from":[7.5,8.92183,14],"to":[8.5,10.42183,17],"rotation":{"angle":45,"axis":"x","origin":[8,5.06583,15.594]},"faces":{"north":{"uv":[4.5,1.375,4.375,1.1875],"rotation":180,"texture":"#0"},"east":{"uv":[4,1.1875,4.375,1.375],"rotation":180,"texture":"#0"},"south":{"uv":[4.5,1.375,4.375,1.1875],"rotation":180,"texture":"#0"},"west":{"uv":[4.375,1.1875,4,1.375],"rotation":180,"texture":"#0"},"up":{"uv":[4,1.375,4.375,1.5],"rotation":90,"texture":"#0"},"down":{"uv":[4,1.375,4.375,1.5],"rotation":90,"texture":"#0"}}},{"from":[7.5,3.4,2.5],"to":[8.5,5.4,4],"rotation":{"angle":0,"axis":"y","origin":[8,7.63214,2.01845]},"faces":{"north":{"uv":[2.75,1,3,0.875],"rotation":90,"texture":"#0"},"east":{"uv":[2.75,0.9375,2.5625,1.1875],"rotation":180,"texture":"#0"},"south":{"uv":[2.75,1,3,0.875],"rotation":90,"texture":"#0"},"west":{"uv":[2.75,0.9375,2.5625,1.1875],"rotation":180,"texture":"#0"},"up":{"uv":[2.9375,1,2.75,1.125],"rotation":90,"texture":"#0"},"down":{"uv":[2.9375,1,2.75,1.125],"rotation":90,"texture":"#0"}}},{"from":[7.5,2,1.5],"to":[8.5,3,5],"rotation":{"angle":0,"axis":"y","origin":[8,7.63214,2.01845]},"faces":{"north":{"uv":[2.9375,1.125,3.0625,1],"rotation":90,"texture":"#0"},"east":{"uv":[3.1875,1.125,2.75,1.25],"rotation":180,"texture":"#0"},"south":{"uv":[2.9375,1.125,3.0625,1],"rotation":90,"texture":"#0"},"west":{"uv":[3.1875,1.125,2.75,1.25],"rotation":180,"texture":"#0"},"up":{"uv":[3.1875,1.125,2.75,1.25],"rotation":90,"texture":"#0"},"down":{"uv":[3.1875,1.125,2.75,1.25],"rotation":90,"texture":"#0"}}},{"from":[8,-1,1.25],"to":[8,2,4.75],"rotation":{"angle":0,"axis":"y","origin":[8,7.63214,2.01845]},"faces":{"north":{"uv":[2.9375,1.125,3.0625,1],"rotation":90,"texture":"#0"},"east":{"uv":[3.1875,1.125,3.625,1.5],"rotation":180,"texture":"#0"},"south":{"uv":[2.9375,1.125,3.0625,1],"rotation":90,"texture":"#0"},"west":{"uv":[3.625,1.125,3.1875,1.5],"rotation":180,"texture":"#0"},"up":{"uv":[3.1875,1.125,2.75,1.25],"rotation":90,"texture":"#0"},"down":{"uv":[3.1875,1.125,2.75,1.25],"rotation":90,"texture":"#0"}}},{"from":[7.5,6.4,2.5],"to":[8.5,8.4,4],"rotation":{"angle":22.5,"axis":"x","origin":[8,6.9,3.25]},"faces":{"north":{"uv":[2.75,1,3,0.875],"rotation":90,"texture":"#0"},"east":{"uv":[2.75,0.9375,2.5625,1.1875],"rotation":180,"texture":"#0"},"south":{"uv":[2.75,1,3,0.875],"rotation":90,"texture":"#0"},"west":{"uv":[2.75,0.9375,2.5625,1.1875],"rotation":180,"texture":"#0"},"up":{"uv":[2.9375,1,2.75,1.125],"rotation":90,"texture":"#0"},"down":{"uv":[2.9375,1,2.75,1.125],"rotation":90,"texture":"#0"}}},{"from":[7.25,1.9,2.75],"to":[8.75,3.9,3.75],"rotation":{"angle":0,"axis":"y","origin":[8,4.23214,3.31845]},"faces":{"north":{"uv":[2.75,0.9375,2.5625,1.1875],"rotation":180,"texture":"#0"},"east":{"uv":[2.75,1,3,0.875],"rotation":90,"texture":"#0"},"south":{"uv":[2.75,0.9375,2.5625,1.1875],"rotation":180,"texture":"#0"},"west":{"uv":[2.75,1,3,0.875],"rotation":90,"texture":"#0"},"up":{"uv":[2.9375,1,2.75,1.125],"rotation":180,"texture":"#0"},"down":{"uv":[2.9375,1,2.75,1.125],"texture":"#0"}}},{"from":[7.25,4.9,2.75],"to":[8.75,6.9,3.75],"rotation":{"angle":0,"axis":"y","origin":[8,4.23214,3.31845]},"faces":{"north":{"uv":[2.75,0.9375,2.5625,1.1875],"rotation":180,"texture":"#0"},"east":{"uv":[2.75,1,3,0.875],"rotation":90,"texture":"#0"},"south":{"uv":[2.75,0.9375,2.5625,1.1875],"rotation":180,"texture":"#0"},"west":{"uv":[2.75,1,3,0.875],"rotation":90,"texture":"#0"},"up":{"uv":[2.9375,1,2.75,1.125],"rotation":180,"texture":"#0"},"down":{"uv":[2.9375,1,2.75,1.125],"texture":"#0"}}},{"from":[7.25,6.9,12.25],"to":[8.75,8.9,13.25],"rotation":{"angle":0,"axis":"y","origin":[8,4.23214,12.68155]},"faces":{"north":{"uv":[2.5625,0.9375,2.75,1.1875],"rotation":180,"texture":"#0"},"east":{"uv":[2.75,0.875,3,1],"rotation":90,"texture":"#0"},"south":{"uv":[2.5625,0.9375,2.75,1.1875],"rotation":180,"texture":"#0"},"west":{"uv":[2.75,0.875,3,1],"rotation":90,"texture":"#0"},"up":{"uv":[2.9375,1.125,2.75,1],"rotation":180,"texture":"#0"},"down":{"uv":[2.9375,1.125,2.75,1],"texture":"#0"}}},{"from":[7.5,5.4,12],"to":[8.5,7.4,13.5],"rotation":{"angle":0,"axis":"y","origin":[8,7.63214,13.98155]},"faces":{"north":{"uv":[2.75,0.875,3,1],"rotation":90,"texture":"#0"},"east":{"uv":[2.5625,0.9375,2.75,1.1875],"rotation":180,"texture":"#0"},"south":{"uv":[2.75,0.875,3,1],"rotation":90,"texture":"#0"},"west":{"uv":[2.5625,0.9375,2.75,1.1875],"rotation":180,"texture":"#0"},"up":{"uv":[2.75,1,2.9375,1.125],"rotation":90,"texture":"#0"},"down":{"uv":[2.75,1,2.9375,1.125],"rotation":90,"texture":"#0"}}},{"from":[7.25,3.9,12.25],"to":[8.75,5.9,13.25],"rotation":{"angle":0,"axis":"y","origin":[8,4.23214,12.68155]},"faces":{"north":{"uv":[2.5625,0.9375,2.75,1.1875],"rotation":180,"texture":"#0"},"east":{"uv":[2.75,0.875,3,1],"rotation":90,"texture":"#0"},"south":{"uv":[2.5625,0.9375,2.75,1.1875],"rotation":180,"texture":"#0"},"west":{"uv":[2.75,0.875,3,1],"rotation":90,"texture":"#0"},"up":{"uv":[2.9375,1.125,2.75,1],"rotation":180,"texture":"#0"},"down":{"uv":[2.9375,1.125,2.75,1],"texture":"#0"}}},{"from":[7.5,4,11],"to":[8.5,5,14.5],"rotation":{"angle":0,"axis":"y","origin":[8,7.63214,13.98155]},"faces":{"north":{"uv":[2.9375,1,3.0625,1.125],"rotation":90,"texture":"#0"},"east":{"uv":[2.75,1.125,3.1875,1.25],"rotation":180,"texture":"#0"},"south":{"uv":[2.9375,1,3.0625,1.125],"rotation":90,"texture":"#0"},"west":{"uv":[2.75,1.125,3.1875,1.25],"rotation":180,"texture":"#0"},"up":{"uv":[2.75,1.125,3.1875,1.25],"rotation":90,"texture":"#0"},"down":{"uv":[2.75,1.125,3.1875,1.25],"rotation":90,"texture":"#0"}}},{"from":[8,1,11.25],"to":[8,4,14.75],"rotation":{"angle":0,"axis":"y","origin":[8,7.63214,13.98155]},"faces":{"north":{"uv":[2.9375,1,3.0625,1.125],"rotation":90,"texture":"#0"},"east":{"uv":[3.625,1.125,3.1875,1.5],"rotation":180,"texture":"#0"},"south":{"uv":[2.9375,1,3.0625,1.125],"rotation":90,"texture":"#0"},"west":{"uv":[3.1875,1.125,3.625,1.5],"rotation":180,"texture":"#0"},"up":{"uv":[2.75,1.125,3.1875,1.25],"rotation":90,"texture":"#0"},"down":{"uv":[2.75,1.125,3.1875,1.25],"rotation":90,"texture":"#0"}}},{"from":[5,7,4.7],"to":[7,10.5,6.7],"rotation":{"angle":-22.5,"axis":"y","origin":[5.14656,9.15249,6.356]},"faces":{"north":{"uv":[1,0.875,1.25,0.4375],"texture":"#0"},"east":{"uv":[1,0.875,0.75,0.4375],"texture":"#0"},"south":{"uv":[1.25,0.875,1,0.4375],"texture":"#0"},"west":{"uv":[0.75,0.875,0.5,0.4375],"texture":"#0"},"up":{"uv":[0.5,0.875,0.75,1.125],"texture":"#0"},"down":{"uv":[0.5,0.875,0.75,1.125],"texture":"#0"}}},{"from":[7.5,10.5,5],"to":[7.5,20.5,15],"rotation":{"angle":0,"axis":"y","origin":[0,10,0]},"faces":{"north":{"uv":[0,0,0,160],"texture":"#missing"},"east":{"uv":[3.75,1.875,2.5,3.125],"texture":"#0"},"south":{"uv":[0,0,0,160],"texture":"#missing"},"west":{"uv":[2.5,1.875,3.75,3.125],"texture":"#0"},"up":{"uv":[0,0,0,160],"texture":"#missing"},"down":{"uv":[0,0,0,160],"texture":"#missing"}}},{"from":[8.5,10.5,5],"to":[8.5,20.5,15],"rotation":{"angle":0,"axis":"y","origin":[16,10,0]},"faces":{"north":{"uv":[0,0,0,160],"texture":"#missing"},"east":{"uv":[3.75,1.875,2.5,3.125],"texture":"#0"},"south":{"uv":[0,0,0,160],"texture":"#missing"},"west":{"uv":[2.5,1.875,3.75,3.125],"texture":"#0"},"up":{"uv":[0,0,0,160],"texture":"#missing"},"down":{"uv":[0,0,0,160],"texture":"#missing"}}},{"from":[8,17,-1],"to":[8,29,5],"rotation":{"angle":0,"axis":"y","origin":[0,10,0]},"faces":{"east":{"uv":[0,0,6,12],"texture":"#3"},"west":{"uv":[6,0,0,12],"texture":"#3"}}},{"from":[5.4,9.5,5.5],"to":[5.4,18.5,10.5],"rotation":{"angle":0,"axis":"y","origin":[0,10,0]},"faces":{"east":{"uv":[0,0,5,9],"texture":"#4"},"west":{"uv":[5,0,0,9],"texture":"#4"}}},{"from":[8,19,7],"to":[8,27,15],"rotation":{"angle":0,"axis":"y","origin":[0,10,0]},"faces":{"north":{"uv":[0,0,0,12],"texture":"#5"},"east":{"uv":[16,0,0,16],"texture":"#5"},"south":{"uv":[0,0,0,12],"texture":"#5"},"west":{"uv":[0,0,16,16],"texture":"#5"},"up":{"uv":[0,12,0,0],"texture":"#5"},"down":{"uv":[0,0,0,12],"texture":"#5"}}},{"from":[7.25,2,7.25],"to":[8.75,12,8.75],"rotation":{"angle":0,"axis":"y","origin":[8,5.81499,8]},"faces":{"north":{"uv":[3.8125,0,4,1.25],"texture":"#0"},"east":{"uv":[3.8125,0,4,1.25],"texture":"#0"},"south":{"uv":[3.8125,0,4,1.25],"texture":"#0"},"west":{"uv":[3.8125,0,4,1.25],"texture":"#0"},"up":{"uv":[3.1875,0.9375,3.375,1.125],"rotation":270,"texture":"#0"},"down":{"uv":[3.1875,0.9375,3.375,1.125],"rotation":270,"texture":"#0"}}},{"from":[7.25,-9,7.25],"to":[8.75,1,8.75],"rotation":{"angle":0,"axis":"y","origin":[8,5.81499,8]},"faces":{"north":{"uv":[3.625,0,3.8125,1.25],"texture":"#0"},"east":{"uv":[3.625,0,3.8125,1.25],"texture":"#0"},"south":{"uv":[3.625,0,3.8125,1.25],"texture":"#0"},"west":{"uv":[3.625,0,3.8125,1.25],"texture":"#0"},"up":{"uv":[3.1875,0.9375,3.375,1.125],"rotation":270,"texture":"#0"},"down":{"uv":[3.1875,0.9375,3.375,1.125],"rotation":270,"texture":"#0"}}},{"from":[7,0,7],"to":[9,3,9],"rotation":{"angle":0,"axis":"y","origin":[8,5.81499,8]},"faces":{"north":{"uv":[3.375,0,3.625,0.375],"texture":"#0"},"east":{"uv":[3.375,0,3.625,0.375],"texture":"#0"},"south":{"uv":[3.375,0,3.625,0.375],"texture":"#0"},"west":{"uv":[3.375,0,3.625,0.375],"texture":"#0"},"up":{"uv":[3.375,0.375,3.625,0.625],"texture":"#0"},"down":{"uv":[3.375,0.375,3.625,0.625],"texture":"#0"}}}],"gui_light":"front","display":{"thirdperson_righthand":{"translation":[0,7,1.75],"scale":[0.7,0.7,0.7]},"thirdperson_lefthand":{"translation":[0,7,1.75],"scale":[0.7,0.7,0.7]},"firstperson_righthand":{"rotation":[5,0,0],"translation":[5,6.25,0],"scale":[0.40195,0.40195,0.40195]},"firstperson_lefthand":{"rotation":[5,0,0],"translation":[5,6.25,0],"scale":[0.40195,0.40195,0.40195]},"ground":{"rotation":[45,0,0],"translation":[0,9,0],"scale":[0.5,0.5,0.5]},"gui":{"rotation":[90,45,-90],"translation":[0.5,1.5,-1.5],"scale":[0.4707,0.4707,0.4707]},"head":{"scale":[0,0,0]},"fixed":{"rotation":[0,-90,0],"translation":[0,11.25,-2],"scale":[1.6,1.6,1.6]}}}