{"credit":"Made with Blockbench","texture_size":[64,64],"textures":{"0":"pirates_cosmetic:balloons/boom","2":"pirates_cosmetic:particles/smoke","particle":"pirates_cosmetic:balloons/boom"},"elements":[{"from":[0,3.8,0],"to":[17,20.8,18],"rotation":{"angle":0,"axis":"z","origin":[9.5,16.5,12.25]},"faces":{"north":{"uv":[6.25,2.25,10.5,6.5],"texture":"#0","tintindex":0},"east":{"uv":[6.25,2.25,10.75,6.5],"texture":"#0","tintindex":0},"south":{"uv":[6.5,2.25,10.75,6.5],"texture":"#0","tintindex":0},"west":{"uv":[6.25,2.25,10.75,6.5],"texture":"#0","tintindex":0},"up":{"uv":[6.25,2.25,10.5,6.75],"texture":"#0","tintindex":0},"down":{"uv":[6.25,2.25,10.5,6.75],"texture":"#0","tintindex":0}}},{"from":[3,17.2,3],"to":[14,22.2,15],"rotation":{"angle":0,"axis":"y","origin":[9.5,16.5,12.25]},"faces":{"north":{"uv":[6.25,2.25,7.75,2.5],"texture":"#0","tintindex":0},"east":{"uv":[6.25,2.25,7.75,2.5],"texture":"#0","tintindex":0},"south":{"uv":[6.25,2.25,7.75,2.5],"texture":"#0","tintindex":0},"west":{"uv":[6.25,2.25,7.75,2.5],"texture":"#0","tintindex":0},"up":{"uv":[6.25,4,9,6.75],"texture":"#0","tintindex":0},"down":{"uv":[6.25,2.25,7.75,3.75],"texture":"#0"}}},{"from":[3,2.8,3],"to":[14,7.8,15],"rotation":{"angle":0,"axis":"y","origin":[9.5,16.5,12.25]},"faces":{"north":{"uv":[6.25,2.25,9,3.5],"texture":"#0","tintindex":0},"east":{"uv":[6.25,2.25,9.25,3.5],"texture":"#0","tintindex":0},"south":{"uv":[6.25,2.25,9,3.5],"texture":"#0","tintindex":0},"west":{"uv":[6.25,2.25,7.75,2.5],"texture":"#0","tintindex":0},"up":{"uv":[6.25,2.25,7.75,3.75],"texture":"#0","tintindex":0},"down":{"uv":[6.25,3.75,9,6.75],"texture":"#0","tintindex":0}}},{"from":[7.25,1.8,7.65],"to":[9.85,6.8,10.4],"rotation":{"angle":0,"axis":"y","origin":[9.5,16.5,12.25]},"faces":{"north":{"uv":[6.25,2.25,7.75,2.5],"texture":"#0","tintindex":0},"east":{"uv":[6.25,2.25,7.75,2.5],"texture":"#0","tintindex":0},"south":{"uv":[6.25,2.25,7.75,2.5],"texture":"#0","tintindex":0},"west":{"uv":[6.25,2.25,7.75,2.5],"texture":"#0","tintindex":0},"up":{"uv":[6.25,2.25,7.75,3.75],"texture":"#0","tintindex":0},"down":{"uv":[6.25,2.25,7.75,3.75],"texture":"#0","tintindex":0}}},{"from":[7.75,1.05,8.05],"to":[9.35,1.8,9.8],"rotation":{"angle":0,"axis":"y","origin":[9.5,16.5,12.25]},"faces":{"north":{"uv":[6.25,2.25,7.75,2.5],"texture":"#0","tintindex":0},"east":{"uv":[6.25,2.25,7.75,2.5],"texture":"#0","tintindex":0},"south":{"uv":[6.25,2.25,7.75,2.5],"texture":"#0","tintindex":0},"west":{"uv":[6.25,2.25,7.75,2.5],"texture":"#0","tintindex":0},"up":{"uv":[6.25,2.25,7.75,3.75],"texture":"#0","tintindex":0},"down":{"uv":[6.25,2.25,7.75,3.75],"texture":"#0","tintindex":0}}},{"from":[7.25,0.05,7.55],"to":[9.85,1.05,10.3],"rotation":{"angle":0,"axis":"y","origin":[9.5,16.5,12.25]},"faces":{"north":{"uv":[6.25,2.25,7.75,2.5],"texture":"#0","tintindex":0},"east":{"uv":[6.25,2.25,7.75,2.5],"texture":"#0","tintindex":0},"south":{"uv":[6.25,2.25,7.75,2.5],"texture":"#0","tintindex":0},"west":{"uv":[6.25,2.25,7.75,2.5],"texture":"#0","tintindex":0},"up":{"uv":[6.25,2.25,7.75,3.75],"texture":"#0","tintindex":0},"down":{"uv":[6.25,2.25,7.75,3.75],"texture":"#0","tintindex":0}}},{"from":[7,18.2,8],"to":[9,23.2,9],"rotation":{"angle":0,"axis":"z","origin":[8.5,21.5,8.5]},"faces":{"north":{"uv":[8.5,1.75,9,2],"texture":"#0"},"east":{"uv":[8.5,1.75,8.75,2],"texture":"#0"},"south":{"uv":[8.5,1.75,9,2],"texture":"#0"},"west":{"uv":[8.5,1.75,8.75,2],"texture":"#0"},"up":{"uv":[8.5,1.75,9,2],"texture":"#0"},"down":{"uv":[8.5,1.75,9,2],"texture":"#0"}}},{"from":[6,23.2,7],"to":[8,24.2,8],"rotation":{"angle":0,"axis":"y","origin":[6.5,24.5,8.5]},"faces":{"north":{"uv":[8.5,1.75,9,2],"texture":"#0"},"east":{"uv":[8.5,1.75,8.75,2],"texture":"#0"},"south":{"uv":[8.5,1.75,9,2],"texture":"#0"},"west":{"uv":[8.5,1.75,8.75,2],"texture":"#0"},"up":{"uv":[8.5,1.75,9,2],"texture":"#0"},"down":{"uv":[8.5,1.75,9,2],"texture":"#0"}}},{"from":[5,24.2,8],"to":[7,25.2,9],"rotation":{"angle":0,"axis":"y","origin":[6.5,24.5,8.5]},"faces":{"north":{"uv":[8.5,1.75,9,2],"texture":"#0"},"east":{"uv":[8.5,1.75,8.75,2],"texture":"#0"},"south":{"uv":[8.5,1.75,9,2],"texture":"#0"},"west":{"uv":[8.5,1.75,8.75,2],"texture":"#0"},"up":{"uv":[8.5,1.75,9,2],"texture":"#0"},"down":{"uv":[8.5,1.75,9,2],"texture":"#0"}}},{"from":[4,25.2,9],"to":[6,26.2,10],"rotation":{"angle":0,"axis":"y","origin":[6.5,24.5,8.5]},"faces":{"north":{"uv":[8.5,1.75,9,2],"texture":"#0"},"east":{"uv":[8.5,1.75,8.75,2],"texture":"#0"},"south":{"uv":[8.5,1.75,9,2],"texture":"#0"},"west":{"uv":[10.75,1.5,11,1.75],"texture":"#0"},"up":{"uv":[8.5,1.75,9,2],"texture":"#0"},"down":{"uv":[8.5,1.75,9,2],"texture":"#0"}}},{"from":[7,3.79,7],"to":[9,4.79,9],"faces":{"north":{"uv":[0,0,0.5,0.25],"texture":"#missing"},"east":{"uv":[0,0,0.5,0.25],"texture":"#missing"},"south":{"uv":[0,0,0.5,0.25],"texture":"#missing"},"west":{"uv":[0,0,0.5,0.25],"texture":"#missing"},"up":{"uv":[0,0,0.5,0.5],"texture":"#missing"},"down":{"uv":[8.75,1.5,9.25,2],"texture":"#0"}}},{"from":[4,26,7],"to":[4,32,13],"rotation":{"angle":0,"axis":"y","origin":[3.5,26.5,10]},"faces":{"north":{"uv":[0,0,0.25,2.75],"texture":"#2"},"east":{"uv":[0,0,16,15.75],"texture":"#2"},"south":{"uv":[0,0,0.25,2.75],"texture":"#2"},"west":{"uv":[0,0,16,16],"texture":"#2"},"up":{"uv":[0,0,0.25,1.5],"texture":"#2"},"down":{"uv":[0,0,0.25,1.5],"texture":"#2"}}},{"from":[3,7,-0.1],"to":[15,17,-0.1],"faces":{"north":{"uv":[1,3,4,5.5],"texture":"#0"},"east":{"uv":[0,0,0,2.5],"texture":"#missing"},"south":{"uv":[12,3,14.25,5.5],"texture":"#0"},"west":{"uv":[0,0,0,2.5],"texture":"#missing"},"up":{"uv":[0,0,2.25,0],"texture":"#missing"},"down":{"uv":[0,0,2.25,0],"texture":"#missing"}}},{"from":[2,7,18.1],"to":[14,17,18.1],"faces":{"north":{"uv":[0.75,0.25,3.75,2.75],"texture":"#0"},"east":{"uv":[0,0,0,2.5],"texture":"#missing"},"south":{"uv":[1,3,4,5.5],"texture":"#0"},"west":{"uv":[0,0,0,2.5],"texture":"#missing"},"up":{"uv":[0,0,2.25,0],"texture":"#missing"},"down":{"uv":[0,0,2.25,0],"texture":"#missing"}}}],"gui_light":"front","display":{"thirdperson_righthand":{"rotation":[66.88,0.2,-0.75],"translation":[-11.75,0.75,-0.25],"scale":[0.26172,0.26172,0.26172]},"thirdperson_lefthand":{"rotation":[66.88,0.2,-0.75],"translation":[-11.75,0.75,-0.25],"scale":[0.26172,0.26172,0.26172]},"firstperson_righthand":{"translation":[3.75,0,0],"scale":[0.35156,0.35156,0.35156]},"firstperson_lefthand":{"translation":[5,0,0],"scale":[0.35156,0.35156,0.35156]},"ground":{"rotation":[-6.34,-42.66,41.57],"scale":[0.41602,0.41602,0.41602]},"gui":{"rotation":[169.32,35,-174.07],"translation":[-0.5,-3.25,0],"scale":[0.51757,0.51757,0.51757]},"head":{"rotation":[-180,0,-180],"translation":[0.75,6.75,2],"scale":[1.55664,1.55664,1.55664]},"fixed":{"translation":[-1.5,6.75,-7.75]}}}