{"credit":"MadewithBlockbench","texture_size":[128,128],"textures":{"0":"elitecreatures:seaturtle_animated_weapon_set/seaturtle_texture_01","1":"elitecreatures:seaturtle_animated_weapon_set/seaturtle_animation_01","2":"elitecreatures:seaturtle_animated_weapon_set/seaturtle_animation_02","3":"elitecreatures:seaturtle_animated_weapon_set/seaturtle_animation_03","particle":"elitecreatures:seaturtle_animated_weapon_set/seaturtle_texture_01"},"elements":[{"from":[7,11,6.5],"to":[9,13,9.5],"rotation":{"angle":0,"axis":"y","origin":[0,4,0]},"faces":{"north":{"uv":[0.75,2.875,1,3.125],"texture":"#0"},"east":{"uv":[1.375,2.75,1,3],"texture":"#0"},"south":{"uv":[0.75,2.875,1,3.125],"texture":"#0"},"west":{"uv":[1,2.75,1.375,3],"texture":"#0"},"up":{"uv":[2.5,1.625,2.75,2],"texture":"#0"},"down":{"uv":[2.5,1.625,2.75,2],"texture":"#0"}}},{"from":[7,2,6.5],"to":[9,4,9.5],"rotation":{"angle":0,"axis":"y","origin":[0,4,0]},"faces":{"north":{"uv":[0.75,2.875,1,3.125],"texture":"#0"},"east":{"uv":[1.375,2.75,1,3],"texture":"#0"},"south":{"uv":[0.75,2.875,1,3.125],"texture":"#0"},"west":{"uv":[1,2.75,1.375,3],"texture":"#0"},"up":{"uv":[2.5,1.625,2.75,2],"texture":"#0"},"down":{"uv":[2.5,1.625,2.75,2],"texture":"#0"}}},{"from":[7,8.9,6.5],"to":[9,10.4,8.5],"rotation":{"angle":0,"axis":"y","origin":[0,4,0]},"faces":{"north":{"uv":[2.75,1.25,3,1.4375],"texture":"#0"},"east":{"uv":[3,1.4375,2.75,1.625],"texture":"#0"},"south":{"uv":[2.75,1.25,3,1.4375],"texture":"#0"},"west":{"uv":[2.75,1.4375,3,1.625],"texture":"#0"},"up":{"uv":[2.75,1.625,3,1.875],"texture":"#0"},"down":{"uv":[2.75,1.875,3,1.625],"texture":"#0"}}},{"from":[7,6.8,6.5],"to":[9,8.3,8.5],"rotation":{"angle":0,"axis":"y","origin":[0,4,0]},"faces":{"north":{"uv":[2.75,1.25,3,1.4375],"texture":"#0"},"east":{"uv":[3,1.4375,2.75,1.625],"texture":"#0"},"south":{"uv":[2.75,1.25,3,1.4375],"texture":"#0"},"west":{"uv":[2.75,1.4375,3,1.625],"texture":"#0"},"up":{"uv":[2.75,1.625,3,1.875],"texture":"#0"},"down":{"uv":[2.75,1.875,3,1.625],"texture":"#0"}}},{"from":[7,4.7,6.5],"to":[9,6.2,8.5],"rotation":{"angle":0,"axis":"y","origin":[0,4,0]},"faces":{"north":{"uv":[2.75,1.25,3,1.4375],"texture":"#0"},"east":{"uv":[3,1.4375,2.75,1.625],"texture":"#0"},"south":{"uv":[2.75,1.25,3,1.4375],"texture":"#0"},"west":{"uv":[2.75,1.4375,3,1.625],"texture":"#0"},"up":{"uv":[2.75,1.625,3,1.875],"texture":"#0"},"down":{"uv":[2.75,1.875,3,1.625],"texture":"#0"}}},{"from":[6.5,12.5,7],"to":[9.5,15,9.5],"rotation":{"angle":45,"axis":"x","origin":[8,14,8]},"faces":{"north":{"uv":[1.3125,3,1.6875,3.3125],"texture":"#0"},"east":{"uv":[1.3125,3,1,3.3125],"texture":"#0"},"south":{"uv":[1.3125,3,1.6875,3.3125],"texture":"#0"},"west":{"uv":[1,3,1.3125,3.3125],"texture":"#0"},"up":{"uv":[1.6875,3,2.0625,3.3125],"texture":"#0"},"down":{"uv":[1.6875,3,2.0625,3.3125],"texture":"#0"}}},{"from":[7.25,11.64645,6],"to":[8.75,15.64645,10],"rotation":{"angle":45,"axis":"x","origin":[8,13.64645,8]},"faces":{"north":{"uv":[2.75,2.25,2.9375,2.75],"texture":"#0"},"east":{"uv":[2.25,2.25,2.75,2.75],"texture":"#0"},"south":{"uv":[2.75,2.25,2.9375,2.75],"texture":"#0"},"west":{"uv":[2.25,2.25,2.75,2.75],"texture":"#0"},"up":{"uv":[2.9375,2.25,3.125,2.75],"texture":"#0"},"down":{"uv":[2.9375,2.25,3.125,2.75],"texture":"#0"}}},{"from":[6,19.5,6],"to":[10,32,10],"rotation":{"angle":0,"axis":"y","origin":[0,2,0]},"faces":{"north":{"uv":[3.125,0,4.6875,0.5],"rotation":90,"texture":"#0"},"east":{"uv":[3.125,0,4.6875,0.5],"rotation":90,"texture":"#0"},"south":{"uv":[3.125,0.5,4.6875,0],"rotation":90,"texture":"#0"},"west":{"uv":[3.125,0,4.6875,0.5],"rotation":90,"texture":"#0"},"up":{"uv":[4.6875,0,5.1875,0.5],"rotation":180,"texture":"#0"},"down":{"uv":[4.6875,0,5.1875,0.5],"rotation":180,"texture":"#0"}}},{"from":[6,-16,6],"to":[10,-3.5,10],"rotation":{"angle":0,"axis":"y","origin":[0,14,0]},"faces":{"north":{"uv":[4.6875,0,3.125,0.5],"rotation":90,"texture":"#0"},"east":{"uv":[4.6875,0,3.125,0.5],"rotation":90,"texture":"#0"},"south":{"uv":[4.6875,0.5,3.125,0],"rotation":90,"texture":"#0"},"west":{"uv":[4.6875,0,3.125,0.5],"rotation":90,"texture":"#0"},"up":{"uv":[4.6875,0.5,5.1875,0],"rotation":180,"texture":"#0"},"down":{"uv":[4.6875,0.5,5.1875,0],"rotation":180,"texture":"#0"}}},{"from":[5.5,18.5,5.5],"to":[10.5,19.5,10.5],"rotation":{"angle":0,"axis":"y","origin":[0,2,0]},"faces":{"north":{"uv":[1.5,1.5,2,1.625],"rotation":180,"texture":"#0"},"east":{"uv":[2.75,0,2.625,0.625],"rotation":270,"texture":"#0"},"south":{"uv":[1.5,1.5,2,1.625],"texture":"#0"},"west":{"uv":[2.625,0,2.75,0.625],"rotation":90,"texture":"#0"},"up":{"uv":[1.5,0,2,0.625],"rotation":180,"texture":"#0"},"down":{"uv":[1.5,0,2,0.625],"texture":"#0"}}},{"from":[6.5,16.5,6.5],"to":[9.5,18.5,9.5],"rotation":{"angle":0,"axis":"y","origin":[0,2,0]},"faces":{"north":{"uv":[0.4375,2.75,0.8125,2.5],"texture":"#0"},"east":{"uv":[1,2.5,0.75,2.875],"rotation":90,"texture":"#0"},"south":{"uv":[0.4375,2.75,0.8125,2.5],"texture":"#0"},"west":{"uv":[1,2.5,0.75,2.875],"rotation":90,"texture":"#0"},"up":{"uv":[0,1.875,0.375,2.25],"rotation":180,"texture":"#0"},"down":{"uv":[0,1.875,0.375,2.25],"texture":"#0"}}},{"from":[6,-16,6],"to":[10,-3.5,10],"rotation":{"angle":0,"axis":"y","origin":[0,14,0]},"faces":{"north":{"uv":[1.5,1.625,2,3.1875],"rotation":180,"texture":"#0"},"east":{"uv":[1,1.375,2.5625,1.875],"rotation":270,"texture":"#0"},"south":{"uv":[0,2.9375,0.5,1.375],"texture":"#0"},"west":{"uv":[1.5625,0,0,0.5],"rotation":90,"texture":"#0"},"up":{"uv":[0,0.5,0.5,0],"texture":"#0"},"down":{"uv":[0,0.5,0.5,0],"rotation":180,"texture":"#0"}}},{"from":[8,-16,6],"to":[8,-10,12],"rotation":{"angle":-45,"axis":"x","origin":[8,-13,14]},"faces":{"north":{"uv":[0,0,0,6],"texture":"#missing"},"east":{"uv":[1.75,14.625,1,15.375],"texture":"#0"},"south":{"uv":[0,0,0,6],"texture":"#missing"},"west":{"uv":[1,14.625,1.75,15.375],"texture":"#0"},"up":{"uv":[0,5,0,0],"texture":"#missing"},"down":{"uv":[0,5,0,0],"texture":"#missing"}}},{"from":[10,10,2.5],"to":[10,19,11],"rotation":{"angle":22.5,"axis":"x","origin":[10,14.5,7.75]},"faces":{"north":{"uv":[0,9,0,0],"texture":"#missing"},"east":{"uv":[2.9375,16,4,14.875],"texture":"#0"},"south":{"uv":[0,9,0,0],"texture":"#missing"},"west":{"uv":[4,16,2.9375,14.875],"texture":"#0"},"up":{"uv":[0,7,0,0],"texture":"#missing"},"down":{"uv":[0,7,0,0],"texture":"#missing"}}},{"from":[5.5,-3.5,5.5],"to":[10.5,-2.5,10.5],"rotation":{"angle":0,"axis":"y","origin":[0,14,0]},"faces":{"north":{"uv":[1.5,1.625,2,1.5],"rotation":180,"texture":"#0"},"east":{"uv":[2.625,0,2.75,0.625],"rotation":270,"texture":"#0"},"south":{"uv":[1.5,1.625,2,1.5],"texture":"#0"},"west":{"uv":[2.75,0,2.625,0.625],"rotation":90,"texture":"#0"},"up":{"uv":[1.5,0.625,2,0],"texture":"#0"},"down":{"uv":[1.5,0.625,2,0],"rotation":180,"texture":"#0"}}},{"from":[6.5,-2.5,6.5],"to":[9.5,-0.5,9.5],"rotation":{"angle":0,"axis":"y","origin":[0,14,0]},"faces":{"north":{"uv":[0.4375,2.5,0.8125,2.75],"texture":"#0"},"east":{"uv":[0.75,2.5,1,2.875],"rotation":90,"texture":"#0"},"south":{"uv":[0.4375,2.5,0.8125,2.75],"texture":"#0"},"west":{"uv":[0.75,2.5,1,2.875],"rotation":90,"texture":"#0"},"up":{"uv":[0,2.25,0.375,1.875],"texture":"#0"},"down":{"uv":[0,2.25,0.375,1.875],"rotation":180,"texture":"#0"}}},{"from":[7.5,11,7],"to":[8.5,21,9],"rotation":{"angle":0,"axis":"y","origin":[0,2,0]},"faces":{"north":{"uv":[3,0,3.125,1.25],"texture":"#0"},"east":{"uv":[2.75,0,3,1.25],"texture":"#0"},"south":{"uv":[3,0,3.125,1.25],"texture":"#0"},"west":{"uv":[2.75,0,3,1.25],"texture":"#0"},"up":{"uv":[3,0,3.125,0.25],"texture":"#0"},"down":{"uv":[3,0,3.125,0.25],"texture":"#0"}}},{"from":[7.5,-8,7],"to":[8.5,2,9],"rotation":{"angle":0,"axis":"y","origin":[0,2,0]},"faces":{"north":{"uv":[3,0,3.125,1.25],"texture":"#0"},"east":{"uv":[2.75,0,3,1.25],"texture":"#0"},"south":{"uv":[3,0,3.125,1.25],"texture":"#0"},"west":{"uv":[2.75,0,3,1.25],"texture":"#0"},"up":{"uv":[3,0,3.125,0.25],"texture":"#0"},"down":{"uv":[3,0,3.125,0.25],"texture":"#0"}}},{"from":[7.2,4,7],"to":[8.8,11,9],"rotation":{"angle":0,"axis":"y","origin":[0,4,0]},"faces":{"north":{"uv":[2.75,0,2.95,0.875],"texture":"#0"},"east":{"uv":[2.75,0,3,0.875],"texture":"#0"},"south":{"uv":[2.75,0,2.95,0.875],"texture":"#0"},"west":{"uv":[2.75,0,3,0.875],"texture":"#0"},"up":{"uv":[2.75,0,2.95,0.25],"texture":"#0"},"down":{"uv":[2.75,0,2.95,0.25],"texture":"#0"}}},{"from":[5.4,14,5],"to":[5.4,25,11],"faces":{"north":{"uv":[0,0,0,11],"texture":"#1"},"east":{"uv":[6,0,0,11],"texture":"#1"},"south":{"uv":[0,0,0,11],"texture":"#1"},"west":{"uv":[0,0,6,11],"texture":"#1"},"up":{"uv":[0,6,0,0],"texture":"#1"},"down":{"uv":[0,0,0,6],"texture":"#1"}}},{"from":[8.7,6,14],"to":[8.7,13,21],"rotation":{"angle":-22.5,"axis":"x","origin":[0,0,0]},"faces":{"north":{"uv":[0,0,0,7],"rotation":180,"texture":"#missing"},"east":{"uv":[4.1875,15.125,5.0625,16],"rotation":270,"texture":"#0"},"south":{"uv":[0,0,0,7],"texture":"#missing"},"west":{"uv":[5.0625,15.125,4.1875,16],"rotation":90,"texture":"#0"},"up":{"uv":[0,0,0,7],"rotation":180,"texture":"#missing"},"down":{"uv":[0,0,0,7],"texture":"#missing"}}},{"from":[6.1,-6,2.5],"to":[6.1,-1,7.5],"rotation":{"angle":-22.5,"axis":"x","origin":[0.3,-1,0]},"faces":{"north":{"uv":[0,0,0,6],"texture":"#missing"},"east":{"uv":[1,15.375,1.625,16],"texture":"#0"},"south":{"uv":[0,0,0,6],"texture":"#missing"},"west":{"uv":[1.625,15.375,1,16],"texture":"#0"},"up":{"uv":[0,0,0,5],"texture":"#missing"},"down":{"uv":[0,0,0,5],"texture":"#missing"}}},{"from":[6.4,-2.5,5],"to":[6.4,3,10],"rotation":{"angle":0,"axis":"y","origin":[0.3,0,0]},"faces":{"east":{"uv":[0,0,10,11],"texture":"#2"},"west":{"uv":[0,0,10,11],"texture":"#2"}}},{"from":[5,-12,8],"to":[5,-8,13],"faces":{"east":{"uv":[9,2,4,6],"texture":"#3"},"west":{"uv":[4,2,9,6],"texture":"#3"}}},{"from":[5,24,1],"to":[5,30,10],"rotation":{"angle":0,"axis":"y","origin":[0,0,16]},"faces":{"east":{"uv":[0,0,9,6],"texture":"#3"},"west":{"uv":[9,0,0,6],"texture":"#3"}}},{"from":[10.2,-3,1],"to":[10.2,3,10],"rotation":{"angle":0,"axis":"y","origin":[16,0,16]},"faces":{"east":{"uv":[0,0,9,6],"texture":"#3"},"west":{"uv":[9,0,0,6],"texture":"#3"}}},{"from":[9.8,-2.5,2.5],"to":[9.8,6.5,10.5],"rotation":{"angle":0,"axis":"y","origin":[0,-1,0]},"faces":{"north":{"uv":[0,0,0,6],"texture":"#missing"},"east":{"uv":[2.8125,14.875,1.8125,16],"texture":"#0"},"south":{"uv":[0,0,0,6],"texture":"#missing"},"west":{"uv":[1.8125,14.875,2.8125,16],"texture":"#0"},"up":{"uv":[0,0,0,5],"texture":"#missing"},"down":{"uv":[0,0,0,5],"texture":"#missing"}}},{"from":[5.7,19.5,4.5],"to":[5.7,27.5,12.5],"rotation":{"angle":0,"axis":"y","origin":[0,-1,0]},"faces":{"north":{"uv":[0,0,0,6],"texture":"#missing"},"east":{"uv":[0,15,1,16],"texture":"#0"},"south":{"uv":[0,0,0,6],"texture":"#missing"},"west":{"uv":[1,15,0,16],"texture":"#0"},"up":{"uv":[0,0,0,5],"texture":"#missing"},"down":{"uv":[0,0,0,5],"texture":"#missing"}}},{"from":[-4,-11,11],"to":[0,-11,15],"rotation":{"angle":22.5,"axis":"z","origin":[4,17.1,19]},"faces":{"north":{"uv":[0,0,4,0],"texture":"#missing"},"east":{"uv":[0,0,4,0],"texture":"#missing"},"south":{"uv":[0,0,4,0],"texture":"#missing"},"west":{"uv":[0.6875,13.5,1.1875,13.5],"texture":"#0"},"up":{"uv":[0,14.8125,0.5,14.3125],"texture":"#0"},"down":{"uv":[0,14.3125,0.5,14.8125],"texture":"#0"}}},{"from":[-6,-10,9],"to":[-2,-10,13],"rotation":{"angle":22.5,"axis":"z","origin":[4,17.1,19]},"faces":{"north":{"uv":[0,0,4,0],"texture":"#missing"},"east":{"uv":[0,0,4,0],"texture":"#missing"},"south":{"uv":[0,0,4,0],"texture":"#missing"},"west":{"uv":[0.6875,13.5,1.1875,13.5],"texture":"#0"},"up":{"uv":[0,14.3125,0.5,14.8125],"texture":"#0"},"down":{"uv":[0,14.3125,0.5,14.8125],"texture":"#0"}}},{"from":[-5,-9,10],"to":[-1,-9,14],"rotation":{"angle":22.5,"axis":"z","origin":[4,17.1,19]},"faces":{"north":{"uv":[0,0,4,0],"texture":"#missing"},"east":{"uv":[0,0,4,0],"texture":"#missing"},"south":{"uv":[0,0,4,0],"texture":"#missing"},"west":{"uv":[0.6875,13.5,1.1875,13.5],"texture":"#0"},"up":{"uv":[0,14.3125,0.5,14.8125],"texture":"#0"},"down":{"uv":[0,14.3125,0.5,14.8125],"texture":"#0"}}},{"from":[-4,-10.8,11],"to":[0,-10.8,15],"rotation":{"angle":22.5,"axis":"z","origin":[4,17.1,19]},"faces":{"north":{"uv":[0,0,4,0],"texture":"#missing"},"east":{"uv":[0,0,4,0],"texture":"#missing"},"south":{"uv":[0,0,4,0],"texture":"#missing"},"west":{"uv":[0.6875,13.5,1.1875,13.5],"texture":"#0"},"up":{"uv":[0,14.8125,0.5,14.3125],"texture":"#0"},"down":{"uv":[0,14.3125,0.5,14.8125],"texture":"#0"}}},{"from":[-6,-9.8,9],"to":[-2,-9.8,13],"rotation":{"angle":22.5,"axis":"z","origin":[4,17.1,19]},"faces":{"north":{"uv":[0,0,4,0],"texture":"#missing"},"east":{"uv":[0,0,4,0],"texture":"#missing"},"south":{"uv":[0,0,4,0],"texture":"#missing"},"west":{"uv":[0.6875,13.5,1.1875,13.5],"texture":"#0"},"up":{"uv":[0,14.3125,0.5,14.8125],"texture":"#0"},"down":{"uv":[0,14.3125,0.5,14.8125],"texture":"#0"}}},{"from":[-5,-8.8,10],"to":[-1,-8.8,14],"rotation":{"angle":22.5,"axis":"z","origin":[4,17.1,19]},"faces":{"north":{"uv":[0,0,4,0],"texture":"#missing"},"east":{"uv":[0,0,4,0],"texture":"#missing"},"south":{"uv":[0,0,4,0],"texture":"#missing"},"west":{"uv":[0.6875,13.5,1.1875,13.5],"texture":"#0"},"up":{"uv":[0,14.3125,0.5,14.8125],"texture":"#0"},"down":{"uv":[0,14.3125,0.5,14.8125],"texture":"#0"}}},{"from":[4,24,2],"to":[9,24,7],"rotation":{"angle":-22.5,"axis":"z","origin":[11.5,18,-3]},"faces":{"north":{"uv":[0.6875,13.5,1.1875,13.5],"texture":"#0"},"east":{"uv":[0,0,4,0],"texture":"#missing"},"south":{"uv":[0,0,4,0],"texture":"#missing"},"west":{"uv":[0,0,4,0],"texture":"#missing"},"up":{"uv":[0,13.625,0.625,14.25],"rotation":90,"texture":"#0"},"down":{"uv":[0,14.25,0.625,13.625],"rotation":270,"texture":"#0"}}},{"from":[4,24.2,2],"to":[9,24.2,7],"rotation":{"angle":-22.5,"axis":"z","origin":[11.5,18,-3]},"faces":{"north":{"uv":[0.6875,13.5,1.1875,13.5],"texture":"#0"},"east":{"uv":[0,0,4,0],"texture":"#missing"},"south":{"uv":[0,0,4,0],"texture":"#missing"},"west":{"uv":[0,0,4,0],"texture":"#missing"},"up":{"uv":[0,13.625,0.625,14.25],"rotation":90,"texture":"#0"},"down":{"uv":[0,14.25,0.625,13.625],"rotation":270,"texture":"#0"}}},{"from":[1,25.2,1],"to":[6,25.2,6],"rotation":{"angle":-22.5,"axis":"z","origin":[11.5,18,-3]},"faces":{"north":{"uv":[0,0,4,0],"texture":"#missing"},"east":{"uv":[0,0,4,0],"texture":"#missing"},"south":{"uv":[0,0,4,0],"texture":"#missing"},"west":{"uv":[0.6875,13.5,1.1875,13.5],"texture":"#0"},"up":{"uv":[0.625,13.625,0,14.25],"texture":"#0"},"down":{"uv":[0.625,14.25,0,13.625],"texture":"#0"}}},{"from":[1,25,1],"to":[6,25,6],"rotation":{"angle":-22.5,"axis":"z","origin":[11.5,18,-3]},"faces":{"north":{"uv":[0,0,4,0],"texture":"#missing"},"east":{"uv":[0,0,4,0],"texture":"#missing"},"south":{"uv":[0,0,4,0],"texture":"#missing"},"west":{"uv":[0.6875,13.5,1.1875,13.5],"texture":"#0"},"up":{"uv":[0.625,13.625,0,14.25],"texture":"#0"},"down":{"uv":[0.625,14.25,0,13.625],"texture":"#0"}}},{"from":[3,23,1],"to":[8,23,6],"rotation":{"angle":-22.5,"axis":"z","origin":[11.5,18,-3]},"faces":{"north":{"uv":[0,0,4,0],"texture":"#missing"},"east":{"uv":[0,0,4,0],"texture":"#missing"},"south":{"uv":[0,0,4,0],"texture":"#missing"},"west":{"uv":[0.6875,13.5,1.1875,13.5],"texture":"#0"},"up":{"uv":[0.625,13.625,0,14.25],"texture":"#0"},"down":{"uv":[0.625,14.25,0,13.625],"texture":"#0"}}},{"from":[17,-8,2],"to":[22,-8,7],"rotation":{"angle":-22.5,"axis":"z","origin":[11.5,18,-3]},"faces":{"north":{"uv":[0,0,4,0],"texture":"#missing"},"east":{"uv":[0,0,4,0],"texture":"#missing"},"south":{"uv":[0,0,4,0],"texture":"#missing"},"west":{"uv":[0.6875,13.5,1.1875,13.5],"texture":"#0"},"up":{"uv":[0.625,13.625,0,14.25],"texture":"#0"},"down":{"uv":[0.625,14.25,0,13.625],"texture":"#0"}}},{"from":[15,-6,1],"to":[20,-6,6],"rotation":{"angle":-22.5,"axis":"z","origin":[11.5,18,-3]},"faces":{"north":{"uv":[0,0,4,0],"texture":"#missing"},"east":{"uv":[0,0,4,0],"texture":"#missing"},"south":{"uv":[0,0,4,0],"texture":"#missing"},"west":{"uv":[0.6875,13.5,1.1875,13.5],"texture":"#0"},"up":{"uv":[0.625,13.625,0,14.25],"texture":"#0"},"down":{"uv":[0.625,14.25,0,13.625],"texture":"#0"}}},{"from":[3,23.2,1],"to":[8,23.2,6],"rotation":{"angle":-22.5,"axis":"z","origin":[11.5,18,-3]},"faces":{"north":{"uv":[0,0,4,0],"texture":"#missing"},"east":{"uv":[0,0,4,0],"texture":"#missing"},"south":{"uv":[0,0,4,0],"texture":"#missing"},"west":{"uv":[0.6875,13.5,1.1875,13.5],"texture":"#0"},"up":{"uv":[0.625,13.625,0,14.25],"texture":"#0"},"down":{"uv":[0.625,14.25,0,13.625],"texture":"#0"}}},{"from":[10.6,14,5],"to":[10.6,25,11],"rotation":{"angle":0,"axis":"y","origin":[16,0,0]},"faces":{"north":{"uv":[0,0,0,11],"texture":"#1"},"east":{"uv":[6,0,0,11],"texture":"#1"},"south":{"uv":[0,0,0,11],"texture":"#1"},"west":{"uv":[0,0,6,11],"texture":"#1"},"up":{"uv":[0,6,0,0],"texture":"#1"},"down":{"uv":[0,0,0,6],"texture":"#1"}}}],"gui_light":"front","display":{"thirdperson_righthand":{"translation":[0,-1.7,1.5],"scale":[0.6,0.6,0.6]},"thirdperson_lefthand":{"translation":[0,-1.7,1.5],"scale":[0.6,0.6,0.6]},"firstperson_righthand":{"rotation":[6,0,0],"translation":[1.75,5.5,2.25],"scale":[0.27344,0.27344,0.27344]},"firstperson_lefthand":{"rotation":[6,0,0],"translation":[1.75,5.5,2.25],"scale":[0.27344,0.27344,0.27344]},"ground":{"rotation":[-45,0,0],"translation":[0,9,0],"scale":[0.4,0.4,0.4]},"gui":{"rotation":[-90,-45,-90],"translation":[0.5,0,-1.5],"scale":[0.37891,0.37891,0.37891]},"head":{"scale":[0,0,0]},"fixed":{"rotation":[-90,-90,-90],"translation":[0,5.25,-2],"scale":[1.3,1.3,1.3]}}}