{"credit":"MadewithBlockbench","texture_size":[128,128],"textures":{"0":"elitecreatures:seaturtle_animated_weapon_set/seaturtle_texture_01","1":"elitecreatures:seaturtle_animated_weapon_set/seaturtle_animation_01","2":"elitecreatures:seaturtle_animated_weapon_set/seaturtle_animation_02","3":"elitecreatures:seaturtle_animated_weapon_set/seaturtle_animation_03","particle":"elitecreatures:seaturtle_animated_weapon_set/seaturtle_texture_01"},"elements":[{"from":[-0.5,9.6,2.5],"to":[8,13.6,14.5],"rotation":{"angle":0,"axis":"y","origin":[16,2.1,15]},"faces":{"north":{"uv":[1.75,6.875,2.8125,6.375],"rotation":180,"texture":"#0"},"east":{"uv":[2.8125,6.375,3.3125,4.875],"rotation":90,"texture":"#0"},"south":{"uv":[2.8125,6.875,1.75,6.375],"rotation":180,"texture":"#0"},"west":{"uv":[2.8125,6.375,3.3125,4.875],"rotation":90,"texture":"#0"},"up":{"uv":[2.8125,6.375,1.75,4.875],"texture":"#0"},"down":{"uv":[2.8125,6.375,1.75,4.875],"texture":"#0"}}},{"from":[6,7.24645,1.25],"to":[10,11.24645,2.75],"rotation":{"angle":-45,"axis":"z","origin":[8,9.24645,8]},"faces":{"north":{"uv":[2.25,2.25,2.75,2.75],"texture":"#0"},"east":{"uv":[2.75,2.25,2.9375,2.75],"texture":"#0"},"south":{"uv":[2.25,2.25,2.75,2.75],"texture":"#0"},"west":{"uv":[2.75,2.25,2.9375,2.75],"texture":"#0"},"up":{"uv":[2.9375,2.25,3.125,2.75],"rotation":270,"texture":"#0"},"down":{"uv":[2.9375,2.25,3.125,2.75],"rotation":90,"texture":"#0"}}},{"from":[7,8.1,0.5],"to":[9.5,10.6,3.5],"rotation":{"angle":-45,"axis":"z","origin":[8,9.6,8]},"faces":{"north":{"uv":[1.3125,3,1,3.3125],"texture":"#0"},"east":{"uv":[1.3125,3,1.6875,3.3125],"texture":"#0"},"south":{"uv":[1,3,1.3125,3.3125],"texture":"#0"},"west":{"uv":[1.3125,3,1.6875,3.3125],"texture":"#0"},"up":{"uv":[1.6875,3,2.0625,3.3125],"rotation":270,"texture":"#0"},"down":{"uv":[1.6875,3,2.0625,3.3125],"rotation":90,"texture":"#0"}}},{"from":[8,9.6,2.5],"to":[16.5,13.6,14.5],"rotation":{"angle":0,"axis":"y","origin":[0,2.1,15]},"faces":{"north":{"uv":[2.8125,6.875,1.75,6.375],"rotation":180,"texture":"#0"},"east":{"uv":[2.8125,4.875,3.3125,6.375],"rotation":90,"texture":"#0"},"south":{"uv":[1.75,6.875,2.8125,6.375],"rotation":180,"texture":"#0"},"west":{"uv":[2.8125,4.875,3.3125,6.375],"rotation":90,"texture":"#0"},"up":{"uv":[1.75,6.375,2.8125,4.875],"texture":"#0"},"down":{"uv":[1.75,6.375,2.8125,4.875],"texture":"#0"}}},{"from":[1.5,13.6,3.5],"to":[14.5,16.6,12.5],"rotation":{"angle":0,"axis":"y","origin":[16,2.1,15]},"faces":{"north":{"uv":[1.75,4.5,3.375,4.875],"texture":"#0"},"east":{"uv":[3.375,3.375,3.75,4.5],"rotation":90,"texture":"#0"},"south":{"uv":[1.75,4.5,3.375,4.875],"texture":"#0"},"west":{"uv":[3.375,3.375,3.75,4.5],"rotation":90,"texture":"#0"},"up":{"uv":[1.75,3.375,3.375,4.5],"texture":"#0"},"down":{"uv":[1.75,3.375,3.375,4.5],"texture":"#0"}}},{"from":[10,16.6,7],"to":[15,22.1,7],"rotation":{"angle":22.5,"axis":"y","origin":[10.5,20.85,11]},"faces":{"north":{"uv":[0,0,10,11],"texture":"#2"},"south":{"uv":[0,0,10,11],"texture":"#2"}}},{"from":[-1,8.1,2],"to":[8,9.6,15],"rotation":{"angle":0,"axis":"y","origin":[16,2.1,15]},"faces":{"north":{"uv":[2.25,2.75,3.375,2.9375],"texture":"#0"},"east":{"uv":[3.5,4.875,3.3125,6.5],"rotation":270,"texture":"#0"},"south":{"uv":[2.25,2.75,3.375,2.9375],"texture":"#0"},"west":{"uv":[3.5,4.875,3.3125,6.5],"rotation":270,"texture":"#0"},"up":{"uv":[0.5,4.5,1.625,6.125],"texture":"#0"},"down":{"uv":[2.625,0,1.5,1.625],"rotation":180,"texture":"#0"}}},{"from":[10,12.6,1],"to":[19,18.6,1],"rotation":{"angle":0,"axis":"y","origin":[-16,0.6,0]},"faces":{"north":{"uv":[9,0,0,6],"texture":"#3"},"south":{"uv":[0,0,9,6],"texture":"#3"}}},{"from":[-1,21.6,8],"to":[8,27.6,8],"rotation":{"angle":0,"axis":"y","origin":[32,0.6,0]},"faces":{"north":{"uv":[0,0,9,6],"texture":"#3"},"south":{"uv":[9,0,0,6],"texture":"#3"}}},{"from":[11.5,12.6,10],"to":[20,21.6,10],"rotation":{"angle":0,"axis":"y","origin":[16,-0.4,0]},"faces":{"north":{"uv":[2.9375,14.875,4,16],"texture":"#0"},"east":{"uv":[0,0,0,9],"texture":"#missing"},"south":{"uv":[4,14.875,2.9375,16],"texture":"#0"},"west":{"uv":[0,0,0,9],"texture":"#missing"},"up":{"uv":[0,7,0,0],"rotation":90,"texture":"#missing"},"down":{"uv":[0,7,0,0],"rotation":270,"texture":"#missing"}}},{"from":[11.5,14.6,5.2],"to":[16.5,19.6,5.2],"rotation":{"angle":0,"axis":"y","origin":[0,-4.4,0]},"faces":{"north":{"uv":[1,15.375,1.625,16],"texture":"#0"},"east":{"uv":[0,0,0,6],"texture":"#missing"},"south":{"uv":[1.625,15.375,1,16],"texture":"#0"},"west":{"uv":[0,0,0,6],"texture":"#missing"},"up":{"uv":[0,0,0,5],"rotation":90,"texture":"#missing"},"down":{"uv":[0,0,0,5],"rotation":270,"texture":"#missing"}}},{"from":[6.5,13.6,6],"to":[11.5,18.6,6],"rotation":{"angle":0,"axis":"y","origin":[0,-4.4,0]},"faces":{"north":{"uv":[1,15.375,1.625,16],"texture":"#0"},"east":{"uv":[0,0,0,6],"texture":"#missing"},"south":{"uv":[1.625,15.375,1,16],"texture":"#0"},"west":{"uv":[0,0,0,6],"texture":"#missing"},"up":{"uv":[0,0,0,5],"rotation":90,"texture":"#missing"},"down":{"uv":[0,0,0,5],"rotation":270,"texture":"#missing"}}},{"from":[6.5,15.6,7.5],"to":[11.5,20.6,7.5],"rotation":{"angle":0,"axis":"y","origin":[16,-4.4,0]},"faces":{"north":{"uv":[1.625,15.375,1,16],"texture":"#0"},"east":{"uv":[0,0,0,6],"texture":"#missing"},"south":{"uv":[1,15.375,1.625,16],"texture":"#0"},"west":{"uv":[0,0,0,6],"texture":"#missing"},"up":{"uv":[0,5,0,0],"rotation":90,"texture":"#missing"},"down":{"uv":[0,5,0,0],"rotation":270,"texture":"#missing"}}},{"from":[16.5,14.6,3.5],"to":[21.5,14.6,8.5],"rotation":{"angle":-22.5,"axis":"z","origin":[4.5,14.6,22]},"faces":{"north":{"uv":[0,0,4,0],"texture":"#missing"},"east":{"uv":[0.6875,13.5,1.1875,13.5],"texture":"#0"},"south":{"uv":[0,0,4,0],"texture":"#missing"},"west":{"uv":[0,0,4,0],"texture":"#missing"},"up":{"uv":[0,13.625,0.625,14.25],"rotation":180,"texture":"#0"},"down":{"uv":[0,14.25,0.625,13.625],"rotation":180,"texture":"#0"}}},{"from":[16.5,14.8,3.5],"to":[21.5,14.8,8.5],"rotation":{"angle":-22.5,"axis":"z","origin":[4.5,14.6,22]},"faces":{"north":{"uv":[0,0,4,0],"texture":"#missing"},"east":{"uv":[0.6875,13.5,1.1875,13.5],"texture":"#0"},"south":{"uv":[0,0,4,0],"texture":"#missing"},"west":{"uv":[0,0,4,0],"texture":"#missing"},"up":{"uv":[0,13.625,0.625,14.25],"rotation":180,"texture":"#0"},"down":{"uv":[0,14.25,0.625,13.625],"rotation":180,"texture":"#0"}}},{"from":[-4,15.6,3],"to":[0,15.6,7],"rotation":{"angle":22.5,"axis":"z","origin":[12,13.7,19]},"faces":{"north":{"uv":[1.1875,13.5,0.6875,13.5],"texture":"#0"},"east":{"uv":[4,0,0,0],"texture":"#missing"},"south":{"uv":[4,0,0,0],"texture":"#missing"},"west":{"uv":[4,0,0,0],"texture":"#missing"},"up":{"uv":[0,14.8125,0.5,14.3125],"rotation":90,"texture":"#0"},"down":{"uv":[0,14.8125,0.5,14.3125],"rotation":270,"texture":"#0"}}},{"from":[-4,15.8,3],"to":[0,15.8,7],"rotation":{"angle":22.5,"axis":"z","origin":[12,13.7,19]},"faces":{"north":{"uv":[1.1875,13.5,0.6875,13.5],"texture":"#0"},"east":{"uv":[4,0,0,0],"texture":"#missing"},"south":{"uv":[4,0,0,0],"texture":"#missing"},"west":{"uv":[4,0,0,0],"texture":"#missing"},"up":{"uv":[0,14.8125,0.5,14.3125],"rotation":90,"texture":"#0"},"down":{"uv":[0,14.8125,0.5,14.3125],"rotation":270,"texture":"#0"}}},{"from":[-3,17.6,5],"to":[1,17.6,9],"rotation":{"angle":22.5,"axis":"z","origin":[12,13.7,19]},"faces":{"north":{"uv":[1.1875,13.5,0.6875,13.5],"texture":"#0"},"east":{"uv":[4,0,0,0],"texture":"#missing"},"south":{"uv":[4,0,0,0],"texture":"#missing"},"west":{"uv":[4,0,0,0],"texture":"#missing"},"up":{"uv":[0,14.8125,0.5,14.3125],"rotation":90,"texture":"#0"},"down":{"uv":[0,14.8125,0.5,14.3125],"rotation":270,"texture":"#0"}}},{"from":[-3,17.8,5],"to":[1,17.8,9],"rotation":{"angle":22.5,"axis":"z","origin":[12,13.7,19]},"faces":{"north":{"uv":[1.1875,13.5,0.6875,13.5],"texture":"#0"},"east":{"uv":[4,0,0,0],"texture":"#missing"},"south":{"uv":[4,0,0,0],"texture":"#missing"},"west":{"uv":[4,0,0,0],"texture":"#missing"},"up":{"uv":[0,14.8125,0.5,14.3125],"rotation":90,"texture":"#0"},"down":{"uv":[0,14.8125,0.5,14.3125],"rotation":270,"texture":"#0"}}},{"from":[15,17.8,8],"to":[19,17.8,12],"rotation":{"angle":-22.5,"axis":"z","origin":[4,13.7,-3]},"faces":{"north":{"uv":[4,0,0,0],"texture":"#missing"},"east":{"uv":[4,0,0,0],"texture":"#missing"},"south":{"uv":[1.1875,13.5,0.6875,13.5],"texture":"#0"},"west":{"uv":[4,0,0,0],"texture":"#missing"},"up":{"uv":[0.5,14.3125,0,14.8125],"rotation":90,"texture":"#0"},"down":{"uv":[0.5,14.3125,0,14.8125],"rotation":270,"texture":"#0"}}},{"from":[15,17.6,8],"to":[19,17.6,12],"rotation":{"angle":-22.5,"axis":"z","origin":[4,13.7,-3]},"faces":{"north":{"uv":[4,0,0,0],"texture":"#missing"},"east":{"uv":[4,0,0,0],"texture":"#missing"},"south":{"uv":[1.1875,13.5,0.6875,13.5],"texture":"#0"},"west":{"uv":[4,0,0,0],"texture":"#missing"},"up":{"uv":[0.5,14.3125,0,14.8125],"rotation":90,"texture":"#0"},"down":{"uv":[0.5,14.3125,0,14.8125],"rotation":270,"texture":"#0"}}},{"from":[16,15.8,10],"to":[20,15.8,14],"rotation":{"angle":-22.5,"axis":"z","origin":[4,13.7,-3]},"faces":{"north":{"uv":[4,0,0,0],"texture":"#missing"},"east":{"uv":[4,0,0,0],"texture":"#missing"},"south":{"uv":[1.1875,13.5,0.6875,13.5],"texture":"#0"},"west":{"uv":[4,0,0,0],"texture":"#missing"},"up":{"uv":[0.5,14.3125,0,14.8125],"rotation":90,"texture":"#0"},"down":{"uv":[0.5,14.3125,0,14.8125],"rotation":270,"texture":"#0"}}},{"from":[16,15.6,10],"to":[20,15.6,14],"rotation":{"angle":-22.5,"axis":"z","origin":[4,13.7,-3]},"faces":{"north":{"uv":[4,0,0,0],"texture":"#missing"},"east":{"uv":[4,0,0,0],"texture":"#missing"},"south":{"uv":[1.1875,13.5,0.6875,13.5],"texture":"#0"},"west":{"uv":[4,0,0,0],"texture":"#missing"},"up":{"uv":[0.5,14.3125,0,14.8125],"rotation":90,"texture":"#0"},"down":{"uv":[0.5,14.3125,0,14.8125],"rotation":270,"texture":"#0"}}},{"from":[-3,16.8,7],"to":[1,16.8,11],"rotation":{"angle":22.5,"axis":"z","origin":[12,13.7,19]},"faces":{"north":{"uv":[1.1875,13.5,0.6875,13.5],"texture":"#0"},"east":{"uv":[4,0,0,0],"texture":"#missing"},"south":{"uv":[4,0,0,0],"texture":"#missing"},"west":{"uv":[4,0,0,0],"texture":"#missing"},"up":{"uv":[0,14.8125,0.5,14.3125],"rotation":90,"texture":"#0"},"down":{"uv":[0,14.8125,0.5,14.3125],"rotation":270,"texture":"#0"}}},{"from":[0,16.7,6.9],"to":[4,20.7,6.9],"rotation":{"angle":0,"axis":"y","origin":[12,13.7,19]},"faces":{"north":{"uv":[0,14.8125,0.5,14.3125],"rotation":180,"texture":"#0"},"east":{"uv":[4,0,0,0],"rotation":90,"texture":"#missing"},"south":{"uv":[0,14.8125,0.5,14.3125],"texture":"#0"},"west":{"uv":[1.1875,13.5,0.6875,13.5],"rotation":270,"texture":"#0"},"up":{"uv":[4,0,0,0],"texture":"#missing"},"down":{"uv":[4,0,0,0],"rotation":180,"texture":"#missing"}}},{"from":[-2,14.7,5.9],"to":[2,18.7,5.9],"rotation":{"angle":0,"axis":"y","origin":[12,13.7,19]},"faces":{"north":{"uv":[0,14.8125,0.5,14.3125],"rotation":180,"texture":"#0"},"east":{"uv":[4,0,0,0],"rotation":90,"texture":"#missing"},"south":{"uv":[0,14.8125,0.5,14.3125],"texture":"#0"},"west":{"uv":[1.1875,13.5,0.6875,13.5],"rotation":270,"texture":"#0"},"up":{"uv":[4,0,0,0],"texture":"#missing"},"down":{"uv":[4,0,0,0],"rotation":180,"texture":"#missing"}}},{"from":[-3,16.6,7],"to":[1,16.6,11],"rotation":{"angle":22.5,"axis":"z","origin":[12,13.7,19]},"faces":{"north":{"uv":[1.1875,13.5,0.6875,13.5],"texture":"#0"},"east":{"uv":[4,0,0,0],"texture":"#missing"},"south":{"uv":[4,0,0,0],"texture":"#missing"},"west":{"uv":[4,0,0,0],"texture":"#missing"},"up":{"uv":[0,14.8125,0.5,14.3125],"rotation":90,"texture":"#0"},"down":{"uv":[0,14.8125,0.5,14.3125],"rotation":270,"texture":"#0"}}},{"from":[15.5,15.6,-0.5],"to":[20.5,15.6,4.5],"rotation":{"angle":-22.5,"axis":"z","origin":[4.5,14.6,-6]},"faces":{"north":{"uv":[4,0,0,0],"texture":"#missing"},"east":{"uv":[1.1875,13.5,0.6875,13.5],"texture":"#0"},"south":{"uv":[4,0,0,0],"texture":"#missing"},"west":{"uv":[4,0,0,0],"texture":"#missing"},"up":{"uv":[0,14.25,0.625,13.625],"rotation":180,"texture":"#0"},"down":{"uv":[0,13.625,0.625,14.25],"rotation":180,"texture":"#0"}}},{"from":[15.5,15.8,-0.5],"to":[20.5,15.8,4.5],"rotation":{"angle":-22.5,"axis":"z","origin":[4.5,14.6,-6]},"faces":{"north":{"uv":[4,0,0,0],"texture":"#missing"},"east":{"uv":[1.1875,13.5,0.6875,13.5],"texture":"#0"},"south":{"uv":[4,0,0,0],"texture":"#missing"},"west":{"uv":[4,0,0,0],"texture":"#missing"},"up":{"uv":[0,14.25,0.625,13.625],"rotation":180,"texture":"#0"},"down":{"uv":[0,13.625,0.625,14.25],"rotation":180,"texture":"#0"}}},{"from":[-4.5,17.6,10.5],"to":[0.5,17.6,15.5],"rotation":{"angle":22.5,"axis":"z","origin":[11.5,14.6,-6]},"faces":{"north":{"uv":[0,0,4,0],"texture":"#missing"},"east":{"uv":[0,0,4,0],"texture":"#missing"},"south":{"uv":[0,0,4,0],"texture":"#missing"},"west":{"uv":[0.6875,13.5,1.1875,13.5],"texture":"#0"},"up":{"uv":[0.625,14.25,0,13.625],"rotation":180,"texture":"#0"},"down":{"uv":[0.625,13.625,0,14.25],"rotation":180,"texture":"#0"}}},{"from":[-4.5,17.4,10.5],"to":[0.5,17.4,15.5],"rotation":{"angle":22.5,"axis":"z","origin":[11.5,14.6,-6]},"faces":{"north":{"uv":[0,0,4,0],"texture":"#missing"},"east":{"uv":[0,0,4,0],"texture":"#missing"},"south":{"uv":[0,0,4,0],"texture":"#missing"},"west":{"uv":[0.6875,13.5,1.1875,13.5],"texture":"#0"},"up":{"uv":[0.625,14.25,0,13.625],"rotation":180,"texture":"#0"},"down":{"uv":[0.625,13.625,0,14.25],"rotation":180,"texture":"#0"}}},{"from":[-6,15.6,8],"to":[-1,15.6,13],"rotation":{"angle":22.5,"axis":"z","origin":[11.5,14.6,-6]},"faces":{"north":{"uv":[0,0,4,0],"texture":"#missing"},"east":{"uv":[0,0,4,0],"texture":"#missing"},"south":{"uv":[0.6875,13.5,1.1875,13.5],"texture":"#0"},"west":{"uv":[0,0,4,0],"texture":"#missing"},"up":{"uv":[0.625,14.25,0,13.625],"rotation":90,"texture":"#0"},"down":{"uv":[0.625,13.625,0,14.25],"rotation":270,"texture":"#0"}}},{"from":[-6,15.4,8],"to":[-1,15.4,13],"rotation":{"angle":22.5,"axis":"z","origin":[11.5,14.6,-6]},"faces":{"north":{"uv":[0,0,4,0],"texture":"#missing"},"east":{"uv":[0,0,4,0],"texture":"#missing"},"south":{"uv":[0.6875,13.5,1.1875,13.5],"texture":"#0"},"west":{"uv":[0,0,4,0],"texture":"#missing"},"up":{"uv":[0.625,14.25,0,13.625],"rotation":90,"texture":"#0"},"down":{"uv":[0.625,13.625,0,14.25],"rotation":270,"texture":"#0"}}},{"from":[16.2,16.6,1.5],"to":[21.2,16.6,6.5],"rotation":{"angle":-22.5,"axis":"z","origin":[4.5,14.6,-6]},"faces":{"north":{"uv":[4,0,0,0],"texture":"#missing"},"east":{"uv":[4,0,0,0],"texture":"#missing"},"south":{"uv":[1.1875,13.5,0.6875,13.5],"texture":"#0"},"west":{"uv":[4,0,0,0],"texture":"#missing"},"up":{"uv":[0,13.625,0.625,14.25],"rotation":90,"texture":"#0"},"down":{"uv":[0,14.25,0.625,13.625],"rotation":270,"texture":"#0"}}},{"from":[16.2,16.8,1.5],"to":[21.2,16.8,6.5],"rotation":{"angle":-22.5,"axis":"z","origin":[4.5,14.6,-6]},"faces":{"north":{"uv":[4,0,0,0],"texture":"#missing"},"east":{"uv":[4,0,0,0],"texture":"#missing"},"south":{"uv":[1.1875,13.5,0.6875,13.5],"texture":"#0"},"west":{"uv":[4,0,0,0],"texture":"#missing"},"up":{"uv":[0,13.625,0.625,14.25],"rotation":90,"texture":"#0"},"down":{"uv":[0,14.25,0.625,13.625],"rotation":270,"texture":"#0"}}},{"from":[8,8.1,2],"to":[17,9.6,15],"rotation":{"angle":0,"axis":"y","origin":[0,2.1,15]},"faces":{"north":{"uv":[3.375,2.75,2.25,2.9375],"texture":"#0"},"east":{"uv":[3.5,6.5,3.3125,4.875],"rotation":270,"texture":"#0"},"south":{"uv":[3.375,2.75,2.25,2.9375],"texture":"#0"},"west":{"uv":[3.5,6.5,3.3125,4.875],"rotation":270,"texture":"#0"},"up":{"uv":[1.625,4.5,0.5,6.125],"texture":"#0"},"down":{"uv":[1.5,0,2.625,1.625],"rotation":180,"texture":"#0"}}},{"from":[1,2.6,2],"to":[15,4.1,14],"rotation":{"angle":0,"axis":"y","origin":[16,2.1,15]},"faces":{"north":{"uv":[3.75,3.5,5.5,3.6875],"texture":"#0"},"east":{"uv":[5.6875,2,5.5,3.5],"rotation":270,"texture":"#0"},"south":{"uv":[3.75,3.5,5.5,3.6875],"texture":"#0"},"west":{"uv":[5.6875,2,5.5,3.5],"rotation":270,"texture":"#0"},"up":{"uv":[3.75,2,5.5,3.5],"texture":"#0"},"down":{"uv":[3.75,2,5.5,3.5],"texture":"#0"}}},{"from":[5,10.1,-0.4],"to":[11,21.1,-0.4],"rotation":{"angle":0,"axis":"y","origin":[0,-3.4,0]},"faces":{"north":{"uv":[0,0,6,11],"texture":"#1"},"east":{"uv":[0,0,0,11],"texture":"#1"},"south":{"uv":[6,0,0,11],"texture":"#1"},"west":{"uv":[0,0,0,11],"texture":"#1"},"up":{"uv":[0,6,0,0],"rotation":90,"texture":"#1"},"down":{"uv":[0,0,0,6],"rotation":270,"texture":"#1"}}},{"from":[11,18.1,9.6],"to":[17,29.1,9.6],"rotation":{"angle":0,"axis":"y","origin":[0,-3.4,0]},"faces":{"north":{"uv":[6,0,0,11],"texture":"#1"},"east":{"uv":[0,0,0,11],"texture":"#1"},"south":{"uv":[0,0,6,11],"texture":"#1"},"west":{"uv":[0,0,0,11],"texture":"#1"},"up":{"uv":[0,6,0,0],"rotation":90,"texture":"#1"},"down":{"uv":[0,0,0,6],"rotation":270,"texture":"#1"}}},{"from":[-0.5,2.1,2.5],"to":[1.5,8.1,5.5],"rotation":{"angle":22.5,"axis":"z","origin":[-0.5,8.6,8.5]},"faces":{"north":{"uv":[3.625,2.0625,3.375,2.8125],"texture":"#0"},"east":{"uv":[3.125,0,2.75,0.75],"texture":"#0"},"south":{"uv":[3.625,2.0625,3.375,2.8125],"texture":"#0"},"west":{"uv":[3.125,0,2.75,0.75],"texture":"#0"},"up":{"uv":[3.25,0,3,0.375],"texture":"#0"},"down":{"uv":[3.25,0,3,0.375],"texture":"#0"}}},{"from":[-0.5,2.1,10.5],"to":[1.5,8.1,13.5],"rotation":{"angle":22.5,"axis":"z","origin":[-0.5,8.6,7.5]},"faces":{"north":{"uv":[3.375,2.0625,3.625,2.8125],"texture":"#0"},"east":{"uv":[2.75,0,3.125,0.75],"texture":"#0"},"south":{"uv":[3.375,2.0625,3.625,2.8125],"texture":"#0"},"west":{"uv":[2.75,0,3.125,0.75],"texture":"#0"},"up":{"uv":[3.25,0.375,3,0],"texture":"#0"},"down":{"uv":[3.25,0.375,3,0],"texture":"#0"}}},{"from":[14.5,2.1,10.5],"to":[16.5,8.1,13.5],"rotation":{"angle":-22.5,"axis":"z","origin":[16.5,8.6,7.5]},"faces":{"north":{"uv":[3.625,2.0625,3.375,2.8125],"texture":"#0"},"east":{"uv":[3.125,0,2.75,0.75],"texture":"#0"},"south":{"uv":[3.625,2.0625,3.375,2.8125],"texture":"#0"},"west":{"uv":[3.125,0,2.75,0.75],"texture":"#0"},"up":{"uv":[3,0.375,3.25,0],"texture":"#0"},"down":{"uv":[3,0.375,3.25,0],"texture":"#0"}}},{"from":[14.5,2.1,2.5],"to":[16.5,8.1,5.5],"rotation":{"angle":-22.5,"axis":"z","origin":[16.5,8.6,8.5]},"faces":{"north":{"uv":[3.375,2.0625,3.625,2.8125],"texture":"#0"},"east":{"uv":[2.75,0,3.125,0.75],"texture":"#0"},"south":{"uv":[3.375,2.0625,3.625,2.8125],"texture":"#0"},"west":{"uv":[2.75,0,3.125,0.75],"texture":"#0"},"up":{"uv":[3,0,3.25,0.375],"texture":"#0"},"down":{"uv":[3,0,3.25,0.375],"texture":"#0"}}},{"from":[-0.5,1.1,2.5],"to":[1.5,4.1,5.5],"rotation":{"angle":-22.5,"axis":"z","origin":[-0.5,-3.4,8.5]},"faces":{"north":{"uv":[3.75,3.375,3.5,3],"texture":"#0"},"east":{"uv":[3.5,3.375,3.125,3],"texture":"#0"},"south":{"uv":[3.75,3.375,3.5,3],"texture":"#0"},"west":{"uv":[3.5,3.375,3.125,3],"texture":"#0"},"up":{"uv":[3.125,3.375,2.875,3],"texture":"#0"},"down":{"uv":[3.125,3.375,2.875,3],"texture":"#0"}}},{"from":[-0.5,1.1,10.5],"to":[1.5,4.1,13.5],"rotation":{"angle":-22.5,"axis":"z","origin":[-0.5,-3.4,7.5]},"faces":{"north":{"uv":[3.5,3.375,3.75,3],"texture":"#0"},"east":{"uv":[3.125,3.375,3.5,3],"texture":"#0"},"south":{"uv":[3.5,3.375,3.75,3],"texture":"#0"},"west":{"uv":[3.125,3.375,3.5,3],"texture":"#0"},"up":{"uv":[3.125,3,2.875,3.375],"texture":"#0"},"down":{"uv":[3.125,3,2.875,3.375],"texture":"#0"}}},{"from":[14.5,1.1,10.5],"to":[16.5,4.1,13.5],"rotation":{"angle":22.5,"axis":"z","origin":[16.5,-3.4,7.5]},"faces":{"north":{"uv":[3.75,3.375,3.5,3],"texture":"#0"},"east":{"uv":[3.5,3.375,3.125,3],"texture":"#0"},"south":{"uv":[3.75,3.375,3.5,3],"texture":"#0"},"west":{"uv":[3.5,3.375,3.125,3],"texture":"#0"},"up":{"uv":[2.875,3,3.125,3.375],"texture":"#0"},"down":{"uv":[2.875,3,3.125,3.375],"texture":"#0"}}},{"from":[14.5,1.1,2.5],"to":[16.5,4.1,5.5],"rotation":{"angle":22.5,"axis":"z","origin":[16.5,-3.4,8.5]},"faces":{"north":{"uv":[3.5,3.375,3.75,3],"texture":"#0"},"east":{"uv":[3.125,3.375,3.5,3],"texture":"#0"},"south":{"uv":[3.5,3.375,3.75,3],"texture":"#0"},"west":{"uv":[3.125,3.375,3.5,3],"texture":"#0"},"up":{"uv":[2.875,3.375,3.125,3],"texture":"#0"},"down":{"uv":[2.875,3.375,3.125,3],"texture":"#0"}}},{"from":[1.9,3.1,13],"to":[14.1,8.1,13],"rotation":{"angle":0,"axis":"y","origin":[0,1.1,16]},"faces":{"north":{"uv":[5.25,3.6875,3.75,4.3125],"texture":"#0"},"east":{"uv":[0,0,0,0.625],"texture":"#missing"},"south":{"uv":[5.25,3.6875,3.75,4.3125],"texture":"#0"},"west":{"uv":[0,0,0,0.625],"texture":"#missing"},"up":{"uv":[0,0,1.5,0],"texture":"#missing"},"down":{"uv":[0,0,1.5,0],"texture":"#missing"}}},{"from":[1.9,3.1,3],"to":[14.1,8.1,3],"rotation":{"angle":0,"axis":"y","origin":[0,1.1,0]},"faces":{"north":{"uv":[3.75,3.6875,5.25,4.3125],"texture":"#0"},"east":{"uv":[0,0,0,0.625],"texture":"#missing"},"south":{"uv":[3.75,3.6875,5.25,4.3125],"texture":"#0"},"west":{"uv":[0,0,0,0.625],"texture":"#missing"},"up":{"uv":[0,0,1.5,0],"texture":"#missing"},"down":{"uv":[0,0,1.5,0],"texture":"#missing"}}},{"from":[3,3.1,5.5],"to":[3,9.1,11.5],"rotation":{"angle":22.5,"axis":"z","origin":[3,4.1,8.5]},"faces":{"north":{"uv":[1.5,0,1.5,0.75],"texture":"#missing"},"east":{"uv":[3.75,4.3125,4.5,5.0625],"texture":"#0"},"south":{"uv":[1.5,0,1.5,0.75],"texture":"#missing"},"west":{"uv":[3.75,4.3125,4.5,5.0625],"texture":"#0"},"up":{"uv":[0,0,0,0.75],"texture":"#missing"},"down":{"uv":[0,0,0,0.75],"texture":"#missing"}}},{"from":[13,3.1,5.5],"to":[13,9.1,11.5],"rotation":{"angle":-22.5,"axis":"z","origin":[13,4.1,8.5]},"faces":{"north":{"uv":[1.5,0,1.5,0.75],"texture":"#missing"},"east":{"uv":[4.5,4.3125,3.75,5.0625],"texture":"#0"},"south":{"uv":[1.5,0,1.5,0.75],"texture":"#missing"},"west":{"uv":[4.5,4.3125,3.75,5.0625],"texture":"#0"},"up":{"uv":[0,0,0,0.75],"texture":"#missing"},"down":{"uv":[0,0,0,0.75],"texture":"#missing"}}},{"from":[2,17.4,10],"to":[10,25.4,10],"rotation":{"angle":22.5,"axis":"z","origin":[7.3,6.6,9.5]},"faces":{"north":{"uv":[1,15,0,16],"texture":"#0"},"east":{"uv":[0,0,0,6],"texture":"#missing"},"south":{"uv":[0,15,1,16],"texture":"#0"},"west":{"uv":[0,0,0,6],"texture":"#missing"},"up":{"uv":[0,5,0,0],"rotation":90,"texture":"#missing"},"down":{"uv":[0,5,0,0],"rotation":270,"texture":"#missing"}}},{"from":[1,16.6,11.5],"to":[9,24.6,11.5],"rotation":{"angle":0,"axis":"y","origin":[8.7,6.6,9.5]},"faces":{"north":{"uv":[0,15,1,16],"texture":"#0"},"east":{"uv":[0,0,0,6],"texture":"#missing"},"south":{"uv":[1,15,0,16],"texture":"#0"},"west":{"uv":[0,0,0,6],"texture":"#missing"},"up":{"uv":[0,0,0,5],"rotation":90,"texture":"#missing"},"down":{"uv":[0,0,0,5],"rotation":270,"texture":"#missing"}}},{"from":[0.8,16.6,8.5],"to":[7.8,23.6,8.5],"rotation":{"angle":0,"axis":"y","origin":[8.3,6.1,5.5]},"faces":{"north":{"uv":[5.0625,15.125,4.1875,16],"texture":"#0"},"east":{"uv":[0,0,0,7],"texture":"#missing"},"south":{"uv":[4.1875,15.125,5.0625,16],"texture":"#0"},"west":{"uv":[0,0,0,7],"texture":"#missing"},"up":{"uv":[0,7,0,0],"rotation":90,"texture":"#missing"},"down":{"uv":[0,7,0,0],"rotation":270,"texture":"#missing"}}},{"from":[-2,13.6,3],"to":[4,19.6,3],"rotation":{"angle":0,"axis":"y","origin":[8,29.6,8]},"faces":{"north":{"uv":[1.75,15.375,1,14.625],"texture":"#0"},"east":{"uv":[0,6,0,0],"texture":"#missing"},"south":{"uv":[1,15.375,1.75,14.625],"texture":"#0"},"west":{"uv":[0,6,0,0],"texture":"#missing"},"up":{"uv":[0,0,0,5],"rotation":270,"texture":"#missing"},"down":{"uv":[0,0,0,5],"rotation":90,"texture":"#missing"}}},{"from":[-5,19.6,5],"to":[1,25.6,5],"rotation":{"angle":22.5,"axis":"z","origin":[8,29.6,8]},"faces":{"north":{"uv":[1.75,15.375,1,14.625],"texture":"#0"},"east":{"uv":[0,6,0,0],"texture":"#missing"},"south":{"uv":[1,15.375,1.75,14.625],"texture":"#0"},"west":{"uv":[0,6,0,0],"texture":"#missing"},"up":{"uv":[0,0,0,5],"rotation":270,"texture":"#missing"},"down":{"uv":[0,0,0,5],"rotation":90,"texture":"#missing"}}},{"from":[0.5,20.1,11.6],"to":[8.5,29.1,11.6],"rotation":{"angle":-22.5,"axis":"z","origin":[0,-4.4,16]},"faces":{"north":{"uv":[2.8125,14.875,1.8125,16],"texture":"#0"},"east":{"uv":[0,0,0,6],"texture":"#missing"},"south":{"uv":[1.8125,14.875,2.8125,16],"texture":"#0"},"west":{"uv":[0,0,0,6],"texture":"#missing"},"up":{"uv":[0,5,0,0],"rotation":90,"texture":"#missing"},"down":{"uv":[0,5,0,0],"rotation":270,"texture":"#missing"}}},{"from":[-2,6.6,0],"to":[3,10.6,0],"rotation":{"angle":0,"axis":"y","origin":[16,0.6,16]},"faces":{"north":{"uv":[4,2,9,6],"texture":"#3"},"south":{"uv":[9,2,4,6],"texture":"#3"}}}],"gui_light":"front","display":{"thirdperson_righthand":{"rotation":[67.5,0,0],"translation":[0,2,0],"scale":[0.33164,0.33164,0.33164]},"thirdperson_lefthand":{"rotation":[67.5,0,0],"translation":[0,2,0],"scale":[0.33164,0.33164,0.33164]},"firstperson_righthand":{"translation":[1.25,2.5,0.5],"scale":[0.4,0.4,0.4]},"firstperson_lefthand":{"translation":[1.25,2.5,0.5],"scale":[0.4,0.4,0.4]},"ground":{"translation":[0,6,0],"scale":[0.55,0.55,0.55]},"gui":{"rotation":[30,135,0],"translation":[0,-1.75,-1.5],"scale":[0.5,0.5,0.5]},"head":{"rotation":[0,180,0],"translation":[0,-30.4,0],"scale":[1.6,1.6,1.6]},"fixed":{"rotation":[-90,0,0],"translation":[0,-0.75,-16],"scale":[2,2,2]}}}