{"credit":"MadewithBlockbench","texture_size":[128,128],"textures":{"0":"elitecreatures:seaturtle_animated_weapon_set/seaturtle_texture_01","1":"elitecreatures:seaturtle_animated_weapon_set/seaturtle_animation_01","particle":"elitecreatures:seaturtle_animated_weapon_set/seaturtle_texture_01"},"elements":[{"from":[7,0,6.5],"to":[9,2,9.5],"rotation":{"angle":0,"axis":"y","origin":[0,-1,0]},"faces":{"north":{"uv":[0.75,2.875,1,3.125],"texture":"#0"},"east":{"uv":[1.375,2.75,1,3],"texture":"#0"},"south":{"uv":[0.75,2.875,1,3.125],"texture":"#0"},"west":{"uv":[1,2.75,1.375,3],"texture":"#0"},"up":{"uv":[2.5,1.625,2.75,2],"texture":"#0"},"down":{"uv":[2.5,1.625,2.75,2],"texture":"#0"}}},{"from":[7,-9,6.5],"to":[9,-7,9.5],"rotation":{"angle":0,"axis":"y","origin":[0,-1,0]},"faces":{"north":{"uv":[0.75,2.875,1,3.125],"texture":"#0"},"east":{"uv":[1.375,2.75,1,3],"texture":"#0"},"south":{"uv":[0.75,2.875,1,3.125],"texture":"#0"},"west":{"uv":[1,2.75,1.375,3],"texture":"#0"},"up":{"uv":[2.5,1.625,2.75,2],"texture":"#0"},"down":{"uv":[2.5,1.625,2.75,2],"texture":"#0"}}},{"from":[7,-2.1,6.5],"to":[9,-0.6,8.5],"rotation":{"angle":0,"axis":"y","origin":[0,-1,0]},"faces":{"north":{"uv":[2.75,1.25,3,1.4375],"texture":"#0"},"east":{"uv":[3,1.4375,2.75,1.625],"texture":"#0"},"south":{"uv":[2.75,1.25,3,1.4375],"texture":"#0"},"west":{"uv":[2.75,1.4375,3,1.625],"texture":"#0"},"up":{"uv":[2.75,1.625,3,1.875],"texture":"#0"},"down":{"uv":[2.75,1.875,3,1.625],"texture":"#0"}}},{"from":[7,-4.2,6.5],"to":[9,-2.7,8.5],"rotation":{"angle":0,"axis":"y","origin":[0,-1,0]},"faces":{"north":{"uv":[2.75,1.25,3,1.4375],"texture":"#0"},"east":{"uv":[3,1.4375,2.75,1.625],"texture":"#0"},"south":{"uv":[2.75,1.25,3,1.4375],"texture":"#0"},"west":{"uv":[2.75,1.4375,3,1.625],"texture":"#0"},"up":{"uv":[2.75,1.625,3,1.875],"texture":"#0"},"down":{"uv":[2.75,1.875,3,1.625],"texture":"#0"}}},{"from":[7,-6.3,6.5],"to":[9,-4.8,8.5],"rotation":{"angle":0,"axis":"y","origin":[0,-1,0]},"faces":{"north":{"uv":[2.75,1.25,3,1.4375],"texture":"#0"},"east":{"uv":[3,1.4375,2.75,1.625],"texture":"#0"},"south":{"uv":[2.75,1.25,3,1.4375],"texture":"#0"},"west":{"uv":[2.75,1.4375,3,1.625],"texture":"#0"},"up":{"uv":[2.75,1.625,3,1.875],"texture":"#0"},"down":{"uv":[2.75,1.875,3,1.625],"texture":"#0"}}},{"from":[7.25,-10,7],"to":[8.75,-9,9],"rotation":{"angle":0,"axis":"y","origin":[0,-1,0]},"faces":{"north":{"uv":[2.75,1.875,2.9375,2],"texture":"#0"},"east":{"uv":[2.25,2.125,2.5,2.25],"texture":"#0"},"south":{"uv":[2.75,1.875,2.9375,2],"texture":"#0"},"west":{"uv":[2.25,2.125,2.5,2.25],"texture":"#0"},"up":{"uv":[2.5,2,2.6875,2.25],"texture":"#0"},"down":{"uv":[2.5,2,2.6875,2.25],"texture":"#0"}}},{"from":[7.2,-7,7],"to":[8.8,0,9],"rotation":{"angle":0,"axis":"y","origin":[0,-1,0]},"faces":{"north":{"uv":[2.75,0,2.95,0.875],"texture":"#0"},"east":{"uv":[2.75,0,3,0.875],"texture":"#0"},"south":{"uv":[2.75,0,2.95,0.875],"texture":"#0"},"west":{"uv":[2.75,0,3,0.875],"texture":"#0"},"up":{"uv":[2.75,0,2.95,0.25],"texture":"#0"},"down":{"uv":[2.75,0,2.95,0.25],"texture":"#0"}}},{"from":[8,-16,5],"to":[8,-10,11],"rotation":{"angle":0,"axis":"y","origin":[8,-13,8]},"faces":{"north":{"uv":[0,0,0,6],"texture":"#missing"},"east":{"uv":[1,14.625,1.75,15.375],"texture":"#0"},"south":{"uv":[0,0,0,6],"texture":"#missing"},"west":{"uv":[1.75,14.625,1,15.375],"texture":"#0"},"up":{"uv":[0,0,0,5],"texture":"#missing"},"down":{"uv":[0,0,0,5],"texture":"#missing"}}},{"from":[8,-14,1],"to":[8,-3,7],"faces":{"north":{"uv":[0,0,0,11],"texture":"#1"},"east":{"uv":[6,0,0,11],"texture":"#1"},"south":{"uv":[0,0,0,11],"texture":"#1"},"west":{"uv":[0,0,6,11],"texture":"#1"},"up":{"uv":[0,6,0,0],"texture":"#1"},"down":{"uv":[0,0,0,6],"texture":"#1"}}},{"from":[6.5,2.5,9],"to":[9.5,5,11.5],"rotation":{"angle":45,"axis":"x","origin":[8,6,8]},"faces":{"north":{"uv":[1.3125,3,1.6875,3.3125],"texture":"#0"},"east":{"uv":[1.3125,3,1,3.3125],"texture":"#0"},"south":{"uv":[1.3125,3,1.6875,3.3125],"texture":"#0"},"west":{"uv":[1,3,1.3125,3.3125],"texture":"#0"},"up":{"uv":[1.6875,3,2.0625,3.3125],"texture":"#0"},"down":{"uv":[1.6875,3,2.0625,3.3125],"texture":"#0"}}},{"from":[6.95,1.6,8],"to":[9.05,5.6,12],"rotation":{"angle":45,"axis":"x","origin":[8,5.64645,8]},"faces":{"north":{"uv":[2.75,2.25,2.9375,2.75],"texture":"#0"},"east":{"uv":[2.25,2.25,2.75,2.75],"texture":"#0"},"south":{"uv":[2.9375,2.25,2.75,2.75],"texture":"#0"},"west":{"uv":[2.25,2.25,2.75,2.75],"texture":"#0"},"up":{"uv":[2.9375,2.25,3.125,2.75],"texture":"#0"},"down":{"uv":[2.9375,2.25,3.125,2.75],"texture":"#0"}}},{"from":[8,4,2.5],"to":[8,18,10.5],"faces":{"north":{"uv":[0,0,0,1.625],"texture":"#missing"},"east":{"uv":[1.75,12.875,0.75,14.625],"texture":"#0"},"south":{"uv":[0,0,0,1.625],"texture":"#missing"},"west":{"uv":[0.75,12.875,1.75,14.625],"texture":"#0"},"up":{"uv":[0,0,0,0.875],"texture":"#missing"},"down":{"uv":[0,0,0,0.875],"texture":"#missing"}}},{"from":[8.5,4.3,4],"to":[8.5,9.3,9],"rotation":{"angle":-22.5,"axis":"x","origin":[6.2,15.8,11.5]},"faces":{"north":{"uv":[4,0,0,0],"rotation":270,"texture":"#missing"},"east":{"uv":[0,13.625,0.625,14.25],"rotation":270,"texture":"#0"},"south":{"uv":[4,0,0,0],"rotation":90,"texture":"#missing"},"west":{"uv":[0.625,14.25,0,13.625],"rotation":270,"texture":"#0"},"up":{"uv":[0.6875,13.5,1.1875,13.5],"rotation":270,"texture":"#0"},"down":{"uv":[0,0,4,0],"rotation":270,"texture":"#missing"}}},{"from":[9.6,3,5],"to":[9.6,14,11],"rotation":{"angle":0,"axis":"y","origin":[16,-13,0]},"faces":{"north":{"uv":[0,0,0,11],"texture":"#1"},"east":{"uv":[6,0,0,11],"texture":"#1"},"south":{"uv":[0,0,0,11],"texture":"#1"},"west":{"uv":[0,0,6,11],"texture":"#1"},"up":{"uv":[0,6,0,0],"texture":"#1"},"down":{"uv":[0,0,0,6],"texture":"#1"}}},{"from":[6.4,3,5],"to":[6.4,14,11],"rotation":{"angle":0,"axis":"y","origin":[0,-13,0]},"faces":{"north":{"uv":[0,0,0,11],"texture":"#1"},"east":{"uv":[6,0,0,11],"texture":"#1"},"south":{"uv":[0,0,0,11],"texture":"#1"},"west":{"uv":[0,0,6,11],"texture":"#1"},"up":{"uv":[0,6,0,0],"texture":"#1"},"down":{"uv":[0,0,0,6],"texture":"#1"}}},{"from":[7,1,8.5],"to":[8.8,5,9.5],"rotation":{"angle":0,"axis":"y","origin":[0,-3,16]},"faces":{"north":{"uv":[0.225,1.875,0,2.375],"texture":"#0"},"east":{"uv":[0.75,2.0625,0.875,2.5625],"texture":"#0"},"south":{"uv":[0.225,1.875,0,2.375],"texture":"#0"},"west":{"uv":[0.875,2.0625,0.75,2.5625],"texture":"#0"},"up":{"uv":[0,3,0.225,2.875],"texture":"#0"},"down":{"uv":[0.225,2.875,0,3],"texture":"#0"}}},{"from":[5.5,0,9.5],"to":[10,6,10.5],"rotation":{"angle":0,"axis":"y","origin":[0,-3,16]},"faces":{"north":{"uv":[2.0625,0,1.5,0.75],"texture":"#0"},"east":{"uv":[2.625,0,2.75,0.75],"texture":"#0"},"south":{"uv":[2.0625,0,1.5,0.75],"texture":"#0"},"west":{"uv":[2.75,0,2.625,0.75],"texture":"#0"},"up":{"uv":[1.5,1.625,2.0625,1.5],"texture":"#0"},"down":{"uv":[1.5,1.625,2.0625,1.5],"texture":"#0"}}},{"from":[6,0.5,10.5],"to":[9.5,5.5,12.5],"rotation":{"angle":0,"axis":"y","origin":[0,-3,16]},"faces":{"north":{"uv":[0.4375,0,0,0.625],"texture":"#0"},"east":{"uv":[0.5625,0.5,0.8125,1.125],"texture":"#0"},"south":{"uv":[0.4375,0.25,0,0.875],"texture":"#0"},"west":{"uv":[1.25,0,1,0.625],"texture":"#0"},"up":{"uv":[0,1.625,0.4375,1.375],"texture":"#0"},"down":{"uv":[1.5,1.625,1.9375,1.875],"texture":"#0"}}},{"from":[7.8,4.8,3],"to":[7.8,8.8,7],"rotation":{"angle":-22.5,"axis":"x","origin":[5,7.8,8]},"faces":{"north":{"uv":[0,0,4,0],"rotation":90,"texture":"#missing"},"east":{"uv":[0,14.8125,0.5,14.3125],"rotation":90,"texture":"#0"},"south":{"uv":[0,0,4,0],"rotation":270,"texture":"#missing"},"west":{"uv":[0,14.3125,0.5,14.8125],"rotation":90,"texture":"#0"},"up":{"uv":[4,0,0,0],"rotation":90,"texture":"#missing"},"down":{"uv":[1.1875,13.5,0.6875,13.5],"rotation":90,"texture":"#0"}}},{"from":[7.5,-0.2,3],"to":[7.5,3.8,7],"rotation":{"angle":0,"axis":"y","origin":[5,7.8,8]},"faces":{"north":{"uv":[4,0,0,0],"rotation":270,"texture":"#missing"},"east":{"uv":[0,14.8125,0.5,14.3125],"rotation":180,"texture":"#0"},"south":{"uv":[1.1875,13.5,0.6875,13.5],"rotation":90,"texture":"#0"},"west":{"uv":[0,14.3125,0.5,14.8125],"texture":"#0"},"up":{"uv":[0,0,4,0],"rotation":270,"texture":"#missing"},"down":{"uv":[0,0,4,0],"rotation":270,"texture":"#missing"}}},{"from":[8.6,2.5,7.5],"to":[8.6,11.5,15.5],"rotation":{"angle":22.5,"axis":"x","origin":[8.6,13.5,13.5]},"faces":{"north":{"uv":[0,0,0,6],"texture":"#missing"},"east":{"uv":[2.8125,14.875,1.8125,16],"texture":"#0"},"south":{"uv":[0,0,0,6],"texture":"#missing"},"west":{"uv":[1.8125,14.875,2.8125,16],"texture":"#0"},"up":{"uv":[0,0,0,5],"texture":"#missing"},"down":{"uv":[0,0,0,5],"texture":"#missing"}}}],"gui_light":"front","display":{"thirdperson_righthand":{"rotation":[-20,0,0],"translation":[0,6,-2],"scale":[0.39922,0.39922,0.39922]},"thirdperson_lefthand":{"rotation":[-20,0,0],"translation":[0,6,-2],"scale":[0.39922,0.39922,0.39922]},"firstperson_righthand":{"rotation":[-90,0,0],"translation":[-0.25,4.75,2.5],"scale":[0.27148,0.27148,0.27148]},"firstperson_lefthand":{"rotation":[-90,0,0],"translation":[-0.25,4.75,2.5],"scale":[0.27148,0.27148,0.27148]},"ground":{"translation":[0,11,0],"scale":[0.45,0.45,0.45]},"gui":{"rotation":[-90,-90,-90],"translation":[0,3,-1.5],"scale":[0.45313,0.45313,0.45313]},"head":{"scale":[0,0,0]},"fixed":{"rotation":[-90,-90,-90],"translation":[0,5.25,-2],"scale":[1.3,1.3,1.3]}}}