{"credit":"MadewithBlockbench","texture_size":[128,128],"textures":{"0":"elitecreatures:seaturtle_animated_weapon_set/seaturtle_texture_01","1":"elitecreatures:seaturtle_animated_weapon_set/seaturtle_animation_01","2":"elitecreatures:seaturtle_animated_weapon_set/seaturtle_animation_02","3":"elitecreatures:seaturtle_animated_weapon_set/seaturtle_animation_03","particle":"elitecreatures:seaturtle_animated_weapon_set/seaturtle_texture_01"},"elements":[{"from":[7,0,6.5],"to":[9,2,9.5],"rotation":{"angle":0,"axis":"y","origin":[0,-1,0]},"faces":{"north":{"uv":[0.75,2.875,1,3.125],"texture":"#0"},"east":{"uv":[1.375,2.75,1,3],"texture":"#0"},"south":{"uv":[0.75,2.875,1,3.125],"texture":"#0"},"west":{"uv":[1,2.75,1.375,3],"texture":"#0"},"up":{"uv":[2.5,1.625,2.75,2],"texture":"#0"},"down":{"uv":[2.5,1.625,2.75,2],"texture":"#0"}}},{"from":[7,-9,6.5],"to":[9,-7,9.5],"rotation":{"angle":0,"axis":"y","origin":[0,-1,0]},"faces":{"north":{"uv":[0.75,2.875,1,3.125],"texture":"#0"},"east":{"uv":[1.375,2.75,1,3],"texture":"#0"},"south":{"uv":[0.75,2.875,1,3.125],"texture":"#0"},"west":{"uv":[1,2.75,1.375,3],"texture":"#0"},"up":{"uv":[2.5,1.625,2.75,2],"texture":"#0"},"down":{"uv":[2.5,1.625,2.75,2],"texture":"#0"}}},{"from":[12,15,6],"to":[12,21,15],"rotation":{"angle":0,"axis":"y","origin":[16,0,0]},"faces":{"east":{"uv":[9,0,0,6],"texture":"#3"},"west":{"uv":[0,0,9,6],"texture":"#3"}}},{"from":[5,8,1],"to":[5,14,10],"rotation":{"angle":0,"axis":"y","origin":[0,0,16]},"faces":{"east":{"uv":[0,0,9,6],"texture":"#3"},"west":{"uv":[9,0,0,6],"texture":"#3"}}},{"from":[9.1,16.6,2],"to":[9.1,23.6,9],"rotation":{"angle":-22.5,"axis":"x","origin":[9.3,21.1,5.5]},"faces":{"north":{"uv":[0,0,0,7],"texture":"#missing"},"east":{"uv":[5.0625,15.125,4.1875,16],"texture":"#0"},"south":{"uv":[0,0,0,7],"texture":"#missing"},"west":{"uv":[4.1875,15.125,5.0625,16],"texture":"#0"},"up":{"uv":[0,0,0,7],"texture":"#missing"},"down":{"uv":[0,0,0,7],"texture":"#missing"}}},{"from":[9.1,16.6,2],"to":[9.1,23.6,9],"rotation":{"angle":-22.5,"axis":"x","origin":[9.3,21.1,5.5]},"faces":{"north":{"uv":[0,0,0,7],"texture":"#missing"},"east":{"uv":[5.0625,15.125,4.1875,16],"texture":"#0"},"south":{"uv":[0,0,0,7],"texture":"#missing"},"west":{"uv":[4.1875,15.125,5.0625,16],"texture":"#0"},"up":{"uv":[0,0,0,7],"texture":"#missing"},"down":{"uv":[0,0,0,7],"texture":"#missing"}}},{"from":[9,12.2,3],"to":[9,16.2,7],"rotation":{"angle":22.5,"axis":"x","origin":[9,14.2,5]},"faces":{"north":{"uv":[0,0,4,0],"rotation":270,"texture":"#missing"},"east":{"uv":[0.5,14.8125,0,14.3125],"rotation":270,"texture":"#0"},"south":{"uv":[0,0,4,0],"rotation":90,"texture":"#missing"},"west":{"uv":[0.5,14.3125,0,14.8125],"rotation":270,"texture":"#0"},"up":{"uv":[4,0,0,0],"rotation":270,"texture":"#missing"},"down":{"uv":[1.1875,13.5,0.6875,13.5],"rotation":270,"texture":"#0"}}},{"from":[7.5,9.7,3],"to":[7.5,14.7,8],"rotation":{"angle":0,"axis":"y","origin":[7.5,12.2,4.5]},"faces":{"north":{"uv":[0,0,4,0],"rotation":90,"texture":"#missing"},"east":{"uv":[0.625,14.25,0,13.625],"rotation":270,"texture":"#0"},"south":{"uv":[0,0,4,0],"rotation":270,"texture":"#missing"},"west":{"uv":[0,13.625,0.625,14.25],"rotation":270,"texture":"#0"},"up":{"uv":[0,0,4,0],"rotation":270,"texture":"#missing"},"down":{"uv":[0.6875,13.5,1.1875,13.5],"rotation":270,"texture":"#0"}}},{"from":[7,11.2,9],"to":[7,15.2,13],"rotation":{"angle":0,"axis":"y","origin":[5,16.2,10]},"faces":{"north":{"uv":[0.6875,13.5,1.1875,13.5],"rotation":90,"texture":"#0"},"east":{"uv":[0.5,14.3125,0,14.8125],"rotation":180,"texture":"#0"},"south":{"uv":[0,0,4,0],"rotation":270,"texture":"#missing"},"west":{"uv":[0.5,14.8125,0,14.3125],"texture":"#0"},"up":{"uv":[0,0,4,0],"rotation":270,"texture":"#missing"},"down":{"uv":[0,0,4,0],"rotation":270,"texture":"#missing"}}},{"from":[8.9,18.5,-1.5],"to":[8.9,26.5,6.5],"rotation":{"angle":22.5,"axis":"x","origin":[0,-1,0]},"faces":{"north":{"uv":[0,0,0,6],"texture":"#missing"},"east":{"uv":[0,15,1,16],"texture":"#0"},"south":{"uv":[0,0,0,6],"texture":"#missing"},"west":{"uv":[1,15,0,16],"texture":"#0"},"up":{"uv":[0,0,0,5],"texture":"#missing"},"down":{"uv":[0,0,0,5],"texture":"#missing"}}},{"from":[7,-2.1,6.5],"to":[9,-0.6,8.5],"rotation":{"angle":0,"axis":"y","origin":[0,-1,0]},"faces":{"north":{"uv":[2.75,1.25,3,1.4375],"texture":"#0"},"east":{"uv":[3,1.4375,2.75,1.625],"texture":"#0"},"south":{"uv":[2.75,1.25,3,1.4375],"texture":"#0"},"west":{"uv":[2.75,1.4375,3,1.625],"texture":"#0"},"up":{"uv":[2.75,1.625,3,1.875],"texture":"#0"},"down":{"uv":[2.75,1.875,3,1.625],"texture":"#0"}}},{"from":[7,-4.2,6.5],"to":[9,-2.7,8.5],"rotation":{"angle":0,"axis":"y","origin":[0,-1,0]},"faces":{"north":{"uv":[2.75,1.25,3,1.4375],"texture":"#0"},"east":{"uv":[3,1.4375,2.75,1.625],"texture":"#0"},"south":{"uv":[2.75,1.25,3,1.4375],"texture":"#0"},"west":{"uv":[2.75,1.4375,3,1.625],"texture":"#0"},"up":{"uv":[2.75,1.625,3,1.875],"texture":"#0"},"down":{"uv":[2.75,1.875,3,1.625],"texture":"#0"}}},{"from":[7,-6.3,6.5],"to":[9,-4.8,8.5],"rotation":{"angle":0,"axis":"y","origin":[0,-1,0]},"faces":{"north":{"uv":[2.75,1.25,3,1.4375],"texture":"#0"},"east":{"uv":[3,1.4375,2.75,1.625],"texture":"#0"},"south":{"uv":[2.75,1.25,3,1.4375],"texture":"#0"},"west":{"uv":[2.75,1.4375,3,1.625],"texture":"#0"},"up":{"uv":[2.75,1.625,3,1.875],"texture":"#0"},"down":{"uv":[2.75,1.875,3,1.625],"texture":"#0"}}},{"from":[7.25,-10,7],"to":[8.75,-9,9],"rotation":{"angle":0,"axis":"y","origin":[0,-1,0]},"faces":{"north":{"uv":[2.75,1.875,2.9375,2],"texture":"#0"},"east":{"uv":[2.25,2.125,2.5,2.25],"texture":"#0"},"south":{"uv":[2.75,1.875,2.9375,2],"texture":"#0"},"west":{"uv":[2.25,2.125,2.5,2.25],"texture":"#0"},"up":{"uv":[2.5,2,2.6875,2.25],"texture":"#0"},"down":{"uv":[2.5,2,2.6875,2.25],"texture":"#0"}}},{"from":[6.5,9,6.5],"to":[9.5,12,9.5],"rotation":{"angle":0,"axis":"y","origin":[0,-3,0]},"faces":{"north":{"uv":[1.875,2.125,2.25,2.5],"texture":"#0"},"east":{"uv":[1.5,2.125,1.875,2.5],"texture":"#0"},"south":{"uv":[1.875,2.125,2.25,2.5],"texture":"#0"},"west":{"uv":[1.5,2.125,1.875,2.5],"texture":"#0"},"up":{"uv":[1.5,2.5,1.875,2.875],"texture":"#0"},"down":{"uv":[1.875,2.5625,2.25,2.9375],"texture":"#0"}}},{"from":[6.5,12,6.5],"to":[9.5,15,9.5],"rotation":{"angle":0,"axis":"y","origin":[0,-3,0]},"faces":{"north":{"uv":[1.875,2.125,2.25,2.5],"texture":"#0"},"east":{"uv":[1.5,2.125,1.875,2.5],"texture":"#0"},"south":{"uv":[1.875,2.125,2.25,2.5],"texture":"#0"},"west":{"uv":[1.5,2.125,1.875,2.5],"texture":"#0"},"up":{"uv":[1.5,2.5,1.875,2.875],"texture":"#0"},"down":{"uv":[1.875,2.5625,2.25,2.9375],"texture":"#0"}}},{"from":[5.5,12.5,7],"to":[8.5,15,9.5],"rotation":{"angle":45,"axis":"x","origin":[8,14,8]},"faces":{"north":{"uv":[1.3125,3,1.6875,3.3125],"texture":"#0"},"east":{"uv":[1.3125,3,1,3.3125],"texture":"#0"},"south":{"uv":[1.3125,3,1.6875,3.3125],"texture":"#0"},"west":{"uv":[1,3,1.3125,3.3125],"texture":"#0"},"up":{"uv":[1.6875,3,2.0625,3.3125],"texture":"#0"},"down":{"uv":[1.6875,3,2.0625,3.3125],"texture":"#0"}}},{"from":[7.3,2,5],"to":[7.3,9,12],"rotation":{"angle":0,"axis":"y","origin":[9.3,21.1,5.5]},"faces":{"north":{"uv":[0,0,0,7],"texture":"#missing"},"east":{"uv":[4.1875,15.125,5.0625,16],"texture":"#0"},"south":{"uv":[0,0,0,7],"texture":"#missing"},"west":{"uv":[5.0625,15.125,4.1875,16],"texture":"#0"},"up":{"uv":[0,0,0,7],"texture":"#missing"},"down":{"uv":[0,0,0,7],"texture":"#missing"}}},{"from":[9.3,19.5,-0.1],"to":[9.3,25,4.9],"rotation":{"angle":22.5,"axis":"x","origin":[0,0,0]},"faces":{"east":{"uv":[0,0,10,11],"texture":"#2"},"west":{"uv":[0,0,10,11],"texture":"#2"}}},{"from":[6.25,11.64645,6],"to":[7.75,15.64645,10],"rotation":{"angle":45,"axis":"x","origin":[8,13.64645,8]},"faces":{"north":{"uv":[2.75,2.25,2.9375,2.75],"texture":"#0"},"east":{"uv":[2.25,2.25,2.75,2.75],"texture":"#0"},"south":{"uv":[2.75,2.25,2.9375,2.75],"texture":"#0"},"west":{"uv":[2.25,2.25,2.75,2.75],"texture":"#0"},"up":{"uv":[2.9375,2.25,3.125,2.75],"texture":"#0"},"down":{"uv":[2.9375,2.25,3.125,2.75],"texture":"#0"}}},{"from":[8.25,11.64645,6],"to":[9.75,15.64645,10],"rotation":{"angle":45,"axis":"x","origin":[8,13.64645,8]},"faces":{"north":{"uv":[2.9375,2.25,2.75,2.75],"texture":"#0"},"east":{"uv":[2.75,2.25,2.25,2.75],"texture":"#0"},"south":{"uv":[2.9375,2.25,2.75,2.75],"texture":"#0"},"west":{"uv":[2.75,2.25,2.25,2.75],"texture":"#0"},"up":{"uv":[3.125,2.25,2.9375,2.75],"texture":"#0"},"down":{"uv":[3.125,2.25,2.9375,2.75],"texture":"#0"}}},{"from":[7.5,12.5,7],"to":[10.5,15,9.5],"rotation":{"angle":45,"axis":"x","origin":[8,14,8]},"faces":{"north":{"uv":[1.6875,3,1.3125,3.3125],"texture":"#0"},"east":{"uv":[1.3125,3,1,3.3125],"texture":"#0"},"south":{"uv":[1.6875,3,1.3125,3.3125],"texture":"#0"},"west":{"uv":[1,3,1.3125,3.3125],"texture":"#0"},"up":{"uv":[2.0625,3,1.6875,3.3125],"texture":"#0"},"down":{"uv":[2.0625,3,1.6875,3.3125],"texture":"#0"}}},{"from":[10.6,14,5],"to":[10.6,25,11],"rotation":{"angle":0,"axis":"y","origin":[16,0,0]},"faces":{"north":{"uv":[0,0,0,11],"texture":"#1"},"east":{"uv":[6,0,0,11],"texture":"#1"},"south":{"uv":[0,0,0,11],"texture":"#1"},"west":{"uv":[0,0,6,11],"texture":"#1"},"up":{"uv":[0,6,0,0],"texture":"#1"},"down":{"uv":[0,0,0,6],"texture":"#1"}}},{"from":[5.4,14,5],"to":[5.4,25,11],"faces":{"north":{"uv":[0,0,0,11],"texture":"#1"},"east":{"uv":[6,0,0,11],"texture":"#1"},"south":{"uv":[0,0,0,11],"texture":"#1"},"west":{"uv":[0,0,6,11],"texture":"#1"},"up":{"uv":[0,6,0,0],"texture":"#1"},"down":{"uv":[0,0,0,6],"texture":"#1"}}},{"from":[6.3,16.5,5],"to":[9.8,17.5,11],"rotation":{"angle":0,"axis":"y","origin":[0,-3,16]},"faces":{"north":{"uv":[1.5,1.625,1.9375,1.5],"rotation":180,"texture":"#0"},"east":{"uv":[2.625,0,2.75,0.75],"rotation":90,"texture":"#0"},"south":{"uv":[1.5,1.625,1.9375,1.5],"texture":"#0"},"west":{"uv":[2.75,0,2.625,0.75],"rotation":270,"texture":"#0"},"up":{"uv":[1.9375,0,1.5,0.75],"texture":"#0"},"down":{"uv":[1.9375,0,1.5,0.75],"rotation":180,"texture":"#0"}}},{"from":[7.25,17.5,4.85],"to":[8.75,22.5,11.15],"rotation":{"angle":0,"axis":"y","origin":[0,0,-0.3]},"faces":{"north":{"uv":[0.8125,1.25,1,1.875],"texture":"#0"},"east":{"uv":[0.125,1.25,0.9375,1.875],"texture":"#0"},"south":{"uv":[0.8125,1.25,1,1.875],"texture":"#0"},"west":{"uv":[0.125,1.25,0.9375,1.875],"texture":"#0"},"up":{"uv":[4.625,0,4.8125,0.8125],"texture":"#0"},"down":{"uv":[4.625,0,4.8125,0.8125],"texture":"#0"}}},{"from":[7.25,22.5,4.75],"to":[8.75,26.5,11.25],"rotation":{"angle":45,"axis":"z","origin":[8.8,22.5,7.7]},"faces":{"north":{"uv":[4.4375,0,4.625,0.5],"texture":"#0"},"east":{"uv":[0.125,0.5,0.9375,1],"texture":"#0"},"south":{"uv":[4.4375,0,4.625,0.5],"texture":"#0"},"west":{"uv":[0.125,0.5,0.9375,1],"texture":"#0"},"up":{"uv":[0.6875,0,0.875,0.8125],"texture":"#0"},"down":{"uv":[4.625,0,4.8125,0.8125],"texture":"#0"}}},{"from":[7.5,2,7],"to":[8.5,12,9],"rotation":{"angle":0,"axis":"y","origin":[0,-1,0]},"faces":{"north":{"uv":[3,0,3.125,1.25],"texture":"#0"},"east":{"uv":[2.75,0,3,1.25],"texture":"#0"},"south":{"uv":[3,0,3.125,1.25],"texture":"#0"},"west":{"uv":[2.75,0,3,1.25],"texture":"#0"},"up":{"uv":[3,0,3.125,0.25],"texture":"#0"},"down":{"uv":[3,0,3.125,0.25],"texture":"#0"}}},{"from":[7.2,-7,7],"to":[8.8,0,9],"rotation":{"angle":0,"axis":"y","origin":[0,-1,0]},"faces":{"north":{"uv":[2.75,0,2.95,0.875],"texture":"#0"},"east":{"uv":[2.75,0,3,0.875],"texture":"#0"},"south":{"uv":[2.75,0,2.95,0.875],"texture":"#0"},"west":{"uv":[2.75,0,3,0.875],"texture":"#0"},"up":{"uv":[2.75,0,2.95,0.25],"texture":"#0"},"down":{"uv":[2.75,0,2.95,0.25],"texture":"#0"}}},{"from":[7.2,1,4.5],"to":[7.2,6,9.5],"rotation":{"angle":0,"axis":"y","origin":[0,-1,0]},"faces":{"north":{"uv":[0,0,0,6],"texture":"#missing"},"east":{"uv":[1,15.375,1.625,16],"texture":"#0"},"south":{"uv":[0,0,0,6],"texture":"#missing"},"west":{"uv":[1.625,15.375,1,16],"texture":"#0"},"up":{"uv":[0,0,0,5],"texture":"#missing"},"down":{"uv":[0,0,0,5],"texture":"#missing"}}},{"from":[7,16.5,3.5],"to":[7,21.5,8.5],"rotation":{"angle":0,"axis":"y","origin":[0,-1,0]},"faces":{"north":{"uv":[0,0,0,6],"texture":"#missing"},"east":{"uv":[1,15.375,1.625,16],"texture":"#0"},"south":{"uv":[0,0,0,6],"texture":"#missing"},"west":{"uv":[1.625,15.375,1,16],"texture":"#0"},"up":{"uv":[0,0,0,5],"texture":"#missing"},"down":{"uv":[0,0,0,5],"texture":"#missing"}}},{"from":[8,-16,5],"to":[8,-10,11],"rotation":{"angle":0,"axis":"y","origin":[8,-13,8]},"faces":{"north":{"uv":[0,0,0,6],"texture":"#missing"},"east":{"uv":[1,14.625,1.75,15.375],"texture":"#0"},"south":{"uv":[0,0,0,6],"texture":"#missing"},"west":{"uv":[1.75,14.625,1,15.375],"texture":"#0"},"up":{"uv":[0,0,0,5],"texture":"#missing"},"down":{"uv":[0,0,0,5],"texture":"#missing"}}},{"from":[8.8,1,2.5],"to":[8.8,10,10.5],"rotation":{"angle":0,"axis":"y","origin":[0,-1,0]},"faces":{"north":{"uv":[0,0,0,6],"texture":"#missing"},"east":{"uv":[2.8125,14.875,1.8125,16],"texture":"#0"},"south":{"uv":[0,0,0,6],"texture":"#missing"},"west":{"uv":[1.8125,14.875,2.8125,16],"texture":"#0"},"up":{"uv":[0,0,0,5],"texture":"#missing"},"down":{"uv":[0,0,0,5],"texture":"#missing"}}},{"from":[8,-14,1],"to":[8,-3,7],"faces":{"north":{"uv":[0,0,0,11],"texture":"#1"},"east":{"uv":[6,0,0,11],"texture":"#1"},"south":{"uv":[0,0,0,11],"texture":"#1"},"west":{"uv":[0,0,6,11],"texture":"#1"},"up":{"uv":[0,6,0,0],"texture":"#1"},"down":{"uv":[0,0,0,6],"texture":"#1"}}},{"from":[6.6,14.5,6],"to":[9.4,16.5,10],"rotation":{"angle":0,"axis":"y","origin":[0,-3,16]},"faces":{"north":{"uv":[0,3.125,0.375,2.875],"rotation":180,"texture":"#0"},"east":{"uv":[0.75,2.0625,1,2.5625],"rotation":90,"texture":"#0"},"south":{"uv":[0.375,2.875,0,3.125],"texture":"#0"},"west":{"uv":[1,2.0625,0.75,2.5625],"rotation":270,"texture":"#0"},"up":{"uv":[0.375,1.875,0,2.375],"texture":"#0"},"down":{"uv":[0.375,1.875,0,2.375],"rotation":180,"texture":"#0"}}}],"gui_light":"front","display":{"thirdperson_righthand":{"translation":[0,4.9,1.5],"scale":[0.6,0.6,0.6]},"thirdperson_lefthand":{"translation":[0,4.9,1.5],"scale":[0.6,0.6,0.6]},"firstperson_righthand":{"rotation":[6,0,0],"translation":[1.75,5.25,2.25],"scale":[0.29297,0.29297,0.29297]},"firstperson_lefthand":{"rotation":[6,180,0],"translation":[1.75,5.25,2.25],"scale":[0.29297,0.29297,0.29297]},"ground":{"rotation":[-45,0,0],"translation":[0,9,0],"scale":[0.4,0.4,0.4]},"gui":{"rotation":[-90,-45,-90],"translation":[1,0.75,-1.5],"scale":[0.46484,0.46484,0.46484]},"head":{"scale":[0,0,0]},"fixed":{"rotation":[-90,-90,-90],"translation":[0,5.25,-2],"scale":[1.3,1.3,1.3]}}}