{"credit":"Made with Blockbench","texture_size":[24,24],"textures":{"2":"songkran_festival_water_guns:songkran_water_gun_3","particle":"songkran_festival_water_guns:songkran_water_gun_3"},"elements":[{"from":[7.25,4.03937,13.12008],"to":[8.75,6.03937,13.62008],"rotation":{"angle":-22.5,"axis":"x","origin":[7.5,3.03937,11.62008]},"faces":{"north":{"uv":[8,8,9,9.33333],"texture":"#2"},"east":{"uv":[11.33333,4.66667,11.66667,6],"texture":"#2"},"south":{"uv":[2.66667,8.66667,3.66667,10],"texture":"#2"},"west":{"uv":[11.33333,6,11.66667,7.33333],"texture":"#2"}}},{"from":[7.5,4.03937,12.37008],"to":[8.5,6.53937,14.12008],"rotation":{"angle":-22.5,"axis":"x","origin":[7.5,3.03937,11.62008]},"faces":{"north":{"uv":[9.33333,0,10,1.66667],"texture":"#2"},"east":{"uv":[6.66667,0,8,1.66667],"texture":"#2"},"south":{"uv":[1.33333,9.33333,2,11],"texture":"#2"},"west":{"uv":[7.33333,4.66667,8.66667,6.33333],"texture":"#2"},"down":{"uv":[8,10,7.33333,11.33333],"texture":"#2"}}},{"from":[7.25,6.03937,12.12008],"to":[8.75,7.53937,13.62008],"rotation":{"angle":-22.5,"axis":"x","origin":[7.5,3.03937,11.62008]},"faces":{"north":{"uv":[9.33333,2,10.33333,3],"texture":"#2"},"east":{"uv":[9.33333,6.66667,10.33333,7.66667],"texture":"#2"},"south":{"uv":[8,9.33333,9,10.33333],"texture":"#2"},"west":{"uv":[9.33333,8,10.33333,9],"texture":"#2"},"down":{"uv":[10.33333,9.33333,9.33333,10.33333],"texture":"#2"}}},{"from":[7.25,3.53937,12.12008],"to":[8.75,4.03937,13.62008],"rotation":{"angle":-22.5,"axis":"x","origin":[7.5,3.03937,11.62008]},"faces":{"north":{"uv":[4.66667,12,5.66667,12.33333],"texture":"#2"},"east":{"uv":[12,4.66667,13,5],"texture":"#2"},"south":{"uv":[12,5.33333,13,5.66667],"texture":"#2"},"west":{"uv":[6,12,7,12.33333],"texture":"#2"},"up":{"uv":[11,1,10,0],"texture":"#2"},"down":{"uv":[3,10,2,11],"texture":"#2"}}},{"from":[7,7.03937,3.12008],"to":[9,9.03937,13.12008],"rotation":{"angle":0,"axis":"y","origin":[7.5,7.53937,8.12008]},"faces":{"north":{"uv":[5.33333,7.33333,6.66667,8.66667],"texture":"#2"},"east":{"uv":[0,0,6.66667,1.33333],"texture":"#2"},"south":{"uv":[6.66667,7.33333,8,8.66667],"texture":"#2"},"west":{"uv":[0,1.33333,6.66667,2.66667],"texture":"#2"},"up":{"uv":[1.33333,9.33333,0,2.66667],"texture":"#2"},"down":{"uv":[2.66667,2.66667,1.33333,9.33333],"texture":"#2"}}},{"from":[7.25,7.28937,2.12008],"to":[8.75,8.78937,3.12008],"rotation":{"angle":0,"axis":"y","origin":[7.5,7.53937,3.12008]},"faces":{"north":{"uv":[3.33333,10,4.33333,11],"texture":"#2"},"east":{"uv":[10.66667,1.33333,11.33333,2.33333],"texture":"#2"},"west":{"uv":[10.66667,6,11.33333,7],"texture":"#2"},"up":{"uv":[11.66667,3.33333,10.66667,2.66667],"texture":"#2"},"down":{"uv":[11.66667,7.33333,10.66667,8],"texture":"#2"}}},{"from":[7.25,7.28937,13.12992],"to":[8.75,8.78937,14.12992],"rotation":{"angle":0,"axis":"y","origin":[7.5,7.53937,13.12992]},"faces":{"east":{"uv":[11.33333,1.33333,12,2.33333],"texture":"#2"},"south":{"uv":[4.66667,10,5.66667,11],"texture":"#2"},"west":{"uv":[2.66667,11.33333,3.33333,12.33333],"texture":"#2"},"up":{"uv":[4.33333,12,3.33333,11.33333],"texture":"#2"},"down":{"uv":[12.33333,3.33333,11.33333,4],"texture":"#2"}}},{"from":[7.5,7.53937,1.12008],"to":[8.5,8.53937,2.12008],"rotation":{"angle":0,"axis":"y","origin":[7.5,7.53937,3.12008]},"faces":{"north":{"uv":[7.33333,6.66667,8,7.33333],"texture":"#2"},"east":{"uv":[8,4,8.66667,4.66667],"texture":"#2"},"west":{"uv":[2,9.33333,2.66667,10],"texture":"#2"},"up":{"uv":[10,4,9.33333,3.33333],"texture":"#2"},"down":{"uv":[10.66667,1.33333,10,2],"texture":"#2"}}},{"from":[7.5,9.03937,5.47992],"to":[8.5,9.78937,6.27992],"rotation":{"angle":0,"axis":"y","origin":[7.5,9.03937,6.12992]},"faces":{"north":{"uv":[10,6,10.66667,6.66667],"texture":"#2"},"east":{"uv":[6.66667,11.33333,7.33333,12],"texture":"#2"},"south":{"uv":[7.33333,11.33333,8,12],"texture":"#2"},"west":{"uv":[11.33333,8,12,8.66667],"texture":"#2"}}},{"from":[7.25,9.78937,5.37992],"to":[8.75,11.28937,6.37992],"rotation":{"angle":0,"axis":"y","origin":[7.5,9.03937,6.12992]},"faces":{"north":{"uv":[10,3.33333,11,4.33333],"texture":"#2"},"east":{"uv":[8,10.66667,8.66667,11.66667],"texture":"#2"},"west":{"uv":[10.66667,8,11.33333,9],"texture":"#2"},"up":{"uv":[9.66667,11.33333,8.66667,10.66667],"texture":"#2"},"down":{"uv":[11.66667,9.33333,10.66667,10],"texture":"#2"}}},{"from":[7.25,9.78937,6.87992],"to":[8.75,11.28937,7.87992],"rotation":{"angle":0,"axis":"y","origin":[7.5,9.03937,6.12992]},"faces":{"east":{"uv":[10,10.66667,10.66667,11.66667],"texture":"#2"},"west":{"uv":[10.66667,10,11.33333,11],"texture":"#2"},"up":{"uv":[12.33333,0.66667,11.33333,0],"texture":"#2"},"down":{"uv":[12.33333,0.66667,11.33333,1.33333],"texture":"#2"}}},{"from":[7,9.53937,7.87992],"to":[9,11.53937,12.87992],"rotation":{"angle":0,"axis":"y","origin":[7.5,9.03937,6.12992]},"faces":{"north":{"uv":[8,2.66667,9.33333,4],"texture":"#2"},"east":{"uv":[2.66667,2.66667,6,4],"texture":"#2"},"south":{"uv":[8,6.66667,9.33333,8],"texture":"#2"},"west":{"uv":[2.66667,4,6,5.33333],"texture":"#2"},"up":{"uv":[4,8.66667,2.66667,5.33333],"texture":"#2"},"down":{"uv":[5.33333,5.33333,4,8.66667],"texture":"#2"}}},{"from":[7,9.53937,6.37992],"to":[9,11.53937,6.87992],"rotation":{"angle":0,"axis":"y","origin":[7.5,9.03937,6.12992]},"faces":{"north":{"uv":[8,0,9.33333,1.33333],"texture":"#2"},"east":{"uv":[8.66667,11.33333,9,12.66667],"texture":"#2"},"south":{"uv":[8,1.33333,9.33333,2.66667],"texture":"#2"},"west":{"uv":[9.33333,11.33333,9.66667,12.66667],"texture":"#2"},"up":{"uv":[12.66667,9,11.33333,8.66667],"texture":"#2"},"down":{"uv":[12.66667,10,11.33333,10.33333],"texture":"#2"}}},{"from":[6.75,9.03937,9.12992],"to":[9.25,11.78937,9.62992],"rotation":{"angle":0,"axis":"y","origin":[7.5,9.03937,6.12992]},"faces":{"north":{"uv":[5.33333,5.33333,7,7.33333],"texture":"#2"},"east":{"uv":[1.33333,11.33333,1.66667,13.33333],"texture":"#2"},"south":{"uv":[6,2.66667,7.66667,4.66667],"texture":"#2"},"west":{"uv":[2,11.33333,2.33333,13.33333],"texture":"#2"},"up":{"uv":[13,4.33333,11.33333,4],"texture":"#2"},"down":{"uv":[6.33333,11.33333,4.66667,11.66667],"texture":"#2"}}},{"from":[7.29289,11.53937,10.83702],"to":[8.29289,12.03937,11.83702],"rotation":{"angle":-45,"axis":"y","origin":[7.29289,11.53937,11.83702]},"faces":{"north":{"uv":[12,6,12.66667,6.33333],"texture":"#2"},"east":{"uv":[12,6.66667,12.66667,7],"texture":"#2"},"south":{"uv":[7.33333,12,8,12.33333],"texture":"#2"},"west":{"uv":[12,7.33333,12.66667,7.66667],"texture":"#2"},"up":{"uv":[11.33333,12,10.66667,11.33333],"texture":"#2"},"down":{"uv":[12,10.66667,11.33333,11.33333],"texture":"#2"}}},{"from":[8,6.25,10],"to":[8.5,6.75,11],"rotation":{"angle":45,"axis":"z","origin":[8,6.25,10]},"faces":{"east":{"uv":[8,12,8.66667,12.33333],"texture":"#2"},"west":{"uv":[12,8,12.66667,8.33333],"texture":"#2"},"up":{"uv":[12.33333,10,12,9.33333],"texture":"#2"},"down":{"uv":[10.33333,12,10,12.66667],"texture":"#2"}}},{"from":[7.85,6.1,9.5],"to":[8.65,6.9,10],"rotation":{"angle":45,"axis":"z","origin":[8,6.25,9]},"faces":{"north":{"uv":[11.33333,11.33333,12,12],"texture":"#2"},"east":{"uv":[10.66667,12,11,12.66667],"texture":"#2"},"south":{"uv":[0,12,0.66667,12.66667],"texture":"#2"},"west":{"uv":[12,10.66667,12.33333,11.33333],"texture":"#2"},"up":{"uv":[12,12.33333,11.33333,12],"texture":"#2"},"down":{"uv":[12.66667,11.33333,12,11.66667],"texture":"#2"}}},{"from":[7.25,5.78937,5.62008],"to":[8.75,7.03937,7.62008],"rotation":{"angle":0,"axis":"y","origin":[7.5,6.03937,6.62008]},"faces":{"north":{"uv":[10,4.66667,11,5.66667],"texture":"#2"},"east":{"uv":[4,8.66667,5.33333,9.66667],"texture":"#2"},"south":{"uv":[6,10,7,11],"texture":"#2"},"west":{"uv":[8.66667,4,10,5],"texture":"#2"},"down":{"uv":[6.33333,8.66667,5.33333,10],"texture":"#2"}}},{"from":[7.2535,6.42325,7.15041],"to":[8.7465,7.32325,9.15041],"rotation":{"angle":-45,"axis":"x","origin":[7.5035,6.67325,8.15041]},"faces":{"east":{"uv":[8.66667,5.33333,10,6.33333],"texture":"#2"},"west":{"uv":[6.66667,8.66667,8,9.66667],"texture":"#2"},"down":{"uv":[1,9.33333,0,10.66667],"texture":"#2"}}},{"from":[7.5,5.93937,2.62008],"to":[8.5,6.93937,4.62008],"rotation":{"angle":0,"axis":"y","origin":[7.5,5.93937,2.62008]},"faces":{"north":{"uv":[0.66667,12,1.33333,12.66667],"texture":"#2"},"east":{"uv":[6,4.66667,7.33333,5.33333],"texture":"#2"},"south":{"uv":[12,1.33333,12.66667,2],"texture":"#2"},"west":{"uv":[6.66667,2,8,2.66667],"texture":"#2"},"up":{"uv":[0.66667,12,0,10.66667],"texture":"#2"},"down":{"uv":[1.33333,10.66667,0.66667,12],"texture":"#2"}}},{"from":[7.6,6.03937,4.62008],"to":[8.4,6.83937,5.62008],"rotation":{"angle":0,"axis":"y","origin":[7.5,5.93937,4.62008]},"faces":{"east":{"uv":[12,2,12.66667,2.66667],"texture":"#2"},"west":{"uv":[12,2.66667,12.66667,3.33333],"texture":"#2"},"up":{"uv":[4,12.66667,3.33333,12],"texture":"#2"},"down":{"uv":[4.66667,12,4,12.66667],"texture":"#2"}}}],"gui_light":"front","display":{"thirdperson_righthand":{"translation":[0,1,-1]},"thirdperson_lefthand":{"translation":[0,1,-1]},"firstperson_righthand":{"translation":[0,3.25,-1]},"firstperson_lefthand":{"translation":[0,3.25,-1]},"ground":{"rotation":[45,0,0],"translation":[0,5,0]},"gui":{"rotation":[-90,135,90],"translation":[-0.5,1,0],"scale":[1.6,1.6,1.6]},"fixed":{"rotation":[90,-45,90],"translation":[0,0,-1.75],"scale":[2,2,2]}}}