{"credit":"Made with Blockbench","texture_size":[32,32],"textures":{"0":"mimix:tools/fishing_rod/rod1","1":"mimix:tools/fishing_rod/rod2","particle":"mimix:tools/fishing_rod/rod1"},"elements":[{"from":[7.5,3,8],"to":[8,10,9],"faces":{"north":{"uv":[4,5,4.25,8.5],"texture":"#0"},"east":{"uv":[1,5,0.5,8.5],"texture":"#0"},"south":{"uv":[4.5,5,4.75,8.5],"texture":"#0"},"west":{"uv":[0.5,5,1,8.5],"texture":"#0"},"up":{"uv":[6.75,8.5,6.5,8],"texture":"#0"},"down":{"uv":[7.25,8,7,8.5],"texture":"#0"}}},{"from":[7.25,11,7.75],"to":[8.25,15,9.25],"faces":{"north":{"uv":[5,0,5.5,2],"texture":"#0"},"east":{"uv":[2.75,4.5,2,6.5],"texture":"#0"},"south":{"uv":[5,2,5.5,4],"texture":"#0"},"west":{"uv":[2,4.5,2.75,6.5],"texture":"#0"},"up":{"uv":[7,7.75,6.5,7],"texture":"#0"},"down":{"uv":[7.5,7,7,7.75],"texture":"#0"}}},{"from":[7.5,12.5,6.75],"to":[8,13,8.25],"faces":{"north":{"uv":[5,8.5,5.25,8.75],"texture":"#0"},"east":{"uv":[3,8,3.75,8.25],"texture":"#0"},"south":{"uv":[8.5,5,8.75,5.25],"texture":"#0"},"west":{"uv":[5,8,5.75,8.25],"texture":"#0"},"up":{"uv":[8.25,5.75,8,5],"texture":"#0"},"down":{"uv":[6.25,8,6,8.75],"texture":"#0"}}},{"from":[7.5,14.5,6.75],"to":[8,19.5,7.75],"rotation":{"angle":-22.5,"axis":"x","origin":[7.75,18,8.5]},"faces":{"north":{"uv":[6,4.5,6.25,7],"texture":"#0"},"east":{"uv":[4,4.5,3.5,7],"texture":"#0"},"south":{"uv":[6.5,0,6.75,2.5],"texture":"#0"},"west":{"uv":[3.5,4.5,4,7],"texture":"#0"},"up":{"uv":[2.25,9,2,8.5],"texture":"#0"},"down":{"uv":[8.75,2,8.5,2.5],"texture":"#0"}}},{"from":[7.5,15.5,5.75],"to":[8,16,6.75],"rotation":{"angle":-22.5,"axis":"x","origin":[7.75,18,8.5]},"faces":{"north":{"uv":[5.5,8.5,5.75,8.75],"texture":"#0"},"east":{"uv":[2.5,8.5,3,8.75],"texture":"#0"},"south":{"uv":[8.5,5.5,8.75,5.75],"texture":"#0"},"west":{"uv":[8.5,2.5,9,2.75],"texture":"#0"},"up":{"uv":[3.25,9,3,8.5],"texture":"#0"},"down":{"uv":[8.75,3,8.5,3.5],"texture":"#0"}}},{"from":[7.5,18.5,5.75],"to":[8,19,6.75],"rotation":{"angle":-22.5,"axis":"x","origin":[7.75,18,8.5]},"faces":{"north":{"uv":[8.5,6,8.75,6.25],"texture":"#0"},"east":{"uv":[8.5,3.5,9,3.75],"texture":"#0"},"south":{"uv":[6.5,8.5,6.75,8.75],"texture":"#0"},"west":{"uv":[8.5,3.5,9,3.75],"texture":"#0"},"up":{"uv":[8.75,4.5,8.5,4],"texture":"#0"},"down":{"uv":[8.75,4.5,8.5,5],"texture":"#0"}}},{"from":[7.75,10,1],"to":[7.75,19,8],"faces":{"north":{"uv":[0,0,0,4.5],"texture":"#0"},"east":{"uv":[5,0,1.5,4.5],"texture":"#0"},"south":{"uv":[0,0,0,4.5],"texture":"#0"},"west":{"uv":[1.5,0,5,4.5],"texture":"#0"},"up":{"uv":[0,3.5,0,0],"texture":"#0"},"down":{"uv":[0,0,0,3.5],"texture":"#0"}}},{"from":[7.25,2,7.75],"to":[8.25,3,9.25],"faces":{"north":{"uv":[7,2,7.5,2.5],"texture":"#0"},"east":{"uv":[6.5,5.5,7.25,6],"texture":"#0"},"south":{"uv":[7,2,7.5,2.5],"texture":"#0"},"west":{"uv":[6.5,5.5,7.25,6],"texture":"#0"},"up":{"uv":[7,6.75,6.5,6],"texture":"#0"},"down":{"uv":[7.5,0,7,0.75],"texture":"#0"}}},{"from":[7.225,9.5,8],"to":[8.275,11,9.5],"rotation":{"angle":45,"axis":"x","origin":[7.75,10.5,8.5]},"faces":{"north":{"uv":[3.5,7,4,7.75],"texture":"#0"},"east":{"uv":[0,0,12,12],"texture":"#1"},"south":{"uv":[7,3.5,7.5,4.25],"texture":"#0"},"west":{"uv":[0,0,12,12],"texture":"#1"},"up":{"uv":[5.5,7.75,5,7],"texture":"#0"},"down":{"uv":[6,7,5.5,7.75],"texture":"#0"}}},{"from":[7,9,9.5],"to":[8.5,11.5,10],"rotation":{"angle":45,"axis":"x","origin":[7.75,10.5,8.5]},"faces":{"north":{"uv":[5,4,5.75,5.25],"texture":"#0"},"east":{"uv":[1,7.5,1.25,8.75],"texture":"#0"},"south":{"uv":[5,4,5.75,5.25],"texture":"#0"},"west":{"uv":[1,7.5,1.25,8.75],"texture":"#0"},"up":{"uv":[8.25,4.25,7.5,4],"texture":"#0"},"down":{"uv":[8.25,4.5,7.5,4.75],"texture":"#0"}}},{"from":[7,9.5,7.5],"to":[8.5,11,8],"rotation":{"angle":45,"axis":"x","origin":[7.75,10.5,8.5]},"faces":{"north":{"uv":[6.5,4.5,7.25,5.25],"texture":"#0"},"east":{"uv":[7.5,5,7.75,5.75],"texture":"#0"},"south":{"uv":[6.5,4.5,7.25,5.25],"texture":"#0"},"west":{"uv":[7.5,5,7.75,5.75],"texture":"#0"},"up":{"uv":[8.25,6.5,7.5,6.75],"texture":"#0"},"down":{"uv":[8.25,6.5,7.5,6.75],"texture":"#0"}}},{"from":[7,10.11612,7.13388],"to":[8.5,10.61612,9.13388],"rotation":{"angle":45,"axis":"x","origin":[7.75,9.61612,9.38388]},"faces":{"north":{"uv":[7.5,7,8.25,7.25],"texture":"#0"},"east":{"uv":[8.5,1.5,7.5,1.75],"texture":"#0"},"south":{"uv":[7.5,7.5,8.25,7.75],"texture":"#0"},"west":{"uv":[7.5,1.5,8.5,1.75],"texture":"#0"},"up":{"uv":[6.25,2.5,5.5,1.5],"texture":"#0"},"down":{"uv":[5.5,1.5,6.25,2.5],"texture":"#0"}}},{"from":[7,8.11612,7.13388],"to":[8.5,8.61612,9.13388],"rotation":{"angle":45,"axis":"x","origin":[7.75,9.61612,9.38388]},"faces":{"north":{"uv":[8,0,8.75,0.25],"texture":"#0"},"east":{"uv":[8.5,2.5,7.5,2.75],"texture":"#0"},"south":{"uv":[8,0.5,8.75,0.75],"texture":"#0"},"west":{"uv":[7.5,2.5,8.5,2.75],"texture":"#0"},"up":{"uv":[5.75,6.5,5,5.5],"texture":"#0"},"down":{"uv":[5.75,5.5,5,6.5],"texture":"#0"}}},{"from":[7.25,7.75,7.75],"to":[8.25,8.25,9.25],"faces":{"north":{"uv":[8.5,1.5,9,1.75],"texture":"#0"},"east":{"uv":[1.5,8,2.25,8.25],"texture":"#0"},"south":{"uv":[8.5,1.5,9,1.75],"texture":"#0"},"west":{"uv":[1.5,8,2.25,8.25],"texture":"#0"},"up":{"uv":[6.5,7.75,6,7],"texture":"#0"},"down":{"uv":[6.5,7.75,6,7],"texture":"#0"}}},{"from":[7.25,3.25,7.75],"to":[8.25,3.75,9.25],"faces":{"north":{"uv":[8.5,1.5,9,1.75],"texture":"#0"},"east":{"uv":[1.5,8,2.25,8.25],"texture":"#0"},"south":{"uv":[8.5,1.5,9,1.75],"texture":"#0"},"west":{"uv":[1.5,8,2.25,8.25],"texture":"#0"},"up":{"uv":[6.5,7.75,6,7],"texture":"#0"},"down":{"uv":[6.5,7.75,6,7],"texture":"#0"}}}],"display":{"thirdperson_righthand":{"translation":[0.25,0.75,0.5],"scale":[1.25,1.25,1.25]},"thirdperson_lefthand":{"translation":[-0.25,0.75,0.5],"scale":[1.25,1.25,1.25]},"firstperson_righthand":{"translation":[0.5,-0.25,0],"scale":[0.75,0.75,0.75]},"firstperson_lefthand":{"translation":[0.5,-0.25,0],"scale":[0.75,0.75,0.75]},"ground":{"rotation":[-45,0,0],"translation":[0,-0.75,0],"scale":[0.75,0.75,0.75]},"gui":{"rotation":[-90,-45,-90],"translation":[-1.75,-2.25,0]},"head":{"scale":[0,0,0]},"fixed":{"rotation":[-90,50,90],"translation":[1.75,-1.5,-0.5]}}}