{"credit":"Made with Blockbench","textures":{"0":"mimix:tools/shovel/phantom_shovel","1":"mimix:tools/shovel/phantom_shovel2","particle":"mimix:tools/shovel/phantom_shovel"},"elements":[{"from":[7.5,1,8],"to":[8,10,9],"faces":{"north":{"uv":[7,0,7.5,9],"texture":"#0"},"east":{"uv":[7,0,6,9],"texture":"#0"},"south":{"uv":[8,0,8.5,9],"texture":"#0"},"west":{"uv":[6,0,7,9],"texture":"#0"},"up":{"uv":[8.5,10.5,8,9.5],"texture":"#0"},"down":{"uv":[11.5,3.5,11,4.5],"texture":"#0"}}},{"from":[7.25,0,7.75],"to":[8.25,1,9.25],"faces":{"north":{"uv":[3.5,6,4.5,7],"texture":"#0"},"east":{"uv":[11,0.5,12.5,1.5],"texture":"#0"},"south":{"uv":[4.5,6,5.5,7],"texture":"#0"},"west":{"uv":[11,0.5,12.5,1.5],"texture":"#0"},"up":{"uv":[3,7.5,2,6],"texture":"#0"},"down":{"uv":[12,1.5,11,3],"texture":"#0"}}},{"from":[7.25,1.25,7.75],"to":[8.25,1.75,9.25],"faces":{"north":{"uv":[3.5,13,4.5,13.5],"texture":"#0"},"east":{"uv":[3.5,8.5,5,9],"texture":"#0"},"south":{"uv":[3.5,13,4.5,13.5],"texture":"#0"},"west":{"uv":[3.5,8.5,5,9],"texture":"#0"},"up":{"uv":[1.5,10,0.5,8.5],"texture":"#0"},"down":{"uv":[1.5,10,0.5,8.5],"texture":"#0"}}},{"from":[7.225,9.5,8],"to":[8.275,11,9.5],"rotation":{"angle":45,"axis":"x","origin":[7.75,10.5,8.5]},"faces":{"north":{"uv":[0,11,1,12.5],"texture":"#0"},"east":{"uv":[0,0,11.9,11.9],"texture":"#1"},"south":{"uv":[0,11,1,12.5],"texture":"#0"},"west":{"uv":[0,0,11.9,11.9],"texture":"#1"},"up":{"uv":[1,12.5,0,11],"texture":"#0"},"down":{"uv":[1,11,0,12.5],"texture":"#0"}}},{"from":[7.25,11.85,8.5],"to":[8.25,12.85,9.5],"rotation":{"angle":45,"axis":"x","origin":[7.75,12.85,8.5]},"faces":{"north":{"uv":[9,9,10,10],"texture":"#0"},"east":{"uv":[10,11,9,12],"texture":"#0"},"south":{"uv":[9,10,10,11],"texture":"#0"},"west":{"uv":[9,11,10,12],"texture":"#0"},"up":{"uv":[11,10,10,9],"texture":"#0"},"down":{"uv":[11,10,10,11],"texture":"#0"}}},{"from":[7,9,9.5],"to":[8.5,11.5,10],"rotation":{"angle":45,"axis":"x","origin":[7.75,10.5,8.5]},"faces":{"north":{"uv":[9,0,10.5,2.5],"texture":"#0"},"east":{"uv":[0,8.5,0.5,11],"texture":"#0"},"south":{"uv":[9,0,10.5,2.5],"texture":"#0"},"west":{"uv":[0,8.5,0.5,11],"texture":"#0"},"up":{"uv":[12,0.5,10.5,0],"texture":"#0"},"down":{"uv":[5,7.5,3.5,8],"texture":"#0"}}},{"from":[7,9.5,7.5],"to":[8.5,11,8],"rotation":{"angle":45,"axis":"x","origin":[7.75,10.5,8.5]},"faces":{"north":{"uv":[9,5,10.5,6.5],"texture":"#0"},"east":{"uv":[5,7.5,5.5,9],"texture":"#0"},"south":{"uv":[9,5,10.5,6.5],"texture":"#0"},"west":{"uv":[5,7.5,5.5,9],"texture":"#0"},"up":{"uv":[10.5,6.5,9,7],"texture":"#0"},"down":{"uv":[10.5,6.5,9,7],"texture":"#0"}}},{"from":[7.275,11.09727,7.12417],"to":[8.225,12.09727,7.62417],"rotation":{"angle":-22.5,"axis":"x","origin":[7.75,11.47227,7.37417]},"faces":{"north":{"uv":[7,9.5,8,10.5],"texture":"#0"},"east":{"uv":[5,11,5.5,12],"texture":"#0"},"south":{"uv":[6,9.5,7,10.5],"texture":"#0"},"west":{"uv":[9,12.5,9.5,13.5],"texture":"#0"},"up":{"uv":[7.5,12,6.5,11.5],"texture":"#0"},"down":{"uv":[10,13.5,9,14],"texture":"#0"}}},{"from":[7.275,11.09727,9.37583],"to":[8.225,12.09727,9.87583],"rotation":{"angle":22.5,"axis":"x","origin":[7.75,11.47227,9.62583]},"faces":{"north":{"uv":[9,7.5,9.95,8.5],"texture":"#0"},"east":{"uv":[10,7.5,10.5,8.5],"texture":"#0"},"south":{"uv":[4.5,9.5,5.45,10.5],"texture":"#0"},"west":{"uv":[6,11,6.5,12],"texture":"#0"},"up":{"uv":[7.45,11.5,6.5,11],"texture":"#0"},"down":{"uv":[8.45,11,7.5,11.5],"texture":"#0"}}},{"from":[7.25,10.81996,9.17983],"to":[8.25,11.31996,9.67983],"rotation":{"angle":-22.5,"axis":"x","origin":[7.75,11.06996,9.17983]},"faces":{"north":{"uv":[0,13,1,13.5],"texture":"#0"},"east":{"uv":[7,13.5,7.5,14],"texture":"#0"},"south":{"uv":[1,13,2,13.5],"texture":"#0"},"west":{"uv":[4.5,11.5,5,12],"texture":"#0"},"up":{"uv":[3,13.5,2,13],"texture":"#0"},"down":{"uv":[3,10.5,2,11],"texture":"#0"}}},{"from":[7.25,10.81996,7.32017],"to":[8.25,11.31996,7.82017],"rotation":{"angle":22.5,"axis":"x","origin":[7.75,11.06996,7.82017]},"faces":{"north":{"uv":[6,12.5,7,13],"texture":"#0"},"east":{"uv":[7,12.5,7.5,13],"texture":"#0"},"south":{"uv":[2,9.5,3,10],"texture":"#0"},"west":{"uv":[4.5,11,5,11.5],"texture":"#0"},"up":{"uv":[7,14,6,13.5],"texture":"#0"},"down":{"uv":[4,9.5,3,10],"texture":"#0"}}},{"from":[7.75,12.25,6],"to":[7.75,17.25,11],"rotation":{"angle":0,"axis":"y","origin":[7.75,11.56066,7.08579]},"faces":{"north":{"uv":[0,0,0,5],"texture":"#0"},"east":{"uv":[0,0,5,5],"texture":"#0"},"south":{"uv":[0,0,0,5],"texture":"#0"},"west":{"uv":[0,0,5,5],"texture":"#0"},"up":{"uv":[0,5,0,0],"texture":"#0"},"down":{"uv":[0,0,0,5],"texture":"#0"}}},{"from":[7,10.11612,7.13388],"to":[8.5,10.61612,9.13388],"rotation":{"angle":45,"axis":"x","origin":[7.75,9.61612,9.38388]},"faces":{"north":{"uv":[0,14,1.5,14.5],"texture":"#0"},"east":{"uv":[1.5,14,3.5,14.5],"texture":"#0"},"south":{"uv":[0,15,1.5,15.5],"texture":"#0"},"west":{"uv":[3.5,14,1.5,14.5],"texture":"#0"},"up":{"uv":[1.5,8,0,6],"texture":"#0"},"down":{"uv":[1.5,6,0,8],"texture":"#0"}}},{"from":[7,8.11612,7.13388],"to":[8.5,8.61612,9.13388],"rotation":{"angle":45,"axis":"x","origin":[7.75,9.61612,9.38388]},"faces":{"north":{"uv":[2,11.5,3.5,12],"texture":"#0"},"east":{"uv":[2,12,4,12.5],"texture":"#0"},"south":{"uv":[2,11.5,3.5,12],"texture":"#0"},"west":{"uv":[4,12,2,12.5],"texture":"#0"},"up":{"uv":[10.5,5,9,3],"texture":"#0"},"down":{"uv":[10.5,3,9,5],"texture":"#0"}}},{"from":[7.25,7.75,7.75],"to":[8.25,8.25,9.25],"faces":{"north":{"uv":[3.5,13,4.5,13.5],"texture":"#0"},"east":{"uv":[3.5,8.5,5,9],"texture":"#0"},"south":{"uv":[3.5,13,4.5,13.5],"texture":"#0"},"west":{"uv":[3.5,8.5,5,9],"texture":"#0"},"up":{"uv":[1.5,10,0.5,8.5],"texture":"#0"},"down":{"uv":[1.5,10,0.5,8.5],"texture":"#0"}}}],"display":{"thirdperson_righthand":{"translation":[0.25,2.75,0.5],"scale":[1.25,1.25,1.25]},"thirdperson_lefthand":{"translation":[-0.25,2.75,0.5],"scale":[1.25,1.25,1.25]},"firstperson_righthand":{"translation":[0.5,2.25,0],"scale":[1.25,1.25,1.25]},"firstperson_lefthand":{"translation":[0.5,2.25,0],"scale":[1.25,1.25,1.25]},"ground":{"rotation":[-45,0,0],"translation":[0,0.5,0],"scale":[0.85,0.85,0.85]},"gui":{"rotation":[-90,-45,-90],"translation":[0.25,-0.5,0]},"head":{"scale":[0,0,0]},"fixed":{"rotation":[90,-45,90],"translation":[0.5,0.5,-0.5]}}}