{"credit":"MadebyPolygonMC","texture_size":[8,8],"textures":{"1":"oceanset:hammer","2":"oceanset:animation_hammer","particle":"oceanset:animation_hammer"},"elements":[{"from":[7.5,2.45,7.5],"to":[8.5,4.95,8.5],"rotation":{"angle":0,"axis":"y","origin":[7.5,-0.05,7.5]},"faces":{"north":{"uv":[4,8.66667,4.66667,10.33333],"texture":"#1"},"east":{"uv":[8.66667,4,9.33333,5.66667],"texture":"#1"},"south":{"uv":[4.66667,8.66667,5.33333,10.33333],"texture":"#1"},"west":{"uv":[5.33333,8.66667,6,10.33333],"texture":"#1"},"down":{"uv":[3.33333,8,2.66667,8.66667],"texture":"#1"}}},{"from":[7.6,-0.05,7.6],"to":[8.4,2.45,8.4],"rotation":{"angle":0,"axis":"y","origin":[7.5,-2.55,7.5]},"faces":{"north":{"uv":[6,8.66667,6.66667,10.33333],"texture":"#1"},"east":{"uv":[8.66667,6,9.33333,7.66667],"texture":"#1"},"south":{"uv":[6.66667,8.66667,7.33333,10.33333],"texture":"#1"},"west":{"uv":[8.66667,8,9.33333,9.66667],"texture":"#1"}}},{"from":[7.475,-1.3,7.25],"to":[8.525,0.2,8.75],"rotation":{"angle":-45,"axis":"x","origin":[8,-0.55,8]},"faces":{"north":{"uv":[11.33333,10.66667,12,11.66667],"texture":"#1"},"east":{"uv":[9.33333,0,10.33333,1],"texture":"#1"},"south":{"uv":[12,0,12.66667,1],"texture":"#1"},"west":{"uv":[1.33333,9.33333,2.33333,10.33333],"texture":"#1"},"up":{"uv":[2,13,1.33333,12],"texture":"#1"},"down":{"uv":[12.66667,1.33333,12,2.33333],"texture":"#1"}}},{"from":[7.275,-1,7.55],"to":[8.725,-0.1,8.45],"rotation":{"angle":-45,"axis":"x","origin":[8,-0.55,8]},"faces":{"north":{"uv":[12,2.66667,13,3.33333],"texture":"#1"},"east":{"uv":[8.66667,10,9.33333,10.66667],"texture":"#1"},"south":{"uv":[12,3.33333,13,4],"texture":"#1"},"west":{"uv":[6.66667,12,7.33333,12.66667],"texture":"#1"},"up":{"uv":[5,12.66667,4,12],"texture":"#1"},"down":{"uv":[13,4,12,4.66667],"texture":"#1"}}},{"from":[7.25,4.95,7.25],"to":[8.75,6.2,8.75],"rotation":{"angle":0,"axis":"y","origin":[7.5,-0.05,7.5]},"faces":{"north":{"uv":[9.33333,4,10.33333,5],"texture":"#1"},"east":{"uv":[9.33333,5.33333,10.33333,6.33333],"texture":"#1"},"south":{"uv":[9.33333,6.66667,10.33333,7.66667],"texture":"#1"},"west":{"uv":[7.33333,9.33333,8.33333,10.33333],"texture":"#1"},"up":{"uv":[10.33333,9,9.33333,8],"texture":"#1"},"down":{"uv":[10.33333,9.33333,9.33333,10.33333],"texture":"#1"}}},{"from":[7.25,11.95,7.25],"to":[8.75,13.2,8.75],"rotation":{"angle":0,"axis":"y","origin":[7.5,6.95,7.5]},"faces":{"north":{"uv":[10,1.33333,11,2.33333],"texture":"#1"},"east":{"uv":[2.66667,10,3.66667,11],"texture":"#1"},"south":{"uv":[10,2.66667,11,3.66667],"texture":"#1"},"west":{"uv":[10.66667,0,11.66667,1],"texture":"#1"},"up":{"uv":[2.33333,11.66667,1.33333,10.66667],"texture":"#1"},"down":{"uv":[5,10.66667,4,11.66667],"texture":"#1"}}},{"from":[7.4,12.5,7],"to":[8.6,14.5,9],"rotation":{"angle":-45,"axis":"x","origin":[8,13.5,8]},"faces":{"north":{"uv":[10.66667,9.33333,11.33333,10.66667],"texture":"#1"},"east":{"uv":[3.33333,6,4.66667,7.33333],"texture":"#1"},"south":{"uv":[10.66667,10.66667,11.33333,12],"texture":"#1"},"west":{"uv":[4.66667,6,6,7.33333],"texture":"#1"},"up":{"uv":[0.66667,12.66667,0,11.33333],"texture":"#1"},"down":{"uv":[1.33333,11.33333,0.66667,12.66667],"texture":"#1"}}},{"from":[7.15,12.75,7.25],"to":[8.85,14.25,8.75],"rotation":{"angle":-45,"axis":"x","origin":[8,13.5,8]},"faces":{"north":{"uv":[10.66667,4,11.66667,5],"texture":"#1"},"east":{"uv":[5.33333,10.66667,6.33333,11.66667],"texture":"#1"},"south":{"uv":[10.66667,5.33333,11.66667,6.33333],"texture":"#1"},"west":{"uv":[6.66667,10.66667,7.66667,11.66667],"texture":"#1"},"up":{"uv":[11.66667,7.66667,10.66667,6.66667],"texture":"#1"},"down":{"uv":[9,10.66667,8,11.66667],"texture":"#1"}}},{"from":[7.5,14,7],"to":[8.5,16,9],"rotation":{"angle":-45,"axis":"x","origin":[8,15,8]},"faces":{"north":{"uv":[11.33333,1.33333,12,2.66667],"texture":"#1"},"east":{"uv":[6,6,7.33333,7.33333],"texture":"#1"},"south":{"uv":[2.66667,11.33333,3.33333,12.66667],"texture":"#1"},"west":{"uv":[3.33333,7.33333,4.66667,8.66667],"texture":"#1"},"up":{"uv":[12,4,11.33333,2.66667],"texture":"#1"},"down":{"uv":[4,11.33333,3.33333,12.66667],"texture":"#1"}}},{"from":[7.65,15.5,7],"to":[8.35,17,8.5],"rotation":{"angle":-45,"axis":"x","origin":[8,16.5,8]},"faces":{"north":{"uv":[9.33333,12,9.66667,13],"texture":"#1"},"east":{"uv":[10.66667,8,11.66667,9],"texture":"#1"},"south":{"uv":[10,12,10.33333,13],"texture":"#1"},"west":{"uv":[9.33333,10.66667,10.33333,11.66667],"texture":"#1"},"up":{"uv":[11,13,10.66667,12],"texture":"#1"},"down":{"uv":[12.33333,10.66667,12,11.66667],"texture":"#1"}}},{"from":[7.5,14.25,4.75],"to":[8.5,15.75,7.25],"rotation":{"angle":22.5,"axis":"x","origin":[7.5,14.25,3.25]},"faces":{"north":{"uv":[2,12,2.66667,13],"texture":"#1"},"east":{"uv":[8,1.33333,9.66667,2.33333],"texture":"#1"},"south":{"uv":[12,4.66667,12.66667,5.66667],"texture":"#1"},"west":{"uv":[8,2.66667,9.66667,3.66667],"texture":"#1"},"up":{"uv":[0.66667,11,0,9.33333],"texture":"#1"},"down":{"uv":[1.33333,9.33333,0.66667,11],"texture":"#1"}}},{"from":[7.25,14.25,4.875],"to":[8.75,15.25,6.75],"rotation":{"angle":22.5,"axis":"x","origin":[8,15,4]},"faces":{"north":{"uv":[5.33333,12,6.33333,12.66667],"texture":"#1"},"east":{"uv":[11.33333,9.33333,12.66667,10],"texture":"#1"},"south":{"uv":[12,6,13,6.66667],"texture":"#1"},"west":{"uv":[11.33333,10,12.66667,10.66667],"texture":"#1"},"up":{"uv":[8.33333,9.33333,7.33333,8],"texture":"#1"},"down":{"uv":[3.66667,8.66667,2.66667,10],"texture":"#1"}}},{"from":[7.25,14.25,9.25],"to":[8.75,15.25,11.125],"rotation":{"angle":-22.5,"axis":"x","origin":[8,15,12]},"faces":{"north":{"uv":[13,6,12,6.66667],"texture":"#1"},"east":{"uv":[12.66667,9.33333,11.33333,10],"texture":"#1"},"south":{"uv":[6.33333,12,5.33333,12.66667],"texture":"#1"},"west":{"uv":[12.66667,10,11.33333,10.66667],"texture":"#1"},"up":{"uv":[8.33333,8,7.33333,9.33333],"texture":"#1"},"down":{"uv":[3.66667,10,2.66667,8.66667],"texture":"#1"}}},{"from":[7.5,14.25,8.75],"to":[8.5,15.75,11.25],"rotation":{"angle":-22.5,"axis":"x","origin":[7.5,14.25,12.75]},"faces":{"north":{"uv":[12.66667,4.66667,12,5.66667],"texture":"#1"},"east":{"uv":[9.66667,1.33333,8,2.33333],"texture":"#1"},"south":{"uv":[2.66667,12,2,13],"texture":"#1"},"west":{"uv":[9.66667,2.66667,8,3.66667],"texture":"#1"},"up":{"uv":[0.66667,9.33333,0,11],"texture":"#1"},"down":{"uv":[1.33333,11,0.66667,9.33333],"texture":"#1"}}},{"from":[8,-3,6.5],"to":[8,0,9.5],"rotation":{"angle":-45,"axis":"x","origin":[8,-1.5,8]},"faces":{"north":{"uv":[0,0,0,2],"texture":"#1"},"east":{"uv":[4,0,6,2],"texture":"#1"},"south":{"uv":[0,0,0,2],"texture":"#1"},"west":{"uv":[1.33333,4,3.33333,6],"texture":"#1"},"up":{"uv":[0,2,0,0],"texture":"#1"},"down":{"uv":[0,0,0,2],"texture":"#1"}}},{"from":[7.1,6,7.1],"to":[8.9,12,8.9],"rotation":{"angle":0,"axis":"y","origin":[7,6,7]},"faces":{"north":{"uv":[0,0,1.33333,4],"texture":"#1"},"east":{"uv":[1.33333,0,2.66667,4],"texture":"#1"},"south":{"uv":[2.66667,0,4,4],"texture":"#1"},"west":{"uv":[0,4,1.33333,8],"texture":"#1"},"up":{"uv":[8.66667,5.33333,7.33333,4],"texture":"#1"},"down":{"uv":[6,7.33333,4.66667,8.66667],"texture":"#1"}}},{"from":[7,10.75,5.5],"to":[9,12.75,7.5],"rotation":{"angle":-45,"axis":"z","origin":[8,11.75,6.5]},"faces":{"east":{"uv":[7.33333,5.33333,8.66667,6.66667],"texture":"#1"},"south":{"uv":[6,7.33333,7.33333,8.66667],"texture":"#1"},"west":{"uv":[7.33333,6.66667,8.66667,8],"texture":"#1"},"up":{"uv":[1.33333,9.33333,0,8],"texture":"#1"},"down":{"uv":[9.33333,0,8,1.33333],"texture":"#1"}}},{"from":[6.5,10.25,2.5],"to":[9.5,13.25,5.5],"rotation":{"angle":-45,"axis":"z","origin":[8,11.75,4.5]},"faces":{"north":{"uv":[4,2,6,4],"texture":"#1"},"east":{"uv":[3.33333,4,5.33333,6],"texture":"#1"},"south":{"uv":[5.33333,4,7.33333,6],"texture":"#1"},"west":{"uv":[6,0,8,2],"texture":"#1"},"up":{"uv":[3.33333,8,1.33333,6],"texture":"#1"},"down":{"uv":[8,2,6,4],"texture":"#1"}}},{"from":[7,10.75,2],"to":[9,12.75,2.5],"rotation":{"angle":-45,"axis":"z","origin":[8,11.75,1.5]},"faces":{"north":{"uv":[1.33333,8,2.66667,9.33333],"texture":"#1"},"east":{"uv":[12,6.66667,12.33333,8],"texture":"#1"},"west":{"uv":[7.33333,12,7.66667,13.33333],"texture":"#1"},"up":{"uv":[9.33333,12.33333,8,12],"texture":"#1"},"down":{"uv":[13.33333,8,12,8.33333],"texture":"#1"}}},{"from":[7,10.75,8.5],"to":[9,12.75,10.5],"rotation":{"angle":-45,"axis":"z","origin":[8,11.75,9.5]},"faces":{"north":{"uv":[7.33333,7.33333,6,8.66667],"texture":"#1"},"east":{"uv":[8.66667,5.33333,7.33333,6.66667],"texture":"#1"},"west":{"uv":[8.66667,6.66667,7.33333,8],"texture":"#1"},"up":{"uv":[1.33333,8,0,9.33333],"texture":"#1"},"down":{"uv":[9.33333,1.33333,8,0],"texture":"#1"}}},{"from":[6.5,10.25,10.5],"to":[9.5,13.25,13.5],"rotation":{"angle":-45,"axis":"z","origin":[8,11.75,11.5]},"faces":{"north":{"uv":[7.33333,4,5.33333,6],"texture":"#1"},"east":{"uv":[5.33333,4,3.33333,6],"texture":"#1"},"south":{"uv":[6,2,4,4],"texture":"#1"},"west":{"uv":[8,0,6,2],"texture":"#1"},"up":{"uv":[3.33333,6,1.33333,8],"texture":"#1"},"down":{"uv":[8,4,6,2],"texture":"#1"}}},{"from":[7,10.75,13.5],"to":[9,12.75,14],"rotation":{"angle":-45,"axis":"z","origin":[8,11.75,14.5]},"faces":{"east":{"uv":[12.33333,6.66667,12,8],"texture":"#1"},"south":{"uv":[2.66667,8,1.33333,9.33333],"texture":"#1"},"west":{"uv":[7.66667,12,7.33333,13.33333],"texture":"#1"},"up":{"uv":[9.33333,12,8,12.33333],"texture":"#1"},"down":{"uv":[13.33333,8.33333,12,8],"texture":"#1"}}},{"from":[6,13.25,1],"to":[6,16.25,6],"rotation":{"angle":45,"axis":"z","origin":[8,14.25,3.5]},"faces":{"north":{"uv":[0,0,0,6],"texture":"#2"},"east":{"uv":[10,0,0,6],"texture":"#2"},"south":{"uv":[0,0,0,6],"texture":"#2"},"west":{"uv":[0,0,10,6],"texture":"#2"},"up":{"uv":[0,10,0,0],"texture":"#2"},"down":{"uv":[0,0,0,10],"texture":"#2"}}},{"from":[6,13.25,10],"to":[6,16.25,15],"rotation":{"angle":45,"axis":"z","origin":[8,14.25,12.5]},"faces":{"north":{"uv":[0,0,0,6],"texture":"#2"},"east":{"uv":[0,0,10,6],"texture":"#2"},"south":{"uv":[0,0,0,6],"texture":"#2"},"west":{"uv":[10,0,0,6],"texture":"#2"},"up":{"uv":[0,0,0,10],"texture":"#2"},"down":{"uv":[0,10,0,0],"texture":"#2"}}},{"from":[10,13.25,10],"to":[10,16.25,15],"rotation":{"angle":-45,"axis":"z","origin":[8,14.25,12.5]},"faces":{"north":{"uv":[0,0,0,6],"texture":"#2"},"east":{"uv":[0,0,10,6],"texture":"#2"},"south":{"uv":[0,0,0,6],"texture":"#2"},"west":{"uv":[10,0,0,6],"texture":"#2"},"up":{"uv":[0,0,0,10],"texture":"#2"},"down":{"uv":[0,10,0,0],"texture":"#2"}}},{"from":[10,13.25,1],"to":[10,16.25,6],"rotation":{"angle":-45,"axis":"z","origin":[8,14.25,3.5]},"faces":{"north":{"uv":[0,0,0,6],"texture":"#2"},"east":{"uv":[10,0,0,6],"texture":"#2"},"south":{"uv":[0,0,0,6],"texture":"#2"},"west":{"uv":[0,0,10,6],"texture":"#2"},"up":{"uv":[0,10,0,0],"texture":"#2"},"down":{"uv":[0,0,0,10],"texture":"#2"}}},{"from":[10,7,10],"to":[10,10,15],"rotation":{"angle":45,"axis":"z","origin":[8,9,12.5]},"faces":{"north":{"uv":[0,6,0,0],"texture":"#2"},"east":{"uv":[0,6,10,0],"texture":"#2"},"south":{"uv":[0,6,0,0],"texture":"#2"},"west":{"uv":[10,6,0,0],"texture":"#2"},"up":{"uv":[0,0,0,10],"texture":"#2"},"down":{"uv":[0,10,0,0],"texture":"#2"}}},{"from":[10,7,1],"to":[10,10,6],"rotation":{"angle":45,"axis":"z","origin":[8,9,3.5]},"faces":{"north":{"uv":[0,6,0,0],"texture":"#2"},"east":{"uv":[10,6,0,0],"texture":"#2"},"south":{"uv":[0,6,0,0],"texture":"#2"},"west":{"uv":[0,6,10,0],"texture":"#2"},"up":{"uv":[0,10,0,0],"texture":"#2"},"down":{"uv":[0,0,0,10],"texture":"#2"}}},{"from":[6,7,1],"to":[6,10,6],"rotation":{"angle":-45,"axis":"z","origin":[8,9,3.5]},"faces":{"north":{"uv":[0,6,0,0],"texture":"#2"},"east":{"uv":[10,6,0,0],"texture":"#2"},"south":{"uv":[0,6,0,0],"texture":"#2"},"west":{"uv":[0,6,10,0],"texture":"#2"},"up":{"uv":[0,10,0,0],"texture":"#2"},"down":{"uv":[0,0,0,10],"texture":"#2"}}},{"from":[6,7,10],"to":[6,10,15],"rotation":{"angle":-45,"axis":"z","origin":[8,9,12.5]},"faces":{"north":{"uv":[0,6,0,0],"texture":"#2"},"east":{"uv":[0,6,10,0],"texture":"#2"},"south":{"uv":[0,6,0,0],"texture":"#2"},"west":{"uv":[10,6,0,0],"texture":"#2"},"up":{"uv":[0,0,0,10],"texture":"#2"},"down":{"uv":[0,10,0,0],"texture":"#2"}}}],"gui_light":"front","display":{"thirdperson_righthand":{"translation":[0,2.75,1]},"thirdperson_lefthand":{"translation":[0,2.75,1]},"firstperson_righthand":{"rotation":[-10,0,0],"translation":[-1.75,5,1.5]},"firstperson_lefthand":{"rotation":[-10,0,0],"translation":[-1.75,5,1.5]},"ground":{"translation":[0,12.5,0]},"gui":{"rotation":[90,-45,90],"translation":[0,0,-0.5],"scale":[1.03126,1.03126,1.03126]},"head":{"scale":[1.5,1.5,1.5],"rotation":[0,90,0]},"fixed":{"rotation":[90,-135,90],"translation":[0,0,-0.5],"scale":[1.13672,1.13672,1.13672]}}}