{"credit":"MadewithBlockbench","texture_size":[32,32],"textures":{"0":"snights_cosmetics_v1:redpanda_tail","particle":"snights_cosmetics_v1:redpanda_tail"},"elements":[{"from":[7,-14,4],"to":[9.5,-12,6],"rotation":{"angle":22.5,"axis":"x","origin":[4,-14,4]},"faces":{"north":{"uv":[9,2,11.5,4],"texture":"#0"},"east":{"uv":[11,10,13,12],"texture":"#0"},"south":{"uv":[9,8,11.5,10],"texture":"#0"},"west":{"uv":[11.5,2,13.5,4],"texture":"#0"},"up":{"uv":[2.5,12,0,10],"texture":"#0"},"down":{"uv":[5,10,2.5,12],"texture":"#0"}}},{"from":[6.75,-14.75,5.625],"to":[9.75,-12.25,11.125],"rotation":{"angle":0,"axis":"y","origin":[4,-14,4]},"faces":{"north":{"uv":[6,0,9,2.5],"texture":"#0"},"east":{"uv":[0,5.5,5.5,8],"texture":"#0"},"south":{"uv":[6,2.5,9,5],"texture":"#0"},"west":{"uv":[5.5,5.5,11,8],"texture":"#0"},"up":{"uv":[3,5.5,0,0],"texture":"#0"},"down":{"uv":[6,0,3,5.5],"texture":"#0"}}},{"from":[6.75,-14.75,11.125],"to":[6.75,-12.25,13.125],"rotation":{"angle":0,"axis":"y","origin":[4,-14,4]},"faces":{"north":{"uv":[0,0,0,2.5],"texture":"#0"},"east":{"uv":[5,10,7,12.5],"texture":"#0"},"south":{"uv":[0,0,0,2.5],"texture":"#0"},"west":{"uv":[7,10,9,12.5],"texture":"#0"},"up":{"uv":[0,2,0,0],"texture":"#0"},"down":{"uv":[0,0,0,2],"texture":"#0"}}},{"from":[6.75,-12.25,11.125],"to":[9.75,-12.25,13.125],"rotation":{"angle":0,"axis":"y","origin":[4,-14,4]},"faces":{"north":{"uv":[0,0,3,0],"texture":"#0"},"east":{"uv":[0,0,2,0],"texture":"#0"},"south":{"uv":[0,0,3,0],"texture":"#0"},"west":{"uv":[0,0,2,0],"texture":"#0"},"up":{"uv":[3,10,0,8],"texture":"#0"},"down":{"uv":[6,8,3,10],"texture":"#0"}}},{"from":[6.75,-14.75,11.125],"to":[9.75,-14.75,13.125],"rotation":{"angle":0,"axis":"y","origin":[4,-14,4]},"faces":{"north":{"uv":[0,0,3,0],"texture":"#0"},"east":{"uv":[0,0,2,0],"texture":"#0"},"south":{"uv":[0,0,3,0],"texture":"#0"},"west":{"uv":[0,0,2,0],"texture":"#0"},"up":{"uv":[9,10,6,8],"texture":"#0"},"down":{"uv":[12,0,9,2],"texture":"#0"}}},{"from":[9.75,-14.75,11.125],"to":[9.75,-12.25,13.125],"rotation":{"angle":0,"axis":"y","origin":[4,-14,4]},"faces":{"north":{"uv":[0,0,0,2.5],"texture":"#0"},"east":{"uv":[9,10,11,12.5],"texture":"#0"},"south":{"uv":[0,0,0,2.5],"texture":"#0"},"west":{"uv":[11,4,13,6.5],"texture":"#0"},"up":{"uv":[0,2,0,0],"texture":"#0"},"down":{"uv":[0,0,0,2],"texture":"#0"}}}],"display":{"thirdperson_righthand":{"translation":[0.25,5,3],"scale":[0.5,0.5,0.5]},"thirdperson_lefthand":{"translation":[0.25,5,3],"scale":[0.5,0.5,0.5]},"firstperson_righthand":{"translation":[0,3.5,0]},"firstperson_lefthand":{"translation":[0,3.5,0]},"ground":{"translation":[0,3,-0.5],"scale":[0.7,0.7,0.7]},"gui":{"rotation":[28,145,0],"translation":[0,4.75,0]},"head":{"translation":[0,-75,9.25],"scale":[2,2,2]},"fixed":{"translation":[0,6.5,0]}}}