{"credit":"Made with Blockbench","texture_size":[64,64],"textures":{"2":"islander_set:backpack"},"elements":[{"from":[4.26252,0.07095,7.23],"to":[12.94252,8.75095,11.57],"rotation":{"angle":0,"axis":"y","origin":[8.8,9.57401,4]},"faces":{"north":{"uv":[0,0,2.125,2.125],"texture":"#2"},"east":{"uv":[2.25,0,3.375,2.125],"texture":"#2"},"south":{"uv":[0,2.25,2.125,4.375],"texture":"#2"},"west":{"uv":[2.25,2.25,3.375,4.375],"texture":"#2"},"up":{"uv":[5.625,1.125,3.5,0],"texture":"#2"},"down":{"uv":[5.625,1.25,3.5,2.375],"texture":"#2"}}},{"from":[1.71132,2.12251,9.67668],"to":[4.19132,6.46251,13.39668],"rotation":{"angle":22.5,"axis":"x","origin":[8.8,9.57401,4]},"faces":{"north":{"uv":[8.25,9.75,8.875,10.875],"texture":"#2"},"east":{"uv":[8,8.5,8.875,9.625],"texture":"#2"},"south":{"uv":[9.75,9.5,10.375,10.625],"texture":"#2"},"west":{"uv":[4,8.75,4.875,9.875],"texture":"#2"},"up":{"uv":[11.125,11.375,10.5,10.5],"texture":"#2"},"down":{"uv":[11.375,0,10.75,0.875],"texture":"#2"}}},{"from":[12.85871,2.29832,7.39184],"to":[15.64871,4.15832,11.11184],"rotation":{"angle":0,"axis":"y","origin":[8.8,9.57401,4]},"faces":{"north":{"uv":[6.75,2,7.5,2.5],"texture":"#2"},"east":{"uv":[5.75,2,6.625,2.5],"texture":"#2"},"south":{"uv":[4,8.25,4.75,8.75],"texture":"#2"},"west":{"uv":[10.25,7.75,11.125,8.25],"texture":"#2"},"up":{"uv":[11,3.625,10.25,2.75],"texture":"#2"},"down":{"uv":[11,6.75,10.25,7.625],"texture":"#2"}}},{"from":[12.52609,-1.18995,7.39184],"to":[12.52609,0.67005,11.11184],"rotation":{"angle":22.5,"axis":"z","origin":[8.8,9.57401,4]},"faces":{"north":{"uv":[0,0,0,0.5],"texture":"#2"},"east":{"uv":[10.75,8.75,11.625,9.25],"texture":"#2"},"south":{"uv":[0,0,0,0.5],"texture":"#2"},"west":{"uv":[9,10.75,9.875,11.25],"texture":"#2"},"up":{"uv":[0,0.875,0,0],"texture":"#2"},"down":{"uv":[0,0,0,0.875],"texture":"#2"}}},{"from":[12.85871,0.43832,7.70184],"to":[15.33871,2.29832,10.80184],"rotation":{"angle":0,"axis":"y","origin":[8.8,9.57401,4]},"faces":{"north":{"uv":[11.25,2,11.875,2.5],"texture":"#2"},"east":{"uv":[11,1,11.75,1.5],"texture":"#2"},"south":{"uv":[3.5,11.25,4.125,11.75],"texture":"#2"},"west":{"uv":[11,1.5,11.75,2],"texture":"#2"},"up":{"uv":[2.625,11.5,2,10.75],"texture":"#2"},"down":{"uv":[3.375,10.75,2.75,11.5],"texture":"#2"}}},{"from":[7.2019,4.81984,3.38543],"to":[9.9919,9.15984,6.48543],"rotation":{"angle":-22.5,"axis":"x","origin":[8.8,9.57401,4]},"faces":{"north":{"uv":[2,9.5,2.75,10.625],"texture":"#2"},"east":{"uv":[9.5,2,10.25,3.125],"texture":"#2"},"south":{"uv":[2.75,9.5,3.5,10.625],"texture":"#2"},"west":{"uv":[9.5,3.25,10.25,4.375],"texture":"#2"},"up":{"uv":[11,4.5,10.25,3.75],"texture":"#2"},"down":{"uv":[1.5,10.5,0.75,11.25],"texture":"#2"}}},{"from":[7.4769,6.78551,1.57107],"to":[10.2669,6.78551,5.91107],"rotation":{"angle":22.5,"axis":"x","origin":[8.8,9.57401,4]},"faces":{"north":{"uv":[0,0,0.75,0],"texture":"#2"},"east":{"uv":[0,0,1.125,0],"texture":"#2"},"south":{"uv":[0,0,0.75,0],"texture":"#2"},"west":{"uv":[0,0,1.125,0],"texture":"#2"},"up":{"uv":[9.75,10.625,9,9.5],"texture":"#2"},"down":{"uv":[0.75,9.75,0,10.875],"texture":"#2"}}},{"from":[4.29032,5.9077,4.19867],"to":[8.63032,5.9077,6.98867],"rotation":{"angle":-22.5,"axis":"z","origin":[8.8,9.57401,4]},"faces":{"north":{"uv":[0,0,1.125,0],"texture":"#2"},"east":{"uv":[0,0,0.75,0],"texture":"#2"},"south":{"uv":[0,0,1.125,0],"texture":"#2"},"west":{"uv":[0,0,0.75,0],"texture":"#2"},"up":{"uv":[10.625,5.25,9.5,4.5],"texture":"#2"},"down":{"uv":[6.125,9.75,5,10.5],"texture":"#2"}}},{"from":[8.60477,6.05884,4.19867],"to":[12.94477,6.05884,6.98867],"rotation":{"angle":22.5,"axis":"z","origin":[8.8,9.57401,4]},"faces":{"north":{"uv":[0,0,1.125,0],"texture":"#2"},"east":{"uv":[0,0,0.75,0],"texture":"#2"},"south":{"uv":[0,0,1.125,0],"texture":"#2"},"west":{"uv":[0,0,0.75,0],"texture":"#2"},"up":{"uv":[10.875,6,9.75,5.25],"texture":"#2"},"down":{"uv":[10.875,6,9.75,6.75],"texture":"#2"}}},{"from":[7.52313,8.22201,3.76083],"to":[9.69313,12.66201,6.08583],"rotation":{"angle":-22.5,"axis":"x","origin":[8.8,9.57401,4]},"faces":{"north":{"uv":[1.5,10.5,2,11.625],"texture":"#2"},"east":{"uv":[10,0,10.625,1.125],"texture":"#2"},"south":{"uv":[5,10.5,5.5,11.625],"texture":"#2"},"west":{"uv":[3.5,10,4.125,11.125],"texture":"#2"},"up":{"uv":[11.5,4.375,11,3.75],"texture":"#2"},"down":{"uv":[11.5,7,11,7.625],"texture":"#2"}}},{"from":[7.77313,12.33543,2.84731],"to":[9.44313,16.77543,4.67231],"rotation":{"angle":0,"axis":"y","origin":[8.8,9.57401,4]},"faces":{"north":{"uv":[10,10.75,10.375,11.875],"texture":"#2"},"east":{"uv":[5.5,10.5,6,11.625],"texture":"#2"},"south":{"uv":[0,11,0.375,12.125],"texture":"#2"},"west":{"uv":[10.5,9.25,11,10.375],"texture":"#2"},"up":{"uv":[1.375,11.75,1,11.25],"texture":"#2"},"down":{"uv":[11.625,7.75,11.25,8.25],"texture":"#2"}}},{"from":[1.37632,3.17095,8.87114],"to":[3.08132,8.13095,10.57614],"rotation":{"angle":22.5,"axis":"z","origin":[3.02882,5.80095,9.72364]},"faces":{"north":{"uv":[6,10.75,6.375,12],"texture":"#2"},"east":{"uv":[6.5,10.75,6.875,12],"texture":"#2"},"south":{"uv":[7,10.75,7.375,12],"texture":"#2"},"west":{"uv":[7.5,10.75,7.875,12],"texture":"#2"},"up":{"uv":[2.875,11.875,2.5,11.5],"texture":"#2"},"down":{"uv":[11.875,2.5,11.5,2.875],"texture":"#2"}}},{"from":[1.22577,5.15298,8.72058],"to":[3.23187,6.74892,10.72669],"rotation":{"angle":22.5,"axis":"z","origin":[3.02882,5.80095,9.72364]},"faces":{"north":{"uv":[11.25,11.25,11.75,11.625],"texture":"#2"},"east":{"uv":[11.5,0,12,0.375],"texture":"#2"},"south":{"uv":[11.5,0.5,12,0.875],"texture":"#2"},"west":{"uv":[2,11.5,2.5,11.875],"texture":"#2"},"up":{"uv":[4,10,3.5,9.5],"texture":"#2"},"down":{"uv":[10.25,6.75,9.75,7.25],"texture":"#2"}}},{"from":[3.64252,8.75095,6.84],"to":[13.56252,12.47095,10.56],"rotation":{"angle":0,"axis":"y","origin":[8.8,9.57401,4]},"faces":{"north":{"uv":[0,4.5,2.5,5.375],"texture":"#2"},"east":{"uv":[6.25,9.75,7.125,10.625],"texture":"#2"},"south":{"uv":[5,2.5,7.5,3.375],"texture":"#2"},"west":{"uv":[7.125,9.75,6.25,10.625],"texture":"#2"},"up":{"uv":[7.5,4.375,5,3.5],"texture":"#2"},"down":{"uv":[7.5,4.5,5,5.375],"texture":"#2"}}},{"from":[10.24732,8.52775,6.6168],"to":[11.85772,12.69415,10.7832],"rotation":{"angle":0,"axis":"y","origin":[8.8,9.57401,4]},"faces":{"north":{"uv":[11,2.75,11.375,3.75],"texture":"#2"},"east":{"uv":[2.5,4.5,3.5,5.5],"texture":"#2"},"south":{"uv":[4.25,11,4.625,12],"texture":"#2"},"west":{"uv":[1,8.5,2,9.5],"texture":"#2"},"up":{"uv":[11.375,6,11,5],"texture":"#2"},"down":{"uv":[11.375,6,11,7],"texture":"#2"}}},{"from":[10.24732,6.36135,6.6168],"to":[11.85772,8.52775,6.6168],"rotation":{"angle":0,"axis":"y","origin":[8.8,9.57401,4]},"faces":{"north":{"uv":[9,11.25,9.375,11.75],"texture":"#2"},"east":{"uv":[0,0,0,0.5],"texture":"#2"},"south":{"uv":[9.5,11.25,9.875,11.75],"texture":"#2"},"west":{"uv":[0,0,0,0.5],"texture":"#2"},"up":{"uv":[0.375,0,0,0],"texture":"#2"},"down":{"uv":[0.375,0,0,0],"texture":"#2"}}},{"from":[5.34732,6.36135,6.6168],"to":[6.95772,8.52775,6.6168],"rotation":{"angle":0,"axis":"y","origin":[8.8,9.57401,4]},"faces":{"north":{"uv":[11.25,10.25,11.625,10.75],"texture":"#2"},"east":{"uv":[0,0,0,0.5],"texture":"#2"},"south":{"uv":[11.25,10.75,11.625,11.25],"texture":"#2"},"west":{"uv":[0,0,0,0.5],"texture":"#2"},"up":{"uv":[0.375,0,0,0],"texture":"#2"},"down":{"uv":[0.375,0,0,0],"texture":"#2"}}},{"from":[5.34732,8.52775,6.6168],"to":[6.95772,12.69415,10.7832],"rotation":{"angle":0,"axis":"y","origin":[8.8,9.57401,4]},"faces":{"north":{"uv":[8,11,8.375,12],"texture":"#2"},"east":{"uv":[2,8.5,3,9.5],"texture":"#2"},"south":{"uv":[8.5,11,8.875,12],"texture":"#2"},"west":{"uv":[8.5,4.25,9.5,5.25],"texture":"#2"},"up":{"uv":[11.375,10.25,11,9.25],"texture":"#2"},"down":{"uv":[0.875,11.25,0.5,12.25],"texture":"#2"}}},{"from":[5.19252,-0.54905,4.125],"to":[12.01252,3.17095,7.225],"rotation":{"angle":0,"axis":"y","origin":[8.8,9.57401,4]},"faces":{"north":{"uv":[7,5.5,8.75,6.375],"texture":"#2"},"east":{"uv":[4.25,10,5,10.875],"texture":"#2"},"south":{"uv":[7,6.5,8.75,7.375],"texture":"#2"},"west":{"uv":[10,8.25,10.75,9.125],"texture":"#2"},"up":{"uv":[4.75,8.25,3,7.5],"texture":"#2"},"down":{"uv":[9.25,3.5,7.5,4.25],"texture":"#2"}}},{"from":[4.88252,3.17095,3.82],"to":[12.32252,6.27095,7.23],"rotation":{"angle":0,"axis":"y","origin":[8.8,9.57401,4]},"faces":{"north":{"uv":[7.5,2,9.375,2.75],"texture":"#2"},"east":{"uv":[10,1.25,10.875,2],"texture":"#2"},"south":{"uv":[7.5,2.75,9.375,3.5],"texture":"#2"},"west":{"uv":[10.25,2,11.125,2.75],"texture":"#2"},"up":{"uv":[7.625,1.875,5.75,1],"texture":"#2"},"down":{"uv":[4.875,6.5,3,7.375],"texture":"#2"}}},{"from":[6.88252,2.17095,3.335],"to":[10.32252,4.27095,3.835],"rotation":{"angle":0,"axis":"y","origin":[8.8,9.57401,4]},"faces":{"north":{"uv":[10.75,4.5,11.625,5],"texture":"#2"},"east":{"uv":[9.25,3.5,9.375,4],"texture":"#2"},"south":{"uv":[10.75,8.25,11.625,8.75],"texture":"#2"},"west":{"uv":[0.75,9.75,0.875,10.25],"texture":"#2"},"up":{"uv":[12.375,3.125,11.5,3],"texture":"#2"},"down":{"uv":[12.375,3.25,11.5,3.375],"texture":"#2"}}},{"from":[9.58965,16.2,2.06893],"to":[17.58965,16.2,6.06893],"rotation":{"angle":-45,"axis":"y","origin":[8.8,9.57401,4]},"faces":{"north":{"uv":[0,0,2,0],"texture":"#2"},"east":{"uv":[0,0,1,0],"texture":"#2"},"south":{"uv":[0,0,2,0],"texture":"#2"},"west":{"uv":[0,0,1,0],"texture":"#2"},"up":{"uv":[2,6.5,0,5.5],"texture":"#2"},"down":{"uv":[4,5.5,2,6.5],"texture":"#2"}}},{"from":[-0.41035,16.2,2.06893],"to":[7.58965,16.2,6.06893],"rotation":{"angle":-45,"axis":"y","origin":[8.8,9.57401,4]},"faces":{"north":{"uv":[0,0,2,0],"texture":"#2"},"east":{"uv":[0,0,1,0],"texture":"#2"},"south":{"uv":[0,0,2,0],"texture":"#2"},"west":{"uv":[0,0,1,0],"texture":"#2"},"up":{"uv":[6,6.5,4,5.5],"texture":"#2"},"down":{"uv":[7.75,0,5.75,1],"texture":"#2"}}},{"from":[6.60252,15.82069,7.26162],"to":[10.60252,15.82069,12.26162],"rotation":{"angle":-22.5,"axis":"x","origin":[8.8,9.57401,4]},"faces":{"north":{"uv":[0,0,1,0],"texture":"#2"},"east":{"uv":[0,0,1.25,0],"texture":"#2"},"south":{"uv":[0,0,1,0],"texture":"#2"},"west":{"uv":[0,0,1.25,0],"texture":"#2"},"up":{"uv":[6,7.75,5,6.5],"texture":"#2"},"down":{"uv":[8.5,4.25,7.5,5.5],"texture":"#2"}}},{"from":[6.58965,15.7,5.06893],"to":[10.58965,15.7,13.06893],"rotation":{"angle":-45,"axis":"y","origin":[8.8,9.57401,4]},"faces":{"north":{"uv":[0,0,1,0],"texture":"#2"},"east":{"uv":[0,0,2,0],"texture":"#2"},"south":{"uv":[0,0,1,0],"texture":"#2"},"west":{"uv":[0,0,2,0],"texture":"#2"},"up":{"uv":[7,7.5,6,5.5],"texture":"#2"},"down":{"uv":[1,6.5,0,8.5],"texture":"#2"}}},{"from":[6.58965,15.7,-4.93107],"to":[10.58965,15.7,3.06893],"rotation":{"angle":-45,"axis":"y","origin":[8.8,9.57401,4]},"faces":{"north":{"uv":[0,0,1,0],"texture":"#2"},"east":{"uv":[0,0,2,0],"texture":"#2"},"south":{"uv":[0,0,1,0],"texture":"#2"},"west":{"uv":[0,0,2,0],"texture":"#2"},"up":{"uv":[2,8.5,1,6.5],"texture":"#2"},"down":{"uv":[3,6.5,2,8.5],"texture":"#2"}}},{"from":[6.60252,19.83263,5.42407],"to":[10.60252,19.83263,8.92407],"rotation":{"angle":22.5,"axis":"x","origin":[8.8,9.57401,4]},"faces":{"north":{"uv":[0,0,1,0],"texture":"#2"},"east":{"uv":[0,0,0.875,0],"texture":"#2"},"south":{"uv":[0,0,1,0],"texture":"#2"},"west":{"uv":[0,0,0.875,0],"texture":"#2"},"up":{"uv":[6,9.625,5,8.75],"texture":"#2"},"down":{"uv":[9.75,5.25,8.75,6.125],"texture":"#2"}}},{"from":[6.60252,19.94744,-1.20124],"to":[10.60252,19.94744,2.29876],"rotation":{"angle":-22.5,"axis":"x","origin":[8.8,9.57401,4]},"faces":{"north":{"uv":[0,0,1,0],"texture":"#2"},"east":{"uv":[0,0,0.875,0],"texture":"#2"},"south":{"uv":[0,0,1,0],"texture":"#2"},"west":{"uv":[0,0,0.875,0],"texture":"#2"},"up":{"uv":[7,9.625,6,8.75],"texture":"#2"},"down":{"uv":[9.75,6.25,8.75,7.125],"texture":"#2"}}},{"from":[6.60252,15.70588,-4.53878],"to":[10.60252,15.70588,0.46122],"rotation":{"angle":22.5,"axis":"x","origin":[8.8,9.57401,4]},"faces":{"north":{"uv":[0,0,1,0],"texture":"#2"},"east":{"uv":[0,0,1.25,0],"texture":"#2"},"south":{"uv":[0,0,1,0],"texture":"#2"},"west":{"uv":[0,0,1.25,0],"texture":"#2"},"up":{"uv":[7,8.75,6,7.5],"texture":"#2"},"down":{"uv":[8,7.5,7,8.75],"texture":"#2"}}},{"from":[6.60252,15.70588,7.53878],"to":[10.60252,15.70588,12.53878],"rotation":{"angle":-22.5,"axis":"x","origin":[8.8,9.57401,4]},"faces":{"north":{"uv":[0,0,1,0],"texture":"#2"},"east":{"uv":[0,0,1.25,0],"texture":"#2"},"south":{"uv":[0,0,1,0],"texture":"#2"},"west":{"uv":[0,0,1.25,0],"texture":"#2"},"up":{"uv":[4,9.5,3,8.25],"texture":"#2"},"down":{"uv":[1,8.5,0,9.75],"texture":"#2"}}},{"from":[6.60252,19.94744,5.70124],"to":[10.60252,19.94744,9.20124],"rotation":{"angle":22.5,"axis":"x","origin":[8.8,9.57401,4]},"faces":{"north":{"uv":[0,0,1,0],"texture":"#2"},"east":{"uv":[0,0,0.875,0],"texture":"#2"},"south":{"uv":[0,0,1,0],"texture":"#2"},"west":{"uv":[0,0,0.875,0],"texture":"#2"},"up":{"uv":[10.25,8.125,9.25,7.25],"texture":"#2"},"down":{"uv":[2,9.5,1,10.375],"texture":"#2"}}},{"from":[0.21735,15.68771,1.85],"to":[5.21735,15.68771,5.85],"rotation":{"angle":-22.5,"axis":"z","origin":[8.8,9.57401,4]},"faces":{"north":{"uv":[0,0,1.25,0],"texture":"#2"},"east":{"uv":[0,0,1,0],"texture":"#2"},"south":{"uv":[0,0,1.25,0],"texture":"#2"},"west":{"uv":[0,0,1,0],"texture":"#2"},"up":{"uv":[9,1,7.75,0],"texture":"#2"},"down":{"uv":[9,1,7.75,2],"texture":"#2"}}},{"from":[3.55489,19.96561,1.85],"to":[7.05489,19.96561,5.85],"rotation":{"angle":22.5,"axis":"z","origin":[8.8,9.57401,4]},"faces":{"north":{"uv":[0,0,0.875,0],"texture":"#2"},"east":{"uv":[0,0,1,0],"texture":"#2"},"south":{"uv":[0,0,0.875,0],"texture":"#2"},"west":{"uv":[0,0,1,0],"texture":"#2"},"up":{"uv":[7.875,9.75,7,8.75],"texture":"#2"},"down":{"uv":[9.875,0,9,1],"texture":"#2"}}},{"from":[12.01775,15.83886,1.85],"to":[17.01775,15.83886,5.85],"rotation":{"angle":22.5,"axis":"z","origin":[8.8,9.57401,4]},"faces":{"north":{"uv":[0,0,1.25,0],"texture":"#2"},"east":{"uv":[0,0,1,0],"texture":"#2"},"south":{"uv":[0,0,1.25,0],"texture":"#2"},"west":{"uv":[0,0,1,0],"texture":"#2"},"up":{"uv":[6,8.75,4.75,7.75],"texture":"#2"},"down":{"uv":[9.25,7.5,8,8.5],"texture":"#2"}}},{"from":[10.18021,19.81446,1.85],"to":[13.68021,19.81446,5.85],"rotation":{"angle":-22.5,"axis":"z","origin":[8.8,9.57401,4]},"faces":{"north":{"uv":[0,0,0.875,0],"texture":"#2"},"east":{"uv":[0,0,1,0],"texture":"#2"},"south":{"uv":[0,0,0.875,0],"texture":"#2"},"west":{"uv":[0,0,1,0],"texture":"#2"},"up":{"uv":[9.875,2,9,1],"texture":"#2"},"down":{"uv":[9.875,8.5,9,9.5],"texture":"#2"}}},{"from":[5.5,17.375,0.875],"to":[11.5,17.375,6.875],"rotation":{"angle":0,"axis":"y","origin":[8,25,8]},"faces":{"north":{"uv":[0,0,1.5,0],"texture":"#2"},"east":{"uv":[0,0,1.5,0],"texture":"#2"},"south":{"uv":[0,0,1.5,0],"texture":"#2"},"west":{"uv":[0,0,1.5,0],"texture":"#2"},"up":{"uv":[5,4,3.5,2.5],"texture":"#2"},"down":{"uv":[5,4,3.5,5.5],"texture":"#2"}}}],"gui_light":"front","display":{"thirdperson_righthand":{"rotation":[50.5,0,0],"translation":[0,2,1.25],"scale":[0.61,0.61,0.61]},"thirdperson_lefthand":{"rotation":[66.25,180,0],"translation":[-6.75,-9,12],"scale":[1.19,1.19,1.19]},"firstperson_righthand":{"rotation":[-13,0,0],"translation":[-9,1,-4.5],"scale":[0.72,0.72,0.72]},"firstperson_lefthand":{"scale":[0,0,0]},"ground":{"rotation":[-45,0,0],"translation":[0,3,0],"scale":[0.45,0.45,0.45]},"gui":{"rotation":[21,142,0],"translation":[0,0.5,0],"scale":[0.84,0.84,0.84]},"head":{"rotation":[0,180,0],"translation":[0,-49.5,12],"scale":[2.15,2.15,2.15]},"fixed":{"translation":[0,3.25,-5]}}}