{"credit":"Made with Blockbench","texture_size":[64,64],"textures":{"1":"islander_set:bow","particle":"islander_set:bow"},"elements":[{"from":[7.225,5.5,6.71901],"to":[8.775,9.5,8.26901],"rotation":{"angle":0,"axis":"y","origin":[8,11.5,8]},"faces":{"north":{"uv":[5.625,2,5.25,3],"texture":"#1"},"east":{"uv":[2.125,5.25,1.75,6.25],"texture":"#1"},"south":{"uv":[1.625,5.25,1.25,6.25],"texture":"#1"},"west":{"uv":[2.625,5.25,2.25,6.25],"texture":"#1"},"up":{"uv":[2.125,6.75,1.75,7.125],"texture":"#1"},"down":{"uv":[7.125,2.375,6.75,2],"texture":"#1"}}},{"from":[7.375,9.5,6.86901],"to":[8.625,13.5,8.11901],"rotation":{"angle":0,"axis":"y","origin":[8,11.5,8]},"faces":{"north":{"uv":[5.625,0,5.25,1],"texture":"#1"},"east":{"uv":[5.375,5,5,6],"texture":"#1"},"south":{"uv":[4.875,5,4.5,6],"texture":"#1"},"west":{"uv":[5.625,1,5.25,2],"texture":"#1"},"up":{"uv":[7.125,1,6.75,1.375],"texture":"#1"},"down":{"uv":[7.125,1.875,6.75,1.5],"texture":"#1"}}},{"from":[7.2,14.27308,10.06586],"to":[8.8,16.77308,12.56586],"rotation":{"angle":-45,"axis":"x","origin":[8,11.5,8]},"faces":{"north":{"uv":[6.625,0.75,6.25,1.375],"texture":"#1"},"east":{"uv":[5.625,3.5,5,4.125],"texture":"#1"},"south":{"uv":[6.625,0,6.25,0.625],"texture":"#1"},"west":{"uv":[5.625,4.25,5,4.875],"texture":"#1"},"up":{"uv":[1.625,6.25,1.25,6.875],"texture":"#1"},"down":{"uv":[6.625,2.125,6.25,1.5],"texture":"#1"}}},{"from":[7.225,13.5,6.71901],"to":[8.775,17.5,8.26901],"rotation":{"angle":0,"axis":"y","origin":[8,11.5,8]},"faces":{"north":{"uv":[6.125,1,5.75,2],"texture":"#1"},"east":{"uv":[6.125,0,5.75,1],"texture":"#1"},"south":{"uv":[5.875,5,5.5,6],"texture":"#1"},"west":{"uv":[6.125,2,5.75,3],"texture":"#1"},"up":{"uv":[2.625,6.75,2.25,7.125],"texture":"#1"},"down":{"uv":[7.125,3.375,6.75,3],"texture":"#1"}}},{"from":[8,8.1879,4.13069],"to":[8,14.9379,10.88069],"rotation":{"angle":-45,"axis":"x","origin":[8,11.5,8]},"faces":{"north":{"uv":[0,0,0,1.625],"texture":"#1"},"east":{"uv":[0,1.75,1.75,3.375],"texture":"#1"},"south":{"uv":[0,0,0,1.625],"texture":"#1"},"west":{"uv":[0,0,1.75,1.625],"texture":"#1"},"up":{"uv":[0,0,0,1.75],"texture":"#1"},"down":{"uv":[0,1.75,0,0],"texture":"#1"}}},{"from":[8.75,15.3379,11.15569],"to":[8.75,19.0879,14.90569],"rotation":{"angle":-45,"axis":"x","origin":[8,11.5,8]},"faces":{"north":{"uv":[0,0,0,1],"texture":"#1"},"east":{"uv":[3.875,3.25,3,4.25],"texture":"#1"},"south":{"uv":[0,0,0,1],"texture":"#1"},"west":{"uv":[0.875,3.5,0,4.5],"texture":"#1"},"up":{"uv":[0,0,0,0.875],"texture":"#1"},"down":{"uv":[0,0.875,0,0],"texture":"#1"}}},{"from":[7.25,15.3379,11.15569],"to":[7.25,19.0879,14.90569],"rotation":{"angle":-45,"axis":"x","origin":[8,11.5,8]},"faces":{"north":{"uv":[0,0,0,1],"texture":"#1"},"east":{"uv":[0,3.5,0.875,4.5],"texture":"#1"},"south":{"uv":[0,0,0,1],"texture":"#1"},"west":{"uv":[3,3.25,3.875,4.25],"texture":"#1"},"up":{"uv":[0,0,0,0.875],"texture":"#1"},"down":{"uv":[0,0.875,0,0],"texture":"#1"}}},{"from":[8,17.9879,17.58069],"to":[8,22.7379,22.33069],"rotation":{"angle":-45,"axis":"x","origin":[8,11.5,8]},"faces":{"north":{"uv":[0,0,0,1.25],"texture":"#1"},"east":{"uv":[1.75,1.25,3,2.5],"texture":"#1"},"south":{"uv":[0,0,0,1.25],"texture":"#1"},"west":{"uv":[1.75,0,3,1.25],"texture":"#1"},"up":{"uv":[0,0,0,1.25],"texture":"#1"},"down":{"uv":[0,1.25,0,0],"texture":"#1"}}},{"from":[8,0.2621,17.58069],"to":[8,5.0121,22.33069],"rotation":{"angle":45,"axis":"x","origin":[8,11.5,8]},"faces":{"north":{"uv":[0,0,0,1.25],"texture":"#1"},"east":{"uv":[3,0,4.25,1.25],"texture":"#1"},"south":{"uv":[0,0,0,1.25],"texture":"#1"},"west":{"uv":[1.75,2.5,3,3.75],"texture":"#1"},"up":{"uv":[0,0,0,1.25],"texture":"#1"},"down":{"uv":[0,1.25,0,0],"texture":"#1"}}},{"from":[7.3,15.58787,10.22229],"to":[8.7,18.08787,12.22229],"rotation":{"angle":-45,"axis":"x","origin":[8,11.5,8]},"faces":{"north":{"uv":[6.375,5.5,6,6.125],"texture":"#1"},"east":{"uv":[6.5,4,6,4.625],"texture":"#1"},"south":{"uv":[5.875,6,5.5,6.625],"texture":"#1"},"west":{"uv":[5,6,4.5,6.625],"texture":"#1"},"up":{"uv":[6.875,5,6.5,5.5],"texture":"#1"},"down":{"uv":[6.875,6,6.5,5.5],"texture":"#1"}}},{"from":[7.3,17.72972,4.91307],"to":[8.7,23.22972,6.71307],"rotation":{"angle":0,"axis":"y","origin":[8,11.5,8]},"faces":{"north":{"uv":[4.375,2.75,4,4.125],"texture":"#1"},"east":{"uv":[1.5,3.5,1,4.875],"texture":"#1"},"south":{"uv":[4.375,1.25,4,2.625],"texture":"#1"},"west":{"uv":[2,3.75,1.5,5.125],"texture":"#1"},"up":{"uv":[2.125,6.25,1.75,6.75],"texture":"#1"},"down":{"uv":[2.625,6.75,2.25,6.25],"texture":"#1"}}},{"from":[7.4,15.8206,-2.75276],"to":[8.6,21.3206,-1.20276],"rotation":{"angle":45,"axis":"x","origin":[8,11.5,8]},"faces":{"north":{"uv":[3.25,5.75,3,7.125],"texture":"#1"},"east":{"uv":[3.375,4.25,3,5.625],"texture":"#1"},"south":{"uv":[3,5.25,2.75,6.625],"texture":"#1"},"west":{"uv":[3.875,4.25,3.5,5.625],"texture":"#1"},"up":{"uv":[4.5,0.75,4.25,1.125],"texture":"#1"},"down":{"uv":[3,7.125,2.75,6.75],"texture":"#1"}}},{"from":[7.5,24.99756,7.34087],"to":[8.5,25.99756,12.84087],"rotation":{"angle":0,"axis":"y","origin":[8,11.5,8]},"faces":{"north":{"uv":[1.5,5,1.25,5.25],"texture":"#1"},"east":{"uv":[6.625,3,5.25,3.25],"texture":"#1"},"south":{"uv":[1.75,3.5,1.5,3.75],"texture":"#1"},"west":{"uv":[6.625,3.25,5.25,3.5],"texture":"#1"},"up":{"uv":[3.5,5.75,3.25,7.125],"texture":"#1"},"down":{"uv":[3.75,7.125,3.5,5.75],"texture":"#1"}}},{"from":[7.5,-2.99756,7.34087],"to":[8.5,-1.99756,12.84087],"rotation":{"angle":0,"axis":"y","origin":[8,11.5,8]},"faces":{"north":{"uv":[1.5,7,1.25,7.25],"texture":"#1"},"east":{"uv":[7.375,3.5,6,3.75],"texture":"#1"},"south":{"uv":[7.25,0.75,7,1],"texture":"#1"},"west":{"uv":[7.375,3.75,6,4],"texture":"#1"},"up":{"uv":[4.25,5.75,4,7.125],"texture":"#1"},"down":{"uv":[4.5,7.125,4.25,5.75],"texture":"#1"}}},{"from":[7.5,24.24756,7.34087],"to":[8.5,24.99756,9.84087],"rotation":{"angle":0,"axis":"y","origin":[8,11.5,8]},"faces":{"north":{"uv":[7.25,0.25,7,0.5],"texture":"#1"},"east":{"uv":[6.875,2.75,6.25,3],"texture":"#1"},"south":{"uv":[7,2.5,6.75,2.75],"texture":"#1"},"west":{"uv":[7.125,6,6.5,6.25],"texture":"#1"},"up":{"uv":[4.5,0,4.25,0.625],"texture":"#1"},"down":{"uv":[6.75,6.875,6.5,6.25],"texture":"#1"}}},{"from":[7.2,7.03941,2.82383],"to":[8.8,8.53941,4.32383],"rotation":{"angle":-45,"axis":"x","origin":[8,11.5,8]},"faces":{"north":{"uv":[5.875,6.75,5.5,7.125],"texture":"#1"},"east":{"uv":[5.375,6.75,5,7.125],"texture":"#1"},"south":{"uv":[4.875,6.75,4.5,7.125],"texture":"#1"},"west":{"uv":[6.375,6.75,6,7.125],"texture":"#1"},"up":{"uv":[7.125,6.25,6.75,6.625],"texture":"#1"},"down":{"uv":[7.125,7.125,6.75,6.75],"texture":"#1"}}},{"from":[7.3,4.91213,10.22229],"to":[8.7,7.41213,12.22229],"rotation":{"angle":45,"axis":"x","origin":[8,11.5,8]},"faces":{"north":{"uv":[5.375,6,5,6.625],"texture":"#1"},"east":{"uv":[0.5,6,0,6.625],"texture":"#1"},"south":{"uv":[6.375,4.75,6,5.375],"texture":"#1"},"west":{"uv":[1,6,0.5,6.625],"texture":"#1"},"up":{"uv":[6.875,4,6.5,4.5],"texture":"#1"},"down":{"uv":[6.875,5,6.5,4.5],"texture":"#1"}}},{"from":[7.3,-0.22972,4.91307],"to":[8.7,5.27028,6.71307],"rotation":{"angle":0,"axis":"y","origin":[8,11.5,8]},"faces":{"north":{"uv":[0.875,4.5,0.5,5.875],"texture":"#1"},"east":{"uv":[2.5,3.75,2,5.125],"texture":"#1"},"south":{"uv":[4.875,0,4.5,1.375],"texture":"#1"},"west":{"uv":[3,3.75,2.5,5.125],"texture":"#1"},"up":{"uv":[6.625,2.25,6.25,2.75],"texture":"#1"},"down":{"uv":[6.375,6.75,6,6.25],"texture":"#1"}}},{"from":[7.4,1.6794,-2.75276],"to":[8.6,7.1794,-1.20276],"rotation":{"angle":-45,"axis":"x","origin":[8,11.5,8]},"faces":{"north":{"uv":[4,5.75,3.75,7.125],"texture":"#1"},"east":{"uv":[4.375,4.25,4,5.625],"texture":"#1"},"south":{"uv":[6,3.5,5.75,4.875],"texture":"#1"},"west":{"uv":[0.375,4.5,0,5.875],"texture":"#1"},"up":{"uv":[0.25,7,0,7.375],"texture":"#1"},"down":{"uv":[0.5,7.375,0.25,7],"texture":"#1"}}},{"from":[7.5,-1.99756,7.34087],"to":[8.5,-1.24756,9.84087],"rotation":{"angle":0,"axis":"y","origin":[8,11.5,8]},"faces":{"north":{"uv":[7.25,0.5,7,0.75],"texture":"#1"},"east":{"uv":[0.625,6.75,0,7],"texture":"#1"},"south":{"uv":[0.75,7,0.5,7.25],"texture":"#1"},"west":{"uv":[7.375,0,6.75,0.25],"texture":"#1"},"up":{"uv":[7,0.25,6.75,0.875],"texture":"#1"},"down":{"uv":[1,7.375,0.75,6.75],"texture":"#1"}}},{"from":[8,11.5,12.4],"to":[8,25.1,12.85],"rotation":{"angle":0,"axis":"y","origin":[8,5,8]},"faces":{"north":{"uv":[0,0,0,3.375],"texture":"#1"},"east":{"uv":[4.625,1.5,4.5,4.875],"texture":"#1"},"south":{"uv":[0,0,0,3.375],"texture":"#1"},"west":{"uv":[4.875,1.5,4.75,4.875],"texture":"#1"},"up":{"uv":[0,0,0,0.125],"texture":"#1"},"down":{"uv":[0,0.125,0,0],"texture":"#1"}}},{"from":[8,-2.1,12.4],"to":[8,11.5,12.85],"rotation":{"angle":0,"axis":"y","origin":[8,17,8]},"faces":{"north":{"uv":[0,0,0,3.375],"texture":"#1"},"east":{"uv":[5.125,0,5,3.375],"texture":"#1"},"south":{"uv":[0,0,0,3.375],"texture":"#1"},"west":{"uv":[1.125,5,1,8.375],"texture":"#1"},"up":{"uv":[0,0,0,0.125],"texture":"#1"},"down":{"uv":[0,0.125,0,0],"texture":"#1"}}}],"gui_light":"front","display":{"thirdperson_righthand":{"translation":[-0.25,-4,0.25],"scale":[0.64,0.64,0.64]},"thirdperson_lefthand":{"translation":[-0.25,-4,0.25],"scale":[0.64,0.64,0.64]},"firstperson_righthand":{"translation":[0,1.75,0.25],"scale":[0.62,0.62,0.62]},"firstperson_lefthand":{"translation":[0,1.75,0.25],"scale":[0.62,0.62,0.62]},"ground":{"rotation":[45,0,0],"translation":[0,3,0],"scale":[0.35,0.35,0.35]},"gui":{"rotation":[90,45,-89],"translation":[-2,-0.75,0],"scale":[0.56,0.56,0.56]},"head":{"scale":[0,0,0]},"fixed":{"rotation":[0,-90,0],"translation":[0,-2.5,-0.5],"scale":[0.66,0.66,0.66]}}}