{"credit":"Made with Blockbench","texture_size":[32,32],"textures":{"1":"islander_set:pickaxe","particle":"islander_set:pickaxe"},"elements":[{"from":[7.225,8.5,7.225],"to":[8.775,22.5,8.775],"rotation":{"angle":0,"axis":"y","origin":[8,14.42322,8]},"faces":{"north":{"uv":[6,2.5,6.75,9.5],"texture":"#1"},"east":{"uv":[0,7,0.75,14],"texture":"#1"},"south":{"uv":[1,7,1.75,14],"texture":"#1"},"west":{"uv":[2,7,2.75,14],"texture":"#1"},"up":{"uv":[7.75,12.25,7,11.5],"texture":"#1"},"down":{"uv":[8.75,11.5,8,12.25],"texture":"#1"}}},{"from":[7.425,19.95993,6.47916],"to":[8.575,21.30993,8.12916],"rotation":{"angle":-22.5,"axis":"x","origin":[8,25.52322,8]},"faces":{"north":{"uv":[12.5,11,13,11.75],"texture":"#1"},"east":{"uv":[12,9,12.75,9.75],"texture":"#1"},"south":{"uv":[12.5,12,13,12.75],"texture":"#1"},"west":{"uv":[10.5,12,11.25,12.75],"texture":"#1"},"up":{"uv":[13.5,0.75,13,0],"texture":"#1"},"down":{"uv":[13.5,1,13,1.75],"texture":"#1"}}},{"from":[7.525,21.68209,10.91346],"to":[8.475,23.33209,11.96346],"rotation":{"angle":22.5,"axis":"x","origin":[8,25.52322,8]},"faces":{"north":{"uv":[13,2,13.5,2.75],"texture":"#1"},"east":{"uv":[3,13,3.5,13.75],"texture":"#1"},"south":{"uv":[3.5,13,4,13.75],"texture":"#1"},"west":{"uv":[4,13,4.5,13.75],"texture":"#1"},"up":{"uv":[3.5,7.5,3,7],"texture":"#1"},"down":{"uv":[9,2,8.5,2.5],"texture":"#1"}}},{"from":[7.625,23.24338,11.01421],"to":[8.375,24.89338,11.83921],"rotation":{"angle":22.5,"axis":"x","origin":[8,25.52322,8]},"faces":{"north":{"uv":[13,4,13.5,4.75],"texture":"#1"},"east":{"uv":[4.5,13,5,13.75],"texture":"#1"},"south":{"uv":[5,13,5.5,13.75],"texture":"#1"},"west":{"uv":[13,5,13.5,5.75],"texture":"#1"},"up":{"uv":[13.5,12.5,13,12],"texture":"#1"},"down":{"uv":[13,13,12.5,13.5],"texture":"#1"}}},{"from":[7.425,19.95993,7.87084],"to":[8.575,21.30993,9.52084],"rotation":{"angle":22.5,"axis":"x","origin":[8,25.52322,8]},"faces":{"north":{"uv":[13,9,13.5,9.75],"texture":"#1"},"east":{"uv":[11.5,12,12.25,12.75],"texture":"#1"},"south":{"uv":[10,13,10.5,13.75],"texture":"#1"},"west":{"uv":[12.5,3,13.25,3.75],"texture":"#1"},"up":{"uv":[13.5,10.75,13,10],"texture":"#1"},"down":{"uv":[11,13,10.5,13.75],"texture":"#1"}}},{"from":[7.525,21.68209,4.03654],"to":[8.475,23.33209,5.08654],"rotation":{"angle":-22.5,"axis":"x","origin":[8,25.52322,8]},"faces":{"north":{"uv":[13,7,13.5,7.75],"texture":"#1"},"east":{"uv":[7.5,13,8,13.75],"texture":"#1"},"south":{"uv":[8,13,8.5,13.75],"texture":"#1"},"west":{"uv":[13,8,13.5,8.75],"texture":"#1"},"up":{"uv":[14,0.5,13.5,0],"texture":"#1"},"down":{"uv":[14,0.5,13.5,1],"texture":"#1"}}},{"from":[7.625,23.24338,4.16079],"to":[8.375,24.89338,4.98579],"rotation":{"angle":-22.5,"axis":"x","origin":[8,25.52322,8]},"faces":{"north":{"uv":[5.5,13,6,13.75],"texture":"#1"},"east":{"uv":[13,6,13.5,6.75],"texture":"#1"},"south":{"uv":[6.5,13,7,13.75],"texture":"#1"},"west":{"uv":[7,13,7.5,13.75],"texture":"#1"},"up":{"uv":[13.5,13,13,12.5],"texture":"#1"},"down":{"uv":[13.5,13,13,13.5],"texture":"#1"}}},{"from":[7.225,0.5,7.225],"to":[8.775,4.5,8.775],"rotation":{"angle":0,"axis":"y","origin":[8,3.62322,8]},"faces":{"north":{"uv":[5,9.5,5.75,11.5],"texture":"#1"},"east":{"uv":[6,9.5,6.75,11.5],"texture":"#1"},"south":{"uv":[7,9.5,7.75,11.5],"texture":"#1"},"west":{"uv":[8,9.5,8.75,11.5],"texture":"#1"},"up":{"uv":[12.25,10.75,11.5,10],"texture":"#1"},"down":{"uv":[12.25,11,11.5,11.75],"texture":"#1"}}},{"from":[7.375,4.5,7.375],"to":[8.625,8.5,8.625],"rotation":{"angle":0,"axis":"y","origin":[8,3.62322,8]},"faces":{"north":{"uv":[5,7.5,5.75,9.5],"texture":"#1"},"east":{"uv":[9,6,9.75,8],"texture":"#1"},"south":{"uv":[3,9.5,3.75,11.5],"texture":"#1"},"west":{"uv":[4,9.5,4.75,11.5],"texture":"#1"},"up":{"uv":[5.75,12.25,5,11.5],"texture":"#1"},"down":{"uv":[6.75,11.5,6,12.25],"texture":"#1"}}},{"from":[7.2,21.46624,9.55698],"to":[8.8,23.96624,12.05698],"rotation":{"angle":45,"axis":"x","origin":[8,25.52322,8]},"faces":{"north":{"uv":[3,11.5,3.75,12.75],"texture":"#1"},"east":{"uv":[9,3,10.25,4.25],"texture":"#1"},"south":{"uv":[11.5,3,12.25,4.25],"texture":"#1"},"west":{"uv":[9,4.5,10.25,5.75],"texture":"#1"},"up":{"uv":[4.75,12.75,4,11.5],"texture":"#1"},"down":{"uv":[12.25,4.5,11.5,5.75],"texture":"#1"}}},{"from":[7.2,0.83903,9.28419],"to":[8.8,2.33903,10.78419],"rotation":{"angle":45,"axis":"x","origin":[8,3.62322,8]},"faces":{"north":{"uv":[12,0,12.75,0.75],"texture":"#1"},"east":{"uv":[12,1,12.75,1.75],"texture":"#1"},"south":{"uv":[12,2,12.75,2.75],"texture":"#1"},"west":{"uv":[12,6,12.75,6.75],"texture":"#1"},"up":{"uv":[12.75,7.75,12,7],"texture":"#1"},"down":{"uv":[12.75,8,12,8.75],"texture":"#1"}}},{"from":[7.35,22.7,7.625],"to":[7.35,26.45,11.375],"rotation":{"angle":45,"axis":"x","origin":[8,26.1,8]},"faces":{"north":{"uv":[0,0,0,2],"texture":"#1"},"east":{"uv":[7,2.5,9,4.5],"texture":"#1"},"south":{"uv":[0,0,0,2],"texture":"#1"},"west":{"uv":[7,4.5,9,6.5],"texture":"#1"},"up":{"uv":[0,2,0,0],"texture":"#1"},"down":{"uv":[0,0,0,2],"texture":"#1"}}},{"from":[8,8.05253,4.625],"to":[8,14.80253,11.375],"rotation":{"angle":45,"axis":"x","origin":[8,11.42753,8]},"faces":{"north":{"uv":[0,0,0,3.5],"texture":"#1"},"east":{"uv":[0,0,3.25,3.5],"texture":"#1"},"south":{"uv":[0,0,0,3.5],"texture":"#1"},"west":{"uv":[0,3.5,3.25,7],"texture":"#1"},"up":{"uv":[0,3.25,0,0],"texture":"#1"},"down":{"uv":[0,0,0,3.25],"texture":"#1"}}},{"from":[8.65,22.7,7.625],"to":[8.65,26.45,11.375],"rotation":{"angle":45,"axis":"x","origin":[8,26.1,8]},"faces":{"north":{"uv":[0,0,0,2],"texture":"#1"},"east":{"uv":[7,6.5,9,8.5],"texture":"#1"},"south":{"uv":[0,0,0,2],"texture":"#1"},"west":{"uv":[3,7.5,5,9.5],"texture":"#1"},"up":{"uv":[0,2,0,0],"texture":"#1"},"down":{"uv":[0,0,0,2],"texture":"#1"}}},{"from":[8,16.52119,-1.09557],"to":[8,21.27119,3.65443],"rotation":{"angle":45,"axis":"x","origin":[8,18.98439,2.83063]},"faces":{"north":{"uv":[0,0,0,2.5],"texture":"#1"},"east":{"uv":[3.5,5,6,7.5],"texture":"#1"},"south":{"uv":[0,0,0,2.5],"texture":"#1"},"west":{"uv":[6,0,8.5,2.5],"texture":"#1"},"up":{"uv":[0,2.5,0,0],"texture":"#1"},"down":{"uv":[0,0,0,2.5],"texture":"#1"}}},{"from":[7.45,17.8,8.25],"to":[8.55,19.9,14.25],"rotation":{"angle":0,"axis":"y","origin":[8,18.85,8]},"faces":{"north":{"uv":[11,5,11.5,6],"texture":"#1"},"east":{"uv":[8.5,0,11.5,1],"texture":"#1"},"south":{"uv":[12.5,4,13,5],"texture":"#1"},"west":{"uv":[8.5,1,11.5,2],"texture":"#1"},"up":{"uv":[9.5,12.5,9,9.5],"texture":"#1"},"down":{"uv":[10,9.5,9.5,12.5],"texture":"#1"}}},{"from":[7.55,22.30116,10.95],"to":[8.45,23.60116,14.85],"rotation":{"angle":45,"axis":"x","origin":[8,17.82616,8]},"faces":{"north":{"uv":[11,13,11.5,13.75],"texture":"#1"},"east":{"uv":[10,6,12,6.75],"texture":"#1"},"south":{"uv":[13,11,13.5,11.75],"texture":"#1"},"west":{"uv":[10,7,12,7.75],"texture":"#1"},"up":{"uv":[11,12,10.5,10],"texture":"#1"},"down":{"uv":[11.5,3,11,5],"texture":"#1"}}},{"from":[7.45,17.8,1.75],"to":[8.55,19.9,7.75],"rotation":{"angle":0,"axis":"y","origin":[8,18.98439,2.83063]},"faces":{"north":{"uv":[9.5,12.5,10,13.5],"texture":"#1"},"east":{"uv":[7,8.5,10,9.5],"texture":"#1"},"south":{"uv":[12.5,10,13,11],"texture":"#1"},"west":{"uv":[9,2,12,3],"texture":"#1"},"up":{"uv":[10.5,13,10,10],"texture":"#1"},"down":{"uv":[11,3,10.5,6],"texture":"#1"}}},{"from":[7.55,18.8351,-1.18307],"to":[8.45,20.1351,2.71693],"rotation":{"angle":-45,"axis":"x","origin":[8,18.98439,2.83063]},"faces":{"north":{"uv":[11.5,13,12,13.75],"texture":"#1"},"east":{"uv":[10,8,12,8.75],"texture":"#1"},"south":{"uv":[12,13,12.5,13.75],"texture":"#1"},"west":{"uv":[10,9,12,9.75],"texture":"#1"},"up":{"uv":[11.5,12,11,10],"texture":"#1"},"down":{"uv":[12,0,11.5,2],"texture":"#1"}}},{"from":[7.55,18.0351,0.81693],"to":[8.45,18.8351,2.71693],"rotation":{"angle":-45,"axis":"x","origin":[8,18.98439,2.83063]},"faces":{"north":{"uv":[13.5,2,14,2.5],"texture":"#1"},"east":{"uv":[6.5,12.5,7.5,13],"texture":"#1"},"south":{"uv":[13.5,2.5,14,3],"texture":"#1"},"west":{"uv":[7.5,12.5,8.5,13],"texture":"#1"},"up":{"uv":[9,13.5,8.5,12.5],"texture":"#1"},"down":{"uv":[9.5,12.5,9,13.5],"texture":"#1"}}}],"gui_light":"front","display":{"thirdperson_righthand":{"translation":[0,0.75,1]},"thirdperson_lefthand":{"translation":[0,0.75,1]},"firstperson_righthand":{"translation":[0,2,0.25],"scale":[0.62,0.62,0.62]},"firstperson_lefthand":{"translation":[0,2,0.25],"scale":[0.62,0.62,0.62]},"ground":{"rotation":[45,0,0],"translation":[0,3,0],"scale":[0.35,0.35,0.35]},"gui":{"rotation":[90,45,-89],"translation":[-2.75,-2.75,0],"scale":[0.73,0.73,0.73]},"head":{"scale":[0,0,0]},"fixed":{"rotation":[0,-90,0],"translation":[0,-3,-0.5],"scale":[0.66,0.66,0.66]}}}