{"credit":"Made with Blockbench","texture_size":[32,32],"textures":{"2":"islander_set:shovel"},"elements":[{"from":[7.225,8.5,7.225],"to":[8.775,22.5,8.775],"rotation":{"angle":0,"axis":"y","origin":[8,14.42322,8]},"faces":{"north":{"uv":[4.25,5,3.5,12],"texture":"#2"},"east":{"uv":[7.25,0,6.5,7],"texture":"#2"},"south":{"uv":[6.25,5,5.5,12],"texture":"#2"},"west":{"uv":[5.25,5,4.5,12],"texture":"#2"},"up":{"uv":[11,3.75,11.75,3],"texture":"#2"},"down":{"uv":[11,4,11.75,4.75],"texture":"#2"}}},{"from":[7.425,19.95993,6.47916],"to":[8.575,21.30993,8.12916],"rotation":{"angle":-22.5,"axis":"x","origin":[8,25.52322,8]},"faces":{"north":{"uv":[8,11.5,7.5,12.25],"texture":"#2"},"east":{"uv":[3.25,11.5,2.5,12.25],"texture":"#2"},"south":{"uv":[8.5,11.5,8,12.25],"texture":"#2"},"west":{"uv":[12.25,2,11.5,2.75],"texture":"#2"},"up":{"uv":[8.5,12.25,9,11.5],"texture":"#2"},"down":{"uv":[9,11.5,9.5,12.25],"texture":"#2"}}},{"from":[7.525,21.68209,10.91346],"to":[8.475,23.33209,11.96346],"rotation":{"angle":22.5,"axis":"x","origin":[8,25.52322,8]},"faces":{"north":{"uv":[10,11.5,9.5,12.25],"texture":"#2"},"east":{"uv":[2,12,1.5,12.75],"texture":"#2"},"south":{"uv":[12,11,11.5,11.75],"texture":"#2"},"west":{"uv":[10.5,11.5,10,12.25],"texture":"#2"},"up":{"uv":[1.5,10,2,9.5],"texture":"#2"},"down":{"uv":[12,11,12.5,11.5],"texture":"#2"}}},{"from":[7.625,23.24338,11.01421],"to":[8.375,24.89338,11.83921],"rotation":{"angle":22.5,"axis":"x","origin":[8,25.52322,8]},"faces":{"north":{"uv":[2.5,12,2,12.75],"texture":"#2"},"east":{"uv":[4.5,12,4,12.75],"texture":"#2"},"south":{"uv":[4,12,3.5,12.75],"texture":"#2"},"west":{"uv":[12.5,3,12,3.75],"texture":"#2"},"up":{"uv":[11.5,12.5,12,12],"texture":"#2"},"down":{"uv":[12,11.5,12.5,12],"texture":"#2"}}},{"from":[7.425,19.95993,7.87084],"to":[8.575,21.30993,9.52084],"rotation":{"angle":22.5,"axis":"x","origin":[8,25.52322,8]},"faces":{"north":{"uv":[12.5,9,12,9.75],"texture":"#2"},"east":{"uv":[12.25,7,11.5,7.75],"texture":"#2"},"south":{"uv":[12.5,10,12,10.75],"texture":"#2"},"west":{"uv":[7.25,11.5,6.5,12.25],"texture":"#2"},"up":{"uv":[10.5,12.75,11,12],"texture":"#2"},"down":{"uv":[11,12,11.5,12.75],"texture":"#2"}}},{"from":[7.525,21.68209,4.03654],"to":[8.475,23.33209,5.08654],"rotation":{"angle":-22.5,"axis":"x","origin":[8,25.52322,8]},"faces":{"north":{"uv":[6,12,5.5,12.75],"texture":"#2"},"east":{"uv":[12.5,8,12,8.75],"texture":"#2"},"south":{"uv":[12.5,6,12,6.75],"texture":"#2"},"west":{"uv":[6.5,12,6,12.75],"texture":"#2"},"up":{"uv":[12.5,0.5,13,0],"texture":"#2"},"down":{"uv":[0.5,12.5,1,13],"texture":"#2"}}},{"from":[7.625,23.24338,4.16079],"to":[8.375,24.89338,4.98579],"rotation":{"angle":-22.5,"axis":"x","origin":[8,25.52322,8]},"faces":{"north":{"uv":[12.5,4,12,4.75],"texture":"#2"},"east":{"uv":[12.5,5,12,5.75],"texture":"#2"},"south":{"uv":[5.5,12,5,12.75],"texture":"#2"},"west":{"uv":[5,12,4.5,12.75],"texture":"#2"},"up":{"uv":[12,12.5,12.5,12],"texture":"#2"},"down":{"uv":[0,12.5,0.5,13],"texture":"#2"}}},{"from":[7.225,0.5,7.225],"to":[8.775,4.5,8.775],"rotation":{"angle":0,"axis":"y","origin":[8,3.62322,8]},"faces":{"north":{"uv":[8.25,9.5,7.5,11.5],"texture":"#2"},"east":{"uv":[2.25,10,1.5,12],"texture":"#2"},"south":{"uv":[10.25,9.5,9.5,11.5],"texture":"#2"},"west":{"uv":[9.25,9.5,8.5,11.5],"texture":"#2"},"up":{"uv":[11,5.75,11.75,5],"texture":"#2"},"down":{"uv":[11,6,11.75,6.75],"texture":"#2"}}},{"from":[7.375,4.5,7.375],"to":[8.625,8.5,8.625],"rotation":{"angle":0,"axis":"y","origin":[8,3.62322,8]},"faces":{"north":{"uv":[10.25,0,9.5,2],"texture":"#2"},"east":{"uv":[7.25,9.5,6.5,11.5],"texture":"#2"},"south":{"uv":[10.25,4,9.5,6],"texture":"#2"},"west":{"uv":[10.25,2,9.5,4],"texture":"#2"},"up":{"uv":[7.5,6.75,8.25,6],"texture":"#2"},"down":{"uv":[10.5,7,11.25,7.75],"texture":"#2"}}},{"from":[7.2,21.46624,9.55698],"to":[8.8,23.96624,12.05698],"rotation":{"angle":45,"axis":"x","origin":[8,25.52322,8]},"faces":{"north":{"uv":[3.25,10,2.5,11.25],"texture":"#2"},"east":{"uv":[3.25,8.5,2,9.75],"texture":"#2"},"south":{"uv":[10.75,8,10,9.25],"texture":"#2"},"west":{"uv":[3.25,7,2,8.25],"texture":"#2"},"up":{"uv":[10.5,1.25,11.25,0],"texture":"#2"},"down":{"uv":[10.5,1.5,11.25,2.75],"texture":"#2"}}},{"from":[7.2,0.83903,9.28419],"to":[8.8,2.33903,10.78419],"rotation":{"angle":45,"axis":"x","origin":[8,3.62322,8]},"faces":{"north":{"uv":[11.75,8,11,8.75],"texture":"#2"},"east":{"uv":[11.25,11,10.5,11.75],"texture":"#2"},"south":{"uv":[11.75,10,11,10.75],"texture":"#2"},"west":{"uv":[11.75,9,11,9.75],"texture":"#2"},"up":{"uv":[11.5,0.75,12.25,0],"texture":"#2"},"down":{"uv":[11.5,1,12.25,1.75],"texture":"#2"}}},{"from":[8,8.05253,4.625],"to":[8,14.80253,11.375],"rotation":{"angle":45,"axis":"x","origin":[8,11.42753,8]},"faces":{"north":{"uv":[0,0,0,3.5],"texture":"#2"},"east":{"uv":[3.25,3.5,0,7],"texture":"#2"},"south":{"uv":[0,0,0,3.5],"texture":"#2"},"west":{"uv":[3.25,0,0,3.5],"texture":"#2"},"up":{"uv":[0,3.25,0,0],"texture":"#2"},"down":{"uv":[0,0,0,3.25],"texture":"#2"}}},{"from":[8,18.94388,3.69639],"to":[8,23.69388,8.44639],"rotation":{"angle":22.5,"axis":"x","origin":[8,20.01888,1.67139]},"faces":{"north":{"uv":[0,0,0,2.5],"texture":"#2"},"east":{"uv":[5.75,2.5,3.5,5],"texture":"#2"},"south":{"uv":[0,0,0,2.5],"texture":"#2"},"west":{"uv":[5.75,0,3.5,2.5],"texture":"#2"},"up":{"uv":[0,2.25,0,0],"texture":"#2"},"down":{"uv":[0,0,0,2.25],"texture":"#2"}}},{"from":[7.45,21.49975,6.35],"to":[8.55,26.59975,9.65],"rotation":{"angle":0,"axis":"y","origin":[8,23.79975,8]},"faces":{"north":{"uv":[6.5,0,6,2.5],"texture":"#2"},"east":{"uv":[8.25,7,6.5,9.5],"texture":"#2"},"south":{"uv":[6.5,2.5,6,5],"texture":"#2"},"west":{"uv":[1.75,7,0,9.5],"texture":"#2"},"up":{"uv":[10.5,4.75,11,3],"texture":"#2"},"down":{"uv":[10.5,5,11,6.75],"texture":"#2"}}},{"from":[7.425,25.43725,6.8375],"to":[8.575,27.76225,9.1625],"rotation":{"angle":-45,"axis":"x","origin":[8,26.59975,8]},"faces":{"north":{"uv":[11,9.5,10.5,10.75],"texture":"#2"},"east":{"uv":[1.25,9.5,0,10.75],"texture":"#2"},"south":{"uv":[0.5,11,0,12.25],"texture":"#2"},"west":{"uv":[9.75,8,8.5,9.25],"texture":"#2"},"up":{"uv":[0.5,12.25,1,11],"texture":"#2"},"down":{"uv":[1,11,1.5,12.25],"texture":"#2"}}}],"gui_light":"front","display":{"thirdperson_righthand":{"translation":[0,0.75,1]},"thirdperson_lefthand":{"translation":[0,0.75,1]},"firstperson_righthand":{"translation":[0,1,0.25],"scale":[0.62,0.62,0.62]},"firstperson_lefthand":{"translation":[0,1,0.25],"scale":[0.62,0.62,0.62]},"ground":{"rotation":[45,0,0],"translation":[0,3,0],"scale":[0.35,0.35,0.35]},"gui":{"rotation":[90,45,-89],"translation":[-3.25,-3.5,0],"scale":[0.66,0.66,0.66]},"head":{"scale":[0,0,0]},"fixed":{"rotation":[0,-90,0],"translation":[0,-4.5,-0.5],"scale":[0.66,0.66,0.66]}}}