{"credit":"Created By Yassou","texture_size":[128,128],"textures":{"1":"summer_furnitures:chaire_fabric","particle":"summer_furnitures:chaire_fabric"},"elements":[{"from":[3.5,0,-5],"to":[4.5,0.4,23],"rotation":{"angle":0,"axis":"y","origin":[1.5,0,-1]},"faces":{"north":{"uv":[9.975,0,9.5,0.375],"texture":"#1","tintindex":0},"south":{"uv":[9.975,0,9.5,0.525],"texture":"#1","tintindex":0},"west":{"uv":[14.525,2,10,4.025],"texture":"#1","tintindex":0},"up":{"uv":[9.975,0,9.5,10.475],"texture":"#1","tintindex":0},"down":{"uv":[8.975,0,8.5,7.525],"texture":"#1","tintindex":0}}},{"from":[4.5,0,-5],"to":[5.5,0.4,23],"rotation":{"angle":0,"axis":"y","origin":[2.5,0,-1]},"faces":{"north":{"uv":[9.475,0,9,0.525],"texture":"#1"},"south":{"uv":[9.475,0,9,0.525],"texture":"#1"},"west":{"uv":[14.525,2,10,4.025],"texture":"#1"},"up":{"uv":[9.475,0,9,10.475],"texture":"#1"},"down":{"uv":[9.475,0,9,7.525],"texture":"#1"}}},{"from":[2.5,0,-5],"to":[3.5,0.4,23],"rotation":{"angle":0,"axis":"y","origin":[0.5,0,-1]},"faces":{"north":{"uv":[9.475,0,9,0.525],"texture":"#1"},"south":{"uv":[9.475,0,9,0.525],"texture":"#1"},"up":{"uv":[9.475,0,9,10.475],"texture":"#1"},"down":{"uv":[9,7.525,9.475,0],"texture":"#1"}}},{"from":[1.5,0.2,23],"to":[2.5,0.2,26],"rotation":{"angle":0,"axis":"x","origin":[0.5,-0.2,5]},"faces":{"north":{"uv":[9.475,0,9,0.525],"texture":"#1","tintindex":0},"south":{"uv":[9.475,0,9,0.525],"texture":"#1","tintindex":0},"up":{"uv":[10,13.5,9.525,14.975],"texture":"#1","tintindex":0},"down":{"uv":[10,15.475,9.525,13.5],"texture":"#1","tintindex":0}}},{"from":[13.5,0.2,23],"to":[14.5,0.2,26],"rotation":{"angle":0,"axis":"x","origin":[12.5,-0.2,5]},"faces":{"north":{"uv":[9.475,0,9,0.525],"texture":"#1","tintindex":0},"south":{"uv":[9.475,0,9,0.525],"texture":"#1","tintindex":0},"up":{"uv":[10,13.5,9.525,14.975],"texture":"#1","tintindex":0},"down":{"uv":[10,15.475,9.525,13.5],"texture":"#1","tintindex":0}}},{"from":[2.5,0.2,23],"to":[3.5,0.2,26],"rotation":{"angle":0,"axis":"x","origin":[1.5,-0.2,5]},"faces":{"north":{"uv":[9.475,0,9,0.525],"texture":"#1"},"south":{"uv":[9.475,0,9,0.525],"texture":"#1"},"up":{"uv":[10.5,13.5,10.025,14.975],"texture":"#1"},"down":{"uv":[10.5,14.975,10.025,13.5],"texture":"#1"}}},{"from":[12.5,0.2,23],"to":[13.5,0.2,26],"rotation":{"angle":0,"axis":"x","origin":[11.5,-0.2,5]},"faces":{"north":{"uv":[9.475,0,9,0.525],"texture":"#1"},"south":{"uv":[9.475,0,9,0.525],"texture":"#1"},"up":{"uv":[10.5,13.5,10.025,14.975],"texture":"#1"},"down":{"uv":[10.5,14.975,10.025,13.5],"texture":"#1"}}},{"from":[3.5,0.2,23],"to":[4.5,0.2,26],"rotation":{"angle":0,"axis":"x","origin":[2.5,-0.2,5]},"faces":{"north":{"uv":[9.475,0,9,0.525],"texture":"#1","tintindex":0},"south":{"uv":[9.475,0,9,0.525],"texture":"#1","tintindex":0},"up":{"uv":[11,13.5,10.525,14.975],"texture":"#1","tintindex":0},"down":{"uv":[11,14.975,10.525,13.5],"texture":"#1","tintindex":0}}},{"from":[11.5,0.2,23],"to":[12.5,0.2,26],"rotation":{"angle":0,"axis":"x","origin":[10.5,-0.2,5]},"faces":{"north":{"uv":[9.475,0,9,0.525],"texture":"#1","tintindex":0},"south":{"uv":[9.475,0,9,0.525],"texture":"#1","tintindex":0},"up":{"uv":[11,13.5,10.525,14.975],"texture":"#1","tintindex":0},"down":{"uv":[11,14.975,10.525,13.5],"texture":"#1","tintindex":0}}},{"from":[4.5,0.2,23],"to":[5.5,0.2,26],"rotation":{"angle":0,"axis":"x","origin":[3.5,-0.2,5]},"faces":{"north":{"uv":[9.475,0,9,0.525],"texture":"#1"},"south":{"uv":[9.475,0,9,0.525],"texture":"#1"},"up":{"uv":[11.5,13.5,11.025,14.975],"texture":"#1"},"down":{"uv":[11.5,14.975,11.025,13.5],"texture":"#1"}}},{"from":[5.5,0.2,23],"to":[6.5,0.2,27],"rotation":{"angle":0,"axis":"x","origin":[4.5,-0.2,5]},"faces":{"north":{"uv":[9.475,0,9,0.525],"texture":"#1","tintindex":0},"south":{"uv":[9.475,0,9,0.525],"texture":"#1","tintindex":0},"up":{"uv":[12,13.5,11.525,15.475],"texture":"#1","tintindex":0},"down":{"uv":[12,14.975,11.525,13.5],"texture":"#1","tintindex":0}}},{"from":[6.5,0.2,23],"to":[7.5,0.2,26],"rotation":{"angle":0,"axis":"x","origin":[5.5,-0.2,5]},"faces":{"north":{"uv":[9.475,0,9,0.525],"texture":"#1"},"south":{"uv":[9.475,0,9,0.525],"texture":"#1"},"up":{"uv":[12.5,13.5,12.025,14.975],"texture":"#1"},"down":{"uv":[12.5,14.975,12.025,13.5],"texture":"#1"}}},{"from":[7.5,0.2,23],"to":[8.5,0.2,27],"rotation":{"angle":0,"axis":"x","origin":[6.5,-0.2,5]},"faces":{"north":{"uv":[9.475,0,9,0.525],"texture":"#1","tintindex":0},"south":{"uv":[9.475,0,9,0.525],"texture":"#1","tintindex":0},"up":{"uv":[13,13.5,12.525,15.475],"texture":"#1","tintindex":0},"down":{"uv":[13,15.475,12.525,13.5],"texture":"#1","tintindex":0}}},{"from":[8.5,0.2,23],"to":[9.5,0.2,27],"rotation":{"angle":0,"axis":"x","origin":[7.5,-0.2,5]},"faces":{"north":{"uv":[9.475,0,9,0.525],"texture":"#1"},"south":{"uv":[9.475,0,9,0.525],"texture":"#1"},"up":{"uv":[13.5,13.5,13.025,15.475],"texture":"#1"},"down":{"uv":[13.5,15.475,13.025,13.5],"texture":"#1"}}},{"from":[9.5,0.2,23],"to":[10.5,0.2,27],"rotation":{"angle":0,"axis":"x","origin":[8.5,-0.2,5]},"faces":{"north":{"uv":[9.475,0,9,0.525],"texture":"#1","tintindex":0},"south":{"uv":[9.475,0,9,0.525],"texture":"#1","tintindex":0},"up":{"uv":[14,13.5,13.525,15.475],"texture":"#1","tintindex":0},"down":{"uv":[14,15.475,13.525,13.5],"texture":"#1","tintindex":0}}},{"from":[10.5,0.2,23],"to":[11.5,0.2,27],"rotation":{"angle":0,"axis":"x","origin":[9.5,-0.2,5]},"faces":{"north":{"uv":[9.475,0,9,0.525],"texture":"#1"},"south":{"uv":[9.475,0,9,0.525],"texture":"#1"},"up":{"uv":[14.5,13.5,14.025,15.475],"texture":"#1"},"down":{"uv":[14.5,15.475,14.025,13.5],"texture":"#1"}}},{"from":[1.5,0.2,-8],"to":[2.5,0.2,-5],"rotation":{"angle":0,"axis":"x","origin":[0.5,-0.2,13]},"faces":{"north":{"uv":[9,0,9.475,0.525],"texture":"#1","tintindex":0},"south":{"uv":[9,0,9.475,0.525],"texture":"#1","tintindex":0},"up":{"uv":[10,14.975,9.525,13.5],"texture":"#1","tintindex":0},"down":{"uv":[10,13.5,9.525,15.475],"texture":"#1","tintindex":0}}},{"from":[2.5,0.2,-8],"to":[3.5,0.2,-5],"rotation":{"angle":0,"axis":"x","origin":[1.5,-0.2,13]},"faces":{"north":{"uv":[9,0,9.475,0.525],"texture":"#1"},"south":{"uv":[9,0,9.475,0.525],"texture":"#1"},"up":{"uv":[10.5,14.975,10.025,13.5],"texture":"#1"},"down":{"uv":[10.5,13.5,10.025,14.975],"texture":"#1"}}},{"from":[3.5,0.2,-8],"to":[4.5,0.2,-5],"rotation":{"angle":0,"axis":"x","origin":[2.5,-0.2,13]},"faces":{"north":{"uv":[9,0,9.475,0.525],"texture":"#1","tintindex":0},"south":{"uv":[9,0,9.475,0.525],"texture":"#1","tintindex":0},"up":{"uv":[11,14.975,10.525,13.5],"texture":"#1","tintindex":0},"down":{"uv":[11,13.5,10.525,14.975],"texture":"#1","tintindex":0}}},{"from":[4.5,0.2,-8],"to":[5.5,0.2,-5],"rotation":{"angle":0,"axis":"x","origin":[3.5,-0.2,13]},"faces":{"north":{"uv":[9,0,9.475,0.525],"texture":"#1"},"south":{"uv":[9,0,9.475,0.525],"texture":"#1"},"up":{"uv":[11.5,14.975,11.025,13.5],"texture":"#1"},"down":{"uv":[11.5,13.5,11.025,14.975],"texture":"#1"}}},{"from":[5.5,0.2,-9],"to":[6.5,0.2,-5],"rotation":{"angle":0,"axis":"x","origin":[4.5,-0.2,13]},"faces":{"north":{"uv":[9,0,9.475,0.525],"texture":"#1","tintindex":0},"south":{"uv":[9,0,9.475,0.525],"texture":"#1","tintindex":0},"up":{"uv":[12,15.475,11.525,13.5],"texture":"#1","tintindex":0},"down":{"uv":[12,13.5,11.525,14.975],"texture":"#1","tintindex":0}}},{"from":[6.5,0.2,-8],"to":[7.5,0.2,-5],"rotation":{"angle":0,"axis":"x","origin":[5.5,-0.2,13]},"faces":{"north":{"uv":[9,0,9.475,0.525],"texture":"#1"},"south":{"uv":[9,0,9.475,0.525],"texture":"#1"},"up":{"uv":[12.5,14.975,12.025,13.5],"texture":"#1"},"down":{"uv":[12.5,13.5,12.025,14.975],"texture":"#1"}}},{"from":[7.5,0.2,-9],"to":[8.5,0.2,-5],"rotation":{"angle":0,"axis":"x","origin":[6.5,-0.2,13]},"faces":{"north":{"uv":[9,0,9.475,0.525],"texture":"#1","tintindex":0},"south":{"uv":[9,0,9.475,0.525],"texture":"#1","tintindex":0},"up":{"uv":[13,15.475,12.525,13.5],"texture":"#1","tintindex":0},"down":{"uv":[13,13.5,12.525,15.475],"texture":"#1","tintindex":0}}},{"from":[8.5,0.2,-9],"to":[9.5,0.2,-5],"rotation":{"angle":0,"axis":"x","origin":[7.5,-0.2,13]},"faces":{"north":{"uv":[9,0,9.475,0.525],"texture":"#1"},"south":{"uv":[9,0,9.475,0.525],"texture":"#1"},"up":{"uv":[13.5,15.475,13.025,13.5],"texture":"#1"},"down":{"uv":[13.5,13.5,13.025,15.475],"texture":"#1"}}},{"from":[9.5,0.2,-9],"to":[10.5,0.2,-5],"rotation":{"angle":0,"axis":"x","origin":[8.5,-0.2,13]},"faces":{"north":{"uv":[9,0,9.475,0.525],"texture":"#1","tintindex":0},"south":{"uv":[9,0,9.475,0.525],"texture":"#1","tintindex":0},"up":{"uv":[14,15.475,13.525,13.5],"texture":"#1","tintindex":0},"down":{"uv":[14,13.5,13.525,15.475],"texture":"#1","tintindex":0}}},{"from":[10.5,0.2,-9],"to":[11.5,0.2,-5],"rotation":{"angle":0,"axis":"x","origin":[9.5,-0.2,13]},"faces":{"north":{"uv":[9,0,9.475,0.525],"texture":"#1"},"south":{"uv":[9,0,9.475,0.525],"texture":"#1"},"up":{"uv":[14.5,15.475,14.025,13.5],"texture":"#1"},"down":{"uv":[14.5,13.5,14.025,15.475],"texture":"#1"}}},{"from":[11.5,0.2,-8],"to":[12.5,0.2,-5],"rotation":{"angle":0,"axis":"x","origin":[10.5,-0.2,13]},"faces":{"north":{"uv":[9,0,9.475,0.525],"texture":"#1","tintindex":0},"south":{"uv":[9,0,9.475,0.525],"texture":"#1","tintindex":0},"up":{"uv":[11,14.975,10.525,13.5],"texture":"#1","tintindex":0},"down":{"uv":[11,13.5,10.525,14.975],"texture":"#1","tintindex":0}}},{"from":[12.5,0.2,-8],"to":[13.5,0.2,-5],"rotation":{"angle":0,"axis":"x","origin":[11.5,-0.2,13]},"faces":{"north":{"uv":[9,0,9.475,0.525],"texture":"#1"},"south":{"uv":[9,0,9.475,0.525],"texture":"#1"},"up":{"uv":[10.5,14.975,10.025,13.5],"texture":"#1"},"down":{"uv":[10.5,13.5,10.025,14.975],"texture":"#1"}}},{"from":[13.5,0.2,-8],"to":[14.5,0.2,-5],"rotation":{"angle":0,"axis":"x","origin":[12.5,-0.2,13]},"faces":{"north":{"uv":[9,0,9.475,0.525],"texture":"#1","tintindex":0},"south":{"uv":[9,0,9.475,0.525],"texture":"#1","tintindex":0},"up":{"uv":[10,14.975,9.525,13.5],"texture":"#1","tintindex":0},"down":{"uv":[10,13.5,9.525,15.475],"texture":"#1","tintindex":0}}},{"from":[1.5,0,-5],"to":[2.5,0.4,23],"rotation":{"angle":0,"axis":"y","origin":[-0.5,0,-1]},"faces":{"north":{"uv":[9.975,0,9.5,0.375],"texture":"#1","tintindex":0},"south":{"uv":[9.975,0,9.5,0.525],"texture":"#1","tintindex":0},"west":{"uv":[5.5,10.475,5.975,0],"rotation":90,"texture":"#1","tintindex":0},"up":{"uv":[9.975,0,9.5,10.475],"texture":"#1","tintindex":0},"down":{"uv":[9.975,0,9.5,7.525],"texture":"#1","tintindex":0}}},{"from":[5.5,0,-5],"to":[6.5,0.4,23],"rotation":{"angle":0,"axis":"y","origin":[3.5,0,-1]},"faces":{"north":{"uv":[9.975,0,9.5,0.375],"texture":"#1","tintindex":0},"south":{"uv":[9.975,0,9.5,0.525],"texture":"#1","tintindex":0},"west":{"uv":[14.525,2,10,4.025],"texture":"#1","tintindex":0},"up":{"uv":[7.975,0,7.5,10.475],"texture":"#1","tintindex":0},"down":{"uv":[8.975,0,8.5,7.525],"texture":"#1","tintindex":0}}},{"from":[6.5,0,-5],"to":[7.5,0.4,23],"rotation":{"angle":0,"axis":"y","origin":[4.5,0,-1]},"faces":{"north":{"uv":[9.475,0,9,0.525],"texture":"#1"},"south":{"uv":[9.475,0,9,0.525],"texture":"#1"},"west":{"uv":[14.525,2,10,4.025],"texture":"#1"},"up":{"uv":[9.475,0,9,10.475],"texture":"#1"},"down":{"uv":[9.475,0,9,7.525],"texture":"#1"}}},{"from":[7.5,0,-5],"to":[8.5,0.4,23],"rotation":{"angle":0,"axis":"y","origin":[5.5,0,-1]},"faces":{"north":{"uv":[9.975,0,9.5,0.375],"texture":"#1","tintindex":0},"south":{"uv":[9.975,0,9.5,0.525],"texture":"#1","tintindex":0},"west":{"uv":[14.525,2,10,4.025],"texture":"#1","tintindex":0},"up":{"uv":[6.975,0,6.5,10.475],"texture":"#1","tintindex":0},"down":{"uv":[9.975,0,9.5,7.525],"texture":"#1","tintindex":0}}},{"from":[8.5,0,-5],"to":[9.5,0.4,23],"rotation":{"angle":0,"axis":"y","origin":[6.5,0,-1]},"faces":{"north":{"uv":[9.475,0,9,0.525],"texture":"#1"},"south":{"uv":[9.475,0,9,0.525],"texture":"#1"},"up":{"uv":[9.475,0,9,10.475],"texture":"#1"},"down":{"uv":[9,7.525,9.475,0],"texture":"#1"}}},{"from":[9.5,0,-5],"to":[10.5,0.4,23],"rotation":{"angle":0,"axis":"y","origin":[7.5,0,-1]},"faces":{"north":{"uv":[9.975,0,9.5,0.375],"texture":"#1","tintindex":0},"south":{"uv":[9.975,0,9.5,0.525],"texture":"#1","tintindex":0},"west":{"uv":[14.525,2,10,4.025],"texture":"#1","tintindex":0},"up":{"uv":[5.975,0,5.5,10.475],"texture":"#1","tintindex":0},"down":{"uv":[9.975,0,9.5,7.525],"texture":"#1","tintindex":0}}},{"from":[13.5,0,-5],"to":[14.5,0.4,23],"rotation":{"angle":0,"axis":"y","origin":[11.5,0,-1]},"faces":{"north":{"uv":[9.975,0,9.5,0.375],"texture":"#1","tintindex":0},"east":{"uv":[5.975,0,5.5,10.475],"rotation":90,"texture":"#1","tintindex":0},"south":{"uv":[9.975,0,9.5,0.525],"texture":"#1","tintindex":0},"west":{"uv":[14.525,2,10,4.025],"texture":"#1","tintindex":0},"up":{"uv":[5.975,0,5.5,10.475],"texture":"#1","tintindex":0},"down":{"uv":[9.975,0,9.5,7.525],"texture":"#1","tintindex":0}}},{"from":[10.5,0,-5],"to":[11.5,0.4,23],"rotation":{"angle":0,"axis":"y","origin":[8.5,0,-1]},"faces":{"north":{"uv":[9.475,0,9,0.525],"texture":"#1"},"south":{"uv":[9.475,0,9,0.525],"texture":"#1"},"west":{"uv":[14.525,2,10,4.025],"texture":"#1"},"up":{"uv":[9.475,0,9,10.475],"texture":"#1"},"down":{"uv":[7.475,0,7,7.525],"texture":"#1"}}},{"from":[11.5,0,-5],"to":[12.5,0.4,23],"rotation":{"angle":0,"axis":"y","origin":[9.5,0,-1]},"faces":{"north":{"uv":[9.975,0,9.5,0.375],"texture":"#1","tintindex":0},"south":{"uv":[9.975,0,9.5,0.525],"texture":"#1","tintindex":0},"west":{"uv":[14.525,2,10,4.025],"texture":"#1","tintindex":0},"up":{"uv":[7.975,0,7.5,10.475],"texture":"#1","tintindex":0},"down":{"uv":[8.975,0,8.5,7.525],"texture":"#1","tintindex":0}}},{"from":[12.5,0,-5],"to":[13.5,0.4,23],"rotation":{"angle":0,"axis":"y","origin":[10.5,0,-1]},"faces":{"north":{"uv":[9.475,0,9,0.375],"texture":"#1"},"east":{"uv":[9.475,0,9,10.475],"rotation":90,"texture":"#1"},"south":{"uv":[9.475,0,9,0.525],"texture":"#1"},"west":{"uv":[14.525,2,10,4.025],"texture":"#1"},"up":{"uv":[9.475,0,9,10.475],"texture":"#1"},"down":{"uv":[7.475,0,7,7.525],"texture":"#1"}}}],"display":{"thirdperson_righthand":{"rotation":[89.47,75.75,-16.02],"translation":[0,2.5,2.25],"scale":[0.375,0.375,0.375]},"thirdperson_lefthand":{"rotation":[89.47,75.75,-16.02],"translation":[0,2.5,2.25],"scale":[0.375,0.375,0.375]},"firstperson_righthand":{"rotation":[-180,88.75,180],"translation":[0.75,4,0],"scale":[0.34336,0.34336,0.34336]},"firstperson_lefthand":{"rotation":[-180,88.75,180],"translation":[0.75,4,0],"scale":[0.34336,0.34336,0.34336]},"ground":{"translation":[0,3,0],"scale":[0.61133,0.61133,0.61133]},"gui":{"rotation":[-136.17,-31.9,-158.04],"translation":[2,2.5,0],"scale":[0.57031,0.57031,0.57031]},"head":{"rotation":[-180,7,-180],"translation":[0,-30.4,0],"scale":[1.6,1.6,1.6]},"fixed":{"rotation":[90,-10.25,180],"translation":[0,0,-16],"scale":[2,2,2]}}}