{"credit":"Created By Yassou","texture_size":[64,64],"textures":{"2":"summer_furnitures:palm_tree"},"elements":[{"from":[5.3344,11.19785,-12],"to":[32,11.19785,24],"rotation":{"angle":22.5,"axis":"z","origin":[9.8344,11.19785,6]},"faces":{"north":{"uv":[0,0,6.75,0],"texture":"#2"},"east":{"uv":[0,0,0,9],"texture":"#2"},"south":{"uv":[0,0,6.75,0],"texture":"#2"},"west":{"uv":[0,0,0,9],"texture":"#2"},"up":{"uv":[6.75,9,0,0],"texture":"#2"},"down":{"uv":[6.75,0,0,9],"texture":"#2"}}},{"from":[-8,-16,5],"to":[-2,-7,11],"rotation":{"angle":0,"axis":"y","origin":[-6,-16,7]},"faces":{"north":{"uv":[1.5,9,3,11.25],"texture":"#2"},"east":{"uv":[1.5,9,3,11.25],"texture":"#2"},"south":{"uv":[1.5,9,3,11.25],"texture":"#2"},"west":{"uv":[1.5,9,3,11.25],"texture":"#2"},"up":{"uv":[4.5,11.5,3,10],"texture":"#2"},"down":{"uv":[6,10,4.5,11.5],"texture":"#2"}}},{"from":[-6.49629,-8.48059,5.01],"to":[-0.51629,2.49941,10.99],"rotation":{"angle":-22.5,"axis":"z","origin":[-3.50629,-3.99059,8]},"faces":{"north":{"uv":[0,9,1.5,11.75],"texture":"#2"},"east":{"uv":[0,9,1.5,11.75],"texture":"#2"},"south":{"uv":[0,9,1.5,11.75],"texture":"#2"},"west":{"uv":[0,9,1.5,11.75],"texture":"#2"},"up":{"uv":[7.5,11.5,6,10],"texture":"#2"},"down":{"uv":[9,10,7.5,11.5],"texture":"#2"}}},{"from":[-1.43718,-0.22666,5.05],"to":[4.46282,10.67334,10.95],"rotation":{"angle":-45,"axis":"z","origin":[1.51282,4.22334,8]},"faces":{"north":{"uv":[0,9,1.5,11.75],"texture":"#2"},"east":{"uv":[0,9,1.5,11.75],"texture":"#2"},"south":{"uv":[0,9,1.5,11.75],"texture":"#2"},"west":{"uv":[0,9,1.5,11.75],"texture":"#2"},"up":{"uv":[10.5,11.5,9,10],"texture":"#2"},"down":{"uv":[12,10,10.5,11.5],"texture":"#2"}}},{"from":[1.52282,9.73334,6.01],"to":[3.50282,18.71334,9.99],"rotation":{"angle":-45,"axis":"z","origin":[1.51282,3.22334,8]},"faces":{"north":{"uv":[3.5,11.5,4,13.75],"texture":"#2"},"east":{"uv":[1.5,11.25,2.5,13.5],"texture":"#2"},"south":{"uv":[4,11.5,4.5,13.75],"texture":"#2"},"west":{"uv":[2.5,11.5,3.5,13.75],"texture":"#2"},"up":{"uv":[6,12.5,5.5,11.5],"texture":"#2"},"down":{"uv":[6.5,11.5,6,12.5],"texture":"#2"}}},{"from":[4.3344,9.19785,6],"to":[15.3344,13.19785,10],"rotation":{"angle":22.5,"axis":"z","origin":[9.8344,11.19785,8]},"faces":{"north":{"uv":[3,9,5.75,10],"texture":"#2"},"east":{"uv":[11.25,9,12.25,10],"texture":"#2"},"south":{"uv":[3,9,5.75,10],"texture":"#2"},"west":{"uv":[4.5,11.5,5.5,12.5],"texture":"#2"},"up":{"uv":[8.5,10,5.75,9],"texture":"#2"},"down":{"uv":[11.25,9,8.5,10],"texture":"#2"}}},{"from":[15.3344,10.19785,7],"to":[19,12.19785,9],"rotation":{"angle":22.5,"axis":"z","origin":[9.8344,11.19785,8]},"faces":{"north":{"uv":[6.5,11.5,7.5,12],"texture":"#2"},"east":{"uv":[10.5,11.5,11,12],"texture":"#2"},"south":{"uv":[7.5,11.5,8.5,12],"texture":"#2"},"west":{"uv":[11,11.5,11.5,12],"texture":"#2"},"up":{"uv":[9.5,12,8.5,11.5],"texture":"#2"},"down":{"uv":[10.5,11.5,9.5,12],"texture":"#2"}}},{"from":[3.7344,-9.80215,8],"to":[30.4,26.19785,8],"rotation":{"angle":22.5,"axis":"z","origin":[8.2344,8.19785,8]},"faces":{"north":{"uv":[0,0,6.75,9],"texture":"#2"},"east":{"uv":[0,0,0,9],"texture":"#2"},"south":{"uv":[6.75,0,0,9],"texture":"#2"},"west":{"uv":[0,0,0,9],"texture":"#2"},"up":{"uv":[6.75,0,0,0],"texture":"#2"},"down":{"uv":[6.75,0,0,0],"texture":"#2"}}},{"from":[4.3344,-4.10215,8.5],"to":[31,31.89785,8.5],"rotation":{"angle":-45,"axis":"x","origin":[8.8344,13.89785,8.5]},"faces":{"north":{"uv":[0,0,6.75,9],"texture":"#2"},"east":{"uv":[0,0,0,9],"texture":"#2"},"south":{"uv":[6.75,0,0,9],"texture":"#2"},"west":{"uv":[0,0,0,9],"texture":"#2"},"up":{"uv":[6.75,0,0,0],"texture":"#2"},"down":{"uv":[6.75,0,0,0],"texture":"#2"}}},{"from":[4.3344,15.79785,-10],"to":[31,15.79785,26],"rotation":{"angle":-22.5,"axis":"x","origin":[17.6672,15.79785,8]},"faces":{"north":{"uv":[0,0,6.75,0],"texture":"#2"},"east":{"uv":[0,0,0,9],"texture":"#2"},"south":{"uv":[0,0,6.75,0],"texture":"#2"},"west":{"uv":[0,0,0,9],"texture":"#2"},"up":{"uv":[6.75,9,0,0],"texture":"#2"},"down":{"uv":[6.75,0,0,9],"texture":"#2"}}}],"display":{"thirdperson_righthand":{"rotation":[-107.17,-72.44,168.45],"translation":[0.25,2.5,2.25],"scale":[0.25195,0.25195,0.25195]},"thirdperson_lefthand":{"rotation":[-107.17,-72.44,168.45],"translation":[0.25,2.5,2.25],"scale":[0.25195,0.25195,0.25195]},"firstperson_righthand":{"translation":[2,2.75,0],"scale":[0.13477,0.13477,0.13477]},"firstperson_lefthand":{"translation":[2,2.75,0],"scale":[0.13477,0.13477,0.13477]},"ground":{"translation":[3.75,5,0],"scale":[0.35938,0.35938,0.35938]},"gui":{"rotation":[-155.12,-2.97,-172.67],"translation":[0.25,0.75,0],"scale":[0.33398,0.33398,0.33398]},"head":{"rotation":[-180,0,-180],"translation":[-21,-4.9,0],"scale":[1.6,1.6,1.6]},"fixed":{"rotation":[-90,180,0],"translation":[-25.75,0,-48],"scale":[2,2,2]}}}