{"credit":"Created By Yassou","texture_size":[128,128],"textures":{"3":"summer_furnitures:tropical_plante"},"elements":[{"from":[-6.5,-1.9,8],"to":[23.5,25.1,8],"rotation":{"angle":0,"axis":"y","origin":[8,11.6,8]},"faces":{"north":{"uv":[10.625,0,14.375,3.375],"texture":"#3"},"east":{"uv":[0,0,0,3.375],"texture":"#3"},"south":{"uv":[14.375,0,10.625,3.375],"texture":"#3"},"west":{"uv":[0,0,0,3.375],"texture":"#3"},"up":{"uv":[3.75,0,0,0],"texture":"#3"},"down":{"uv":[3.75,0,0,0],"texture":"#3"}}},{"from":[8.6,-0.6,-7.1],"to":[8.6,26.4,22.9],"rotation":{"angle":0,"axis":"y","origin":[8.6,12.9,8.4]},"faces":{"north":{"uv":[0,0,0,3.375],"texture":"#3"},"east":{"uv":[14.375,0,10.625,3.375],"texture":"#3"},"south":{"uv":[0,0,0,3.375],"texture":"#3"},"west":{"uv":[10.625,0,14.375,3.375],"texture":"#3"},"up":{"uv":[3.75,0,0,0],"rotation":270,"texture":"#3"},"down":{"uv":[3.75,0,0,0],"rotation":90,"texture":"#3"}}},{"from":[3,6.3,5.4],"to":[8,6.3,11.4],"rotation":{"angle":0,"axis":"y","origin":[6,6.3,9.4]},"faces":{"north":{"uv":[0,0,1,0],"texture":"#missing"},"east":{"uv":[0,0,0.75,0],"texture":"#missing"},"south":{"uv":[0,0,1,0],"texture":"#missing"},"west":{"uv":[0,0,0.75,0],"texture":"#missing"},"up":{"uv":[15.375,0.125,16,0.875],"texture":"#3"},"down":{"uv":[15.375,0.875,16,0.125],"texture":"#3"}}},{"from":[-1.80932,5.34337,5.4],"to":[3.19068,5.34337,11.4],"rotation":{"angle":22.5,"axis":"z","origin":[0.69068,5.34337,8.4]},"faces":{"north":{"uv":[0,0,1,0],"texture":"#missing"},"east":{"uv":[0,0,0.75,0],"texture":"#missing"},"south":{"uv":[0,0,1,0],"texture":"#missing"},"west":{"uv":[0,0,0.75,0],"texture":"#missing"},"up":{"uv":[14.75,0.125,15.375,0.875],"texture":"#3"},"down":{"uv":[14.75,0.875,15.375,0.125],"texture":"#3"}}},{"from":[5.1,8.7,-0.7],"to":[10.1,8.7,5.3],"rotation":{"angle":-45,"axis":"y","origin":[5.1,8.7,2.3]},"faces":{"north":{"uv":[0,0,1,0],"texture":"#missing"},"east":{"uv":[0,0,0.75,0],"texture":"#missing"},"south":{"uv":[0,0,1,0],"texture":"#missing"},"west":{"uv":[0,0,0.75,0],"texture":"#missing"},"up":{"uv":[15.375,0.125,16,0.875],"texture":"#3"},"down":{"uv":[15.375,0.875,16,0.125],"texture":"#3"}}},{"from":[0.1,9,-0.7],"to":[5.1,9,5.3],"rotation":{"angle":45,"axis":"z","origin":[5.1,9,2.3]},"faces":{"north":{"uv":[0,0,1,0],"texture":"#missing"},"east":{"uv":[0,0,0.75,0],"texture":"#missing"},"south":{"uv":[0,0,1,0],"texture":"#missing"},"west":{"uv":[0,0,0.75,0],"texture":"#missing"},"up":{"uv":[14.75,0.125,15.375,0.875],"texture":"#3"},"down":{"uv":[14.75,0.875,15.375,0.125],"texture":"#3"}}},{"from":[4.3,6.7,14.3],"to":[10.3,6.7,19.3],"rotation":{"angle":22.5,"axis":"x","origin":[7.3,6.7,14.3]},"faces":{"north":{"uv":[0,0,0.75,0],"texture":"#missing"},"east":{"uv":[0,0,1,0],"texture":"#missing"},"south":{"uv":[0,0,0.75,0],"texture":"#missing"},"west":{"uv":[0,0,1,0],"texture":"#missing"},"up":{"uv":[14.75,0.125,15.375,0.875],"rotation":270,"texture":"#3"},"down":{"uv":[14.75,0.875,15.375,0.125],"rotation":90,"texture":"#3"}}},{"from":[4.3,6.5,9.3],"to":[10.3,6.5,14.3],"rotation":{"angle":-22.5,"axis":"y","origin":[7.3,6.5,14.3]},"faces":{"north":{"uv":[0,0,0.75,0],"texture":"#missing"},"east":{"uv":[0,0,1,0],"texture":"#missing"},"south":{"uv":[0,0,0.75,0],"texture":"#missing"},"west":{"uv":[0,0,1,0],"texture":"#missing"},"up":{"uv":[15.375,0.125,16,0.875],"rotation":270,"texture":"#3"},"down":{"uv":[15.375,0.875,16,0.125],"rotation":90,"texture":"#3"}}},{"from":[7.7,9.4,12.4],"to":[13.7,9.4,17.4],"rotation":{"angle":22.5,"axis":"x","origin":[10.7,9.4,12.4]},"faces":{"north":{"uv":[0,0,0.75,0],"texture":"#missing"},"east":{"uv":[0,0,1,0],"texture":"#missing"},"south":{"uv":[0,0,0.75,0],"texture":"#missing"},"west":{"uv":[0,0,1,0],"texture":"#missing"},"up":{"uv":[14.75,0.125,15.375,0.875],"rotation":270,"texture":"#3"},"down":{"uv":[14.75,0.875,15.375,0.125],"rotation":90,"texture":"#3"}}},{"from":[7.7,9.4,7.4],"to":[13.7,9.4,12.4],"rotation":{"angle":22.5,"axis":"x","origin":[10.7,9.4,12.4]},"faces":{"north":{"uv":[0,0,0.75,0],"texture":"#missing"},"east":{"uv":[0,0,1,0],"texture":"#missing"},"south":{"uv":[0,0,0.75,0],"texture":"#missing"},"west":{"uv":[0,0,1,0],"texture":"#missing"},"up":{"uv":[15.375,0.125,16,0.875],"rotation":270,"texture":"#3"},"down":{"uv":[15.375,0.875,16,0.125],"rotation":90,"texture":"#3"}}},{"from":[5.1,3.3,2.2],"to":[11.1,3.3,7.2],"rotation":{"angle":-22.5,"axis":"x","origin":[8.1,2.82168,2.29534]},"faces":{"north":{"uv":[0,0,0.75,0],"texture":"#missing"},"east":{"uv":[0,0,1,0],"texture":"#missing"},"south":{"uv":[0,0,0.75,0],"texture":"#missing"},"west":{"uv":[0,0,1,0],"texture":"#missing"},"up":{"uv":[15.375,0.125,16,0.875],"rotation":90,"texture":"#3"},"down":{"uv":[15.375,0.875,16,0.125],"rotation":270,"texture":"#3"}}},{"from":[5.1,3.3,-2.60932],"to":[11.1,3.3,2.39068],"rotation":{"angle":-45,"axis":"x","origin":[8.1,2.82168,2.29534]},"faces":{"north":{"uv":[0,0,0.75,0],"texture":"#missing"},"east":{"uv":[0,0,1,0],"texture":"#missing"},"south":{"uv":[0,0,0.75,0],"texture":"#missing"},"west":{"uv":[0,0,1,0],"texture":"#missing"},"up":{"uv":[14.75,0.125,15.375,0.875],"rotation":90,"texture":"#3"},"down":{"uv":[14.75,0.875,15.375,0.125],"rotation":270,"texture":"#3"}}},{"from":[-0.2,15.8,5.4],"to":[4.8,15.8,11.4],"rotation":{"angle":0,"axis":"y","origin":[2.8,15.8,9.4]},"faces":{"north":{"uv":[0,0,1,0],"texture":"#missing"},"east":{"uv":[0,0,0.75,0],"texture":"#missing"},"south":{"uv":[0,0,1,0],"texture":"#missing"},"west":{"uv":[0,0,0.75,0],"texture":"#missing"},"up":{"uv":[15.375,0.125,16,0.875],"texture":"#3"},"down":{"uv":[15.375,0.875,16,0.125],"texture":"#3"}}},{"from":[-5.00932,14.84337,5.4],"to":[-0.00932,14.84337,11.4],"rotation":{"angle":22.5,"axis":"z","origin":[-2.50932,14.84337,8.4]},"faces":{"north":{"uv":[0,0,1,0],"texture":"#missing"},"east":{"uv":[0,0,0.75,0],"texture":"#missing"},"south":{"uv":[0,0,1,0],"texture":"#missing"},"west":{"uv":[0,0,0.75,0],"texture":"#missing"},"up":{"uv":[14.75,0.125,15.375,0.875],"texture":"#3"},"down":{"uv":[14.75,0.875,15.375,0.125],"texture":"#3"}}},{"from":[16.14902,17.18868,3.39068],"to":[23.14902,17.18868,11.39068],"rotation":{"angle":-45,"axis":"z","origin":[17.2063,16.90171,7.39068]},"faces":{"north":{"uv":[0,0,1,0],"texture":"#missing"},"east":{"uv":[0,0,0.75,0],"texture":"#missing"},"south":{"uv":[0,0,1,0],"texture":"#missing"},"west":{"uv":[0,0,0.75,0],"texture":"#missing"},"up":{"uv":[14.25,2.125,15.125,1.125],"rotation":180,"texture":"#3"},"down":{"uv":[14.25,1.125,15.125,2.125],"rotation":180,"texture":"#3"}}},{"from":[9.89068,19,3.39068],"to":[13.89068,19,11.39068],"rotation":{"angle":0,"axis":"z","origin":[16.75728,18.33034,7.39068]},"faces":{"north":{"uv":[0,0,1,0],"texture":"#missing"},"east":{"uv":[0,0,0.75,0],"texture":"#missing"},"south":{"uv":[0,0,1,0],"texture":"#missing"},"west":{"uv":[0,0,0.75,0],"texture":"#missing"},"up":{"uv":[15.5,2,16,1],"rotation":180,"texture":"#3"},"down":{"uv":[15.5,1,16,2],"rotation":180,"texture":"#3"}}},{"from":[13.33971,17.57137,3.39068],"to":[16.33971,17.57137,11.39068],"rotation":{"angle":-22.5,"axis":"z","origin":[17.2063,16.90171,7.39068]},"faces":{"north":{"uv":[0,0,1,0],"texture":"#missing"},"east":{"uv":[0,0,0.75,0],"texture":"#missing"},"south":{"uv":[0,0,1,0],"texture":"#missing"},"west":{"uv":[0,0,0.75,0],"texture":"#missing"},"up":{"uv":[15.125,2,15.5,1],"rotation":180,"texture":"#3"},"down":{"uv":[15.125,1,15.5,2],"rotation":180,"texture":"#3"}}},{"from":[3.05728,15,14.55728],"to":[11.05728,15,21.55728],"rotation":{"angle":45,"axis":"x","origin":[7.05728,14.33034,14.69068]},"faces":{"north":{"uv":[0,0,0.75,0],"texture":"#missing"},"east":{"uv":[0,0,1,0],"texture":"#missing"},"south":{"uv":[0,0,0.75,0],"texture":"#missing"},"west":{"uv":[0,0,1,0],"texture":"#missing"},"up":{"uv":[14.25,1.125,15.125,2.125],"rotation":270,"texture":"#3"},"down":{"uv":[14.25,2.125,15.125,1.125],"rotation":90,"texture":"#3"}}},{"from":[3.05728,14.7,7.82409],"to":[11.05728,14.7,14.82409],"rotation":{"angle":-22.5,"axis":"y","origin":[7.05728,14.03034,14.69068]},"faces":{"north":{"uv":[0,0,0.75,0],"texture":"#missing"},"east":{"uv":[0,0,1,0],"texture":"#missing"},"south":{"uv":[0,0,0.75,0],"texture":"#missing"},"west":{"uv":[0,0,1,0],"texture":"#missing"},"up":{"uv":[15.125,1,16,2],"rotation":270,"texture":"#3"},"down":{"uv":[15.125,2,16,1],"rotation":90,"texture":"#3"}}},{"from":[18.52672,0.76407,4.69068],"to":[18.52672,7.76407,12.69068],"rotation":{"angle":0,"axis":"z","origin":[17.28943,7.25115,8.69068]},"faces":{"north":{"uv":[0,0,1,0],"rotation":270,"texture":"#missing"},"east":{"uv":[14.25,1.125,15.125,2.125],"rotation":270,"texture":"#3"},"south":{"uv":[0,0,1,0],"rotation":90,"texture":"#missing"},"west":{"uv":[14.25,2.125,15.125,1.125],"rotation":270,"texture":"#3"},"up":{"uv":[0,0,0.75,0],"rotation":90,"texture":"#missing"},"down":{"uv":[0,0,0.75,0],"rotation":90,"texture":"#missing"}}},{"from":[10.80235,8.48844,4.69068],"to":[17.80235,8.48844,12.69068],"rotation":{"angle":-45,"axis":"z","origin":[17.28943,7.25115,8.69068]},"faces":{"north":{"uv":[0,0,1,0],"texture":"#missing"},"east":{"uv":[0,0,0.75,0],"texture":"#missing"},"south":{"uv":[0,0,1,0],"texture":"#missing"},"west":{"uv":[0,0,0.75,0],"texture":"#missing"},"up":{"uv":[15.125,1,16,2],"rotation":180,"texture":"#3"},"down":{"uv":[15.125,2,16,1],"rotation":180,"texture":"#3"}}},{"from":[0.2608,4.15279,3.99068],"to":[0.2608,11.15279,11.99068],"rotation":{"angle":-22.5,"axis":"z","origin":[0.93045,11.01938,7.99068]},"faces":{"north":{"uv":[1,0,0,0],"rotation":90,"texture":"#missing"},"east":{"uv":[15.125,2.125,14.25,1.125],"rotation":90,"texture":"#3"},"south":{"uv":[1,0,0,0],"rotation":270,"texture":"#missing"},"west":{"uv":[15.125,1.125,14.25,2.125],"rotation":90,"texture":"#3"},"up":{"uv":[0.75,0,0,0],"rotation":270,"texture":"#missing"},"down":{"uv":[0.75,0,0,0],"rotation":270,"texture":"#missing"}}},{"from":[0.60932,11.5,3.99068],"to":[7.60932,11.5,11.99068],"rotation":{"angle":22.5,"axis":"z","origin":[0.74272,10.83034,7.99068]},"faces":{"north":{"uv":[1,0,0,0],"texture":"#missing"},"east":{"uv":[0.75,0,0,0],"texture":"#missing"},"south":{"uv":[1,0,0,0],"texture":"#missing"},"west":{"uv":[0.75,0,0,0],"texture":"#missing"},"up":{"uv":[16,1,15.125,2],"rotation":180,"texture":"#3"},"down":{"uv":[16,2,15.125,1],"rotation":180,"texture":"#3"}}},{"from":[4.2,20.40257,0.72024],"to":[12.2,20.40257,5.72024],"rotation":{"angle":0,"axis":"x","origin":[8.2,18.84532,0.19408]},"faces":{"north":{"uv":[0,0,0.75,0],"texture":"#missing"},"east":{"uv":[0,0,1,0],"texture":"#missing"},"south":{"uv":[0,0,0.75,0],"texture":"#missing"},"west":{"uv":[0,0,1,0],"texture":"#missing"},"up":{"uv":[15.375,1,16,2],"rotation":90,"texture":"#3"},"down":{"uv":[15.375,2,16,1],"rotation":270,"texture":"#3"}}},{"from":[4.2,20.08261,-1.7235],"to":[12.2,20.08261,1.2765],"rotation":{"angle":-22.5,"axis":"x","origin":[8.2,18.84532,0.19408]},"faces":{"north":{"uv":[0,0,0.75,0],"texture":"#missing"},"east":{"uv":[0,0,1,0],"texture":"#missing"},"south":{"uv":[0,0,0.75,0],"texture":"#missing"},"west":{"uv":[0,0,1,0],"texture":"#missing"},"up":{"uv":[15,1,15.375,2],"rotation":90,"texture":"#3"},"down":{"uv":[15,2,15.375,1],"rotation":270,"texture":"#3"}}},{"from":[3.2,12.61368,-1.87147],"to":[11.2,18.61368,-1.87147],"rotation":{"angle":22.5,"axis":"x","origin":[7.2,19.3869,-0.34804]},"faces":{"north":{"uv":[14.25,1.125,15,2.125],"rotation":270,"texture":"#3"},"east":{"uv":[0,0,1,0],"rotation":90,"texture":"#missing"},"south":{"uv":[14.25,2.125,15,1.125],"rotation":270,"texture":"#3"},"west":{"uv":[0,0,1,0],"rotation":270,"texture":"#missing"},"up":{"uv":[0,0,0.75,0],"texture":"#missing"},"down":{"uv":[0,0,0.75,0],"rotation":180,"texture":"#missing"}}},{"from":[1.32024,23.10257,2.3],"to":[6.32024,23.10257,10.3],"rotation":{"angle":0,"axis":"z","origin":[0.79408,21.54532,6.3]},"faces":{"north":{"uv":[1,0,0,0],"texture":"#missing"},"east":{"uv":[0.75,0,0,0],"texture":"#missing"},"south":{"uv":[1,0,0,0],"texture":"#missing"},"west":{"uv":[0.75,0,0,0],"texture":"#missing"},"up":{"uv":[16,1,15.375,2],"rotation":180,"texture":"#3"},"down":{"uv":[16,2,15.375,1],"rotation":180,"texture":"#3"}}},{"from":[-0.1235,22.78261,2.3],"to":[1.8765,22.78261,10.3],"rotation":{"angle":22.5,"axis":"z","origin":[0.79408,21.54532,6.3]},"faces":{"north":{"uv":[1,0,0,0],"texture":"#missing"},"east":{"uv":[0.75,0,0,0],"texture":"#missing"},"south":{"uv":[1,0,0,0],"texture":"#missing"},"west":{"uv":[0.75,0,0,0],"texture":"#missing"},"up":{"uv":[15.375,1,15.125,2],"rotation":180,"texture":"#3"},"down":{"uv":[15.375,2,15.125,1],"rotation":180,"texture":"#3"}}},{"from":[-0.72935,14.7721,2.3],"to":[-0.72935,21.7721,10.3],"rotation":{"angle":-22.5,"axis":"z","origin":[0.79408,21.54532,6.3]},"faces":{"north":{"uv":[1,0,0,0],"rotation":90,"texture":"#missing"},"east":{"uv":[15.125,2.125,14.25,1.125],"rotation":90,"texture":"#3"},"south":{"uv":[1,0,0,0],"rotation":270,"texture":"#missing"},"west":{"uv":[15.125,1.125,14.25,2.125],"rotation":90,"texture":"#3"},"up":{"uv":[0.75,0,0,0],"rotation":270,"texture":"#missing"},"down":{"uv":[0.75,0,0,0],"rotation":270,"texture":"#missing"}}},{"from":[4.2,24.7,8.4],"to":[12.2,24.7,15.4],"rotation":{"angle":0,"axis":"x","origin":[8.2,24.03034,15.2666]},"faces":{"north":{"uv":[0.75,0,0,0],"texture":"#missing"},"east":{"uv":[1,0,0,0],"texture":"#missing"},"south":{"uv":[0.75,0,0,0],"texture":"#missing"},"west":{"uv":[1,0,0,0],"texture":"#missing"},"up":{"uv":[16,1,15.125,2],"rotation":90,"texture":"#3"},"down":{"uv":[16,2,15.125,1],"rotation":270,"texture":"#3"}}},{"from":[4.2,24.8021,14.8867],"to":[12.2,24.8021,21.8867],"rotation":{"angle":45,"axis":"x","origin":[8.2,24.13244,15.0201]},"faces":{"north":{"uv":[0.75,0,0,0],"texture":"#missing"},"east":{"uv":[1,0,0,0],"texture":"#missing"},"south":{"uv":[0.75,0,0,0],"texture":"#missing"},"west":{"uv":[1,0,0,0],"texture":"#missing"},"up":{"uv":[15.125,1.125,14.25,2.125],"rotation":90,"texture":"#3"},"down":{"uv":[15.125,2.125,14.25,1.125],"rotation":270,"texture":"#3"}}},{"from":[5,12.3,-0.4],"to":[11,12.3,4.6],"rotation":{"angle":-22.5,"axis":"x","origin":[8,11.82168,-0.30466]},"faces":{"north":{"uv":[0,0,0.75,0],"texture":"#missing"},"east":{"uv":[0,0,1,0],"texture":"#missing"},"south":{"uv":[0,0,0.75,0],"texture":"#missing"},"west":{"uv":[0,0,1,0],"texture":"#missing"},"up":{"uv":[15.375,0.125,16,0.875],"rotation":90,"texture":"#3"},"down":{"uv":[15.375,0.875,16,0.125],"rotation":270,"texture":"#3"}}},{"from":[5,12.3,-5.20932],"to":[11,12.3,-0.20932],"rotation":{"angle":-45,"axis":"x","origin":[8,11.82168,-0.30466]},"faces":{"north":{"uv":[0,0,0.75,0],"texture":"#missing"},"east":{"uv":[0,0,1,0],"texture":"#missing"},"south":{"uv":[0,0,0.75,0],"texture":"#missing"},"west":{"uv":[0,0,1,0],"texture":"#missing"},"up":{"uv":[14.75,0.125,15.375,0.875],"rotation":90,"texture":"#3"},"down":{"uv":[14.75,0.875,15.375,0.125],"rotation":270,"texture":"#3"}}},{"from":[4.5,18.6,10.8],"to":[10.5,18.6,15.8],"rotation":{"angle":0,"axis":"y","origin":[6.5,18.6,12.8]},"faces":{"north":{"uv":[0.75,0,0,0],"texture":"#missing"},"east":{"uv":[1,0,0,0],"texture":"#missing"},"south":{"uv":[0.75,0,0,0],"texture":"#missing"},"west":{"uv":[1,0,0,0],"texture":"#missing"},"up":{"uv":[16,0.125,15.375,0.875],"rotation":90,"texture":"#3"},"down":{"uv":[16,0.875,15.375,0.125],"rotation":270,"texture":"#3"}}},{"from":[4.5,17.64337,15.60932],"to":[10.5,17.64337,20.60932],"rotation":{"angle":22.5,"axis":"x","origin":[7.5,17.64337,18.10932]},"faces":{"north":{"uv":[0.75,0,0,0],"texture":"#missing"},"east":{"uv":[1,0,0,0],"texture":"#missing"},"south":{"uv":[0.75,0,0,0],"texture":"#missing"},"west":{"uv":[1,0,0,0],"texture":"#missing"},"up":{"uv":[15.375,0.125,14.75,0.875],"rotation":90,"texture":"#3"},"down":{"uv":[15.375,0.875,14.75,0.125],"rotation":270,"texture":"#3"}}}],"display":{"thirdperson_righthand":{"rotation":[68.5,45,0],"translation":[0,2.5,1],"scale":[0.375,0.375,0.375]},"thirdperson_lefthand":{"rotation":[68.5,45,0],"translation":[0,2.5,1],"scale":[0.375,0.375,0.375]},"firstperson_righthand":{"rotation":[-178.98,16.19,176.34],"translation":[1.75,1.5,0],"scale":[0.26328,0.26328,0.26328]},"firstperson_lefthand":{"rotation":[-178.98,16.19,176.34],"translation":[1.75,1.5,0],"scale":[0.26328,0.26328,0.26328]},"ground":{"translation":[0,3,0],"scale":[0.34766,0.34766,0.34766]},"gui":{"rotation":[30,225,0],"translation":[0,-2.75,0],"scale":[0.49023,0.49023,0.49023]},"head":{"rotation":[-180,0,-180],"translation":[0,-30.4,0],"scale":[1.6,1.6,1.6]},"fixed":{"rotation":[-90,180,0],"translation":[0,0,-16],"scale":[2,2,2]}}}