{"credit":"Made with Blockbench","texture_size":[64,64],"textures":{"2":"pirates_cosmetic:hats/hat2","particle":"pirates_cosmetic:hats/hat2"},"elements":[{"from":[15.5924,-8.88,6.15],"to":[15.5924,5.18,8.74],"rotation":{"angle":0,"axis":"y","origin":[2.08,-9.62,2.08]},"faces":{"north":{"uv":[5.5,10,6.75,14.75],"texture":"#2"},"east":{"uv":[5.375,10,6.0225,13.515],"texture":"#2"},"south":{"uv":[5.5,10,6.75,14.75],"texture":"#2"},"west":{"uv":[6.1475,10,5.5,13.515],"texture":"#2"},"up":{"uv":[5.5,10,6.75,14.75],"texture":"#2"},"down":{"uv":[5.5,10,6.75,14.75],"texture":"#2"}}},{"from":[16.1474,-11.84,16.88],"to":[16.1474,5.18,18.36],"rotation":{"angle":0,"axis":"y","origin":[2.08,-9.62,2.08]},"faces":{"north":{"uv":[1.25,10,1.75,15.75],"texture":"#2"},"east":{"uv":[1.25,10,1.75,15.75],"texture":"#2"},"south":{"uv":[1.25,10,1.75,15.75],"texture":"#2"},"west":{"uv":[1.25,10,1.75,15.75],"texture":"#2"},"up":{"uv":[1.25,10,1.75,15.75],"texture":"#2"},"down":{"uv":[1.25,10,1.75,15.75],"texture":"#2"}}},{"from":[14.6674,-8.51,6.89],"to":[14.6674,1.85,17.99],"rotation":{"angle":0,"axis":"y","origin":[2.08,-9.62,2.08]},"faces":{"north":{"uv":[1.25,10,1.75,15.75],"texture":"#2"},"east":{"uv":[1.75,11.75,5.5,15.25],"texture":"#2","tintindex":0},"south":{"uv":[1.25,10,1.75,15.75],"texture":"#2"},"west":{"uv":[1.75,11.75,5.5,15.25],"texture":"#2","tintindex":0},"up":{"uv":[1.25,10,1.75,15.75],"texture":"#2"},"down":{"uv":[1.25,10,1.75,15.75],"texture":"#2"}}},{"from":[3.5674,-8.14,12.44],"to":[3.5674,2.22,16.88],"rotation":{"angle":0,"axis":"z","origin":[2.6424,1.11,13.92]},"faces":{"north":{"uv":[1.25,10,1.75,15.75],"texture":"#2"},"east":{"uv":[13.5,10.25,12,13.75],"texture":"#2"},"south":{"uv":[1.25,10,1.75,15.75],"texture":"#2"},"west":{"uv":[5.5,10,7,13.5],"texture":"#2"},"up":{"uv":[1.25,10,1.75,15.75],"texture":"#2"},"down":{"uv":[1.25,10,1.75,15.75],"texture":"#2"}}},{"from":[3.5674,-11.1,8],"to":[3.5674,2.22,12.44],"rotation":{"angle":0,"axis":"y","origin":[2.6424,1.11,13.92]},"faces":{"north":{"uv":[1.25,10,1.75,15.75],"texture":"#2"},"east":{"uv":[12,10,13.5,14.5],"texture":"#2"},"south":{"uv":[1.25,10,1.75,15.75],"texture":"#2"},"west":{"uv":[7,10,5.5,14.5],"texture":"#2"},"up":{"uv":[1.25,10,1.75,15.75],"texture":"#2"},"down":{"uv":[1.25,10,1.75,15.75],"texture":"#2"}}},{"from":[1.635,5.18,5.78],"to":[16.14,8.88,19.1],"rotation":{"angle":0,"axis":"y","origin":[2.08,-9.62,2.08]},"faces":{"north":{"uv":[7,10.75,10.62625,11.675],"texture":"#2"},"east":{"uv":[7,10.75,10.33,11.675],"texture":"#2"},"south":{"uv":[7,10.75,10.62625,11.675],"texture":"#2"},"west":{"uv":[7,10.75,10.33,11.675],"texture":"#2"},"up":{"uv":[7,10,10.62625,13.33],"texture":"#2"},"down":{"uv":[7.75,6.25,11.12625,9.58],"texture":"#2"}}},{"from":[2.155,3.7,6.77],"to":[14.66,5.92,18.175],"rotation":{"angle":22.5,"axis":"z","origin":[9.3875,6.29,12.44]},"faces":{"north":{"uv":[7.15,10.725,10.27625,11.28],"texture":"#2"},"east":{"uv":[7,10.75,11.5,12],"texture":"#2"},"south":{"uv":[7,10.725,10.12625,11.28],"texture":"#2"},"west":{"uv":[7,10.75,9.85125,11.305],"texture":"#2"},"up":{"uv":[7,10,11.5625,13.9375],"texture":"#2"},"down":{"uv":[7.75,6.5,11.12625,9.41375],"texture":"#2"}}},{"from":[4.115,3.7,6.335],"to":[15.215,5.92,18.36],"rotation":{"angle":0,"axis":"z","origin":[9.3875,6.29,12.44]},"faces":{"north":{"uv":[7.075,10.675,9.85,11.23],"texture":"#2"},"east":{"uv":[7,10.75,11.5,12],"texture":"#2"},"south":{"uv":[7.025,10.675,9.8,11.23],"texture":"#2"},"west":{"uv":[7,10.75,10.9375,11.5],"texture":"#2"},"up":{"uv":[7,10,11.5625,13.9375],"texture":"#2"},"down":{"uv":[8,6.5,10.775,9.50625],"texture":"#2"}}},{"from":[2.08,5.92,6.215],"to":[11.33,8.14,18.73],"rotation":{"angle":22.5,"axis":"z","origin":[9.3875,6.29,12.44]},"faces":{"north":{"uv":[9.3125,10.75,7,11.305],"texture":"#2"},"east":{"uv":[7,10.75,11.5,12],"texture":"#2"},"south":{"uv":[7,10.725,9.3125,11.28],"texture":"#2"},"west":{"uv":[7,10.6875,10.12875,11.2425],"texture":"#2"},"up":{"uv":[7,10,10.125,14.3125],"texture":"#2"},"down":{"uv":[7,9.75,9.3125,12.94125],"texture":"#2"}}},{"from":[2.375,8.88,6.52],"to":[15.4,9.62,18.36],"rotation":{"angle":0,"axis":"y","origin":[2.08,-9.62,2.08]},"faces":{"north":{"uv":[7.5,10.5,10.75625,10.685],"texture":"#2"},"east":{"uv":[1.25,9.75,4.21,9.935],"texture":"#2"},"south":{"uv":[7.25,10.5,10.50625,10.685],"texture":"#2"},"west":{"uv":[7.25,10.5,11.25,10.75],"texture":"#2"},"up":{"uv":[7.25,9.75,10.50625,12.71],"texture":"#2"},"down":{"uv":[0,0,4,4.25],"texture":"#2"}}},{"from":[3.855,10.36,8],"to":[13.92,11.1,16.88],"rotation":{"angle":0,"axis":"y","origin":[2.08,-9.62,2.08]},"faces":{"north":{"uv":[7.25,10.5,9.76625,10.685],"texture":"#2"},"east":{"uv":[2.25,9,4.47,9.185],"texture":"#2"},"south":{"uv":[7.25,10.5,9.76625,10.685],"texture":"#2"},"west":{"uv":[7.25,10.5,10.25,10.75],"texture":"#2"},"up":{"uv":[7.25,9.75,9.76625,11.97],"texture":"#2"},"down":{"uv":[0,0,4,4.25],"texture":"#2"}}},{"from":[5.335,11.1,8.74],"to":[13.18,11.84,16.14],"rotation":{"angle":0,"axis":"y","origin":[2.08,-9.62,2.08]},"faces":{"north":{"uv":[7.25,10.435,9.21125,10.25],"texture":"#2"},"east":{"uv":[2.25,8.25,4.1,8.435],"texture":"#2"},"south":{"uv":[7.25,10.5,9.21125,10.685],"texture":"#2"},"west":{"uv":[7.25,10.5,9.75,10.75],"texture":"#2"},"up":{"uv":[7.25,9.75,9.21125,11.6],"texture":"#2"},"down":{"uv":[0,0,4,4.25],"texture":"#2"}}},{"from":[3.115,9.62,7.26],"to":[14.66,10.36,17.62],"rotation":{"angle":0,"axis":"y","origin":[2.08,-9.62,2.08]},"faces":{"north":{"uv":[7.25,13,10.13625,13.185],"texture":"#2"},"east":{"uv":[1.75,9,4.34,9.185],"texture":"#2"},"south":{"uv":[7.25,10.5,10.13625,10.685],"texture":"#2"},"west":{"uv":[7.25,10.5,10.75,10.75],"texture":"#2"},"up":{"uv":[7.25,9.75,10.13625,12.34],"texture":"#2"},"down":{"uv":[0,0,4,4.25],"texture":"#2"}}},{"from":[9.45,10.12,2.3],"to":[9.45,16.06,8],"rotation":{"angle":22.5,"axis":"z","origin":[11.7,13.09,5.15]},"faces":{"north":{"uv":[0,0,0,1.5],"texture":"#2"},"east":{"uv":[5.25,6.75,6.675,8.235],"texture":"#2","tintindex":0},"south":{"uv":[0,0,0,1.5],"texture":"#2"},"west":{"uv":[6.675,6.75,5.25,8.235],"texture":"#2","tintindex":0},"up":{"uv":[0,0,0,1.25],"texture":"#2"},"down":{"uv":[0,0,0,1.25],"texture":"#2"}}},{"from":[13.18,-7.4,6.15],"to":[16.14,5.18,6.15],"rotation":{"angle":0,"axis":"y","origin":[2.08,-9.62,2.08]},"faces":{"north":{"uv":[5.5,11.25,6.24,14.395],"texture":"#2"},"east":{"uv":[0,0,0,3.5],"texture":"#2"},"south":{"uv":[6.24,11.25,5.5,14.395],"texture":"#2"},"west":{"uv":[0,0,0,3.5],"texture":"#2"},"up":{"uv":[0,0,1.25,0],"texture":"#2"},"down":{"uv":[0,0,1.25,0],"texture":"#2"}}}],"gui_light":"front","display":{"thirdperson_righthand":{"rotation":[63.49,81.64,3.21],"translation":[-14.5,-2.25,-4],"scale":[0.34375,0.34375,0.34375]},"thirdperson_lefthand":{"rotation":[63.49,81.64,3.21],"translation":[-14.5,-2.25,-4],"scale":[0.34375,0.34375,0.34375]},"firstperson_righthand":{"translation":[3.75,0,-0.75],"scale":[0.35156,0.35156,0.35156]},"firstperson_lefthand":{"translation":[5,0,-0.75],"scale":[0.35156,0.35156,0.35156]},"ground":{"rotation":[-8.26,-51.11,-0.97],"translation":[0,6,0],"scale":[0.41602,0.41602,0.41602]},"gui":{"rotation":[-178.87,-48.93,-179.82],"translation":[2,4,0],"scale":[0.57617,0.57617,0.57617]},"head":{"rotation":[-180,90,-180],"translation":[-6,6,1.75],"scale":[1.33789,1.33789,1.33789]},"fixed":{"rotation":[-180,88.25,-180],"translation":[-5,-6.75,4.75]}}}