{"credit":"Made with Blockbench","texture_size":[32,32],"textures":{"0":"pirates_cosmetic:hats/hat3","1":"pirates_cosmetic:hats/hat4","particle":"pirates_cosmetic:hats/hat3"},"elements":[{"from":[17.25,14,-3],"to":[17.25,25,18],"faces":{"north":{"uv":[0,0,0.25,4],"texture":"#missing"},"east":{"uv":[1,9.5,11.5,15],"texture":"#0"},"south":{"uv":[0,0,0.25,4],"texture":"#missing"},"west":{"uv":[11.5,9.5,1,15],"texture":"#0"},"up":{"uv":[0,0,0.25,4],"texture":"#missing"},"down":{"uv":[0,0,0.25,4],"texture":"#missing"}}},{"from":[4,18.76,2.5],"to":[16,22.21,12.5],"rotation":{"angle":0,"axis":"x","origin":[10.5,21,7.5]},"faces":{"north":{"uv":[2,0.75,8,2.475],"rotation":180,"texture":"#1"},"east":{"uv":[2,0.75,7,7.225],"rotation":90,"texture":"#1"},"south":{"uv":[2,0.75,8,3.225],"texture":"#1"},"west":{"uv":[1,2.75,3.475,7.75],"rotation":270,"texture":"#1"},"up":{"uv":[8,1.25,2,6.25],"texture":"#1"},"down":{"uv":[2,0.75,7,3.25],"rotation":180,"texture":"#1"}}},{"from":[0.75,18,1.01],"to":[11.5,21.75,13.96],"rotation":{"angle":22.5,"axis":"z","origin":[10.5,21,7.5]},"faces":{"north":{"uv":[2.125,3.5,7.5,5.75],"texture":"#1"},"east":{"uv":[2,0.75,7,7.225],"texture":"#1"},"south":{"uv":[2,1,7.375,3.125],"texture":"#1"},"west":{"uv":[1,2.75,7.475,4.875],"texture":"#1"},"up":{"uv":[2,0.75,7.375,7.225],"texture":"#1"},"down":{"uv":[0,7.75,0.375,8.225],"texture":"#1"}}},{"from":[4,16,-1],"to":[17,18,16],"rotation":{"angle":0,"axis":"z","origin":[10.5,21,7.5]},"faces":{"north":{"uv":[1,6,7.5,7],"texture":"#1"},"east":{"uv":[1,6,7.5,7],"texture":"#1"},"south":{"uv":[1,6,7.5,7],"texture":"#1"},"west":{"uv":[0,6,0.5,6.875],"texture":"#1"},"up":{"uv":[1,0,7.5,8.5],"texture":"#1"},"down":{"uv":[0,8,0.5,8.5],"texture":"#1"}}},{"from":[11,18,1],"to":[17,22.07,14],"rotation":{"angle":0,"axis":"y","origin":[10.5,21,7.5]},"faces":{"north":{"uv":[2.5,2.5,5.5,4.875],"texture":"#1"},"east":{"uv":[2.5,2.5,5.5,5.5],"texture":"#1"},"south":{"uv":[2.5,2.5,5.5,4.875],"texture":"#1"},"west":{"uv":[1,2.5,7.5,5.5],"texture":"#1"},"up":{"uv":[8,1.5,1.5,4.5],"rotation":90,"texture":"#1"},"down":{"uv":[2.5,2.5,5.5,5.5],"texture":"#1"}}},{"from":[15.9,5,0],"to":[15.9,18,3],"faces":{"north":{"uv":[0,0,0,4.75],"texture":"#missing"},"east":{"uv":[12.5,4,14,10.5],"texture":"#0","tintindex":0},"south":{"uv":[0,0,0,4.75],"texture":"#missing"},"west":{"uv":[14,4,12.5,10.5],"texture":"#0","tintindex":0},"up":{"uv":[0,0,0,0.75],"texture":"#missing"},"down":{"uv":[0,0,0,0.75],"texture":"#missing"}}},{"from":[13,5,2],"to":[16,18,2],"rotation":{"angle":0,"axis":"y","origin":[15.9,12,1.5]},"faces":{"north":{"uv":[12.5,4,14,10.5],"texture":"#0","tintindex":0},"east":{"uv":[0,0,0,4.75],"texture":"#missing"},"south":{"uv":[14,4,12.5,10.5],"texture":"#0","tintindex":0},"west":{"uv":[0,0,0,4.75],"texture":"#missing"},"up":{"uv":[0,0,0,0.75],"rotation":270,"texture":"#missing"},"down":{"uv":[0,0,0,0.75],"rotation":90,"texture":"#missing"}}},{"from":[5,0,1.99],"to":[8,18,1.99],"rotation":{"angle":0,"axis":"y","origin":[15.9,12,1.5]},"faces":{"north":{"uv":[14.125,1.5,12.625,10.5],"texture":"#0","tintindex":0},"east":{"uv":[10.5,1.75,13,14.75],"texture":"#0"},"south":{"uv":[12.625,1.375,14.125,10.375],"texture":"#0","tintindex":0},"west":{"uv":[10.5,1.75,13,14.75],"texture":"#0"},"up":{"uv":[10.5,1.75,13,14.75],"texture":"#0"},"down":{"uv":[10.5,1.75,13,14.75],"texture":"#0"}}},{"from":[5,0,2],"to":[5,16,5],"rotation":{"angle":0,"axis":"y","origin":[6,9,3]},"faces":{"north":{"uv":[10.5,1.75,13,14.75],"texture":"#0"},"east":{"uv":[14,2.5,12.5,10.5],"texture":"#0","tintindex":0},"south":{"uv":[10.5,1.75,13,14.75],"texture":"#0"},"west":{"uv":[12.5,2.5,14,10.5],"texture":"#0","tintindex":0},"up":{"uv":[10.5,1.75,13,14.75],"texture":"#0"},"down":{"uv":[10.5,1.75,13,14.75],"texture":"#0"}}},{"from":[5,10,5],"to":[5,16,8],"rotation":{"angle":0,"axis":"y","origin":[6,9,3]},"faces":{"north":{"uv":[10.5,8.75,13,14.75],"texture":"#0"},"east":{"uv":[12.5,7.5,14,10.5],"texture":"#0","tintindex":0},"south":{"uv":[10.5,8.75,13,14.75],"texture":"#0"},"west":{"uv":[12.5,7.5,14,10.5],"texture":"#0","tintindex":0},"up":{"uv":[10.5,8.75,13,14.75],"texture":"#0"},"down":{"uv":[10.5,8.75,13,14.75],"texture":"#0"}}},{"from":[5.01,10,7],"to":[5.01,16,10],"rotation":{"angle":0,"axis":"y","origin":[6,9,3]},"faces":{"north":{"uv":[13,8.75,10.5,14.75],"texture":"#0"},"east":{"uv":[14,7.5,12.5,10.5],"texture":"#0","tintindex":0},"south":{"uv":[13,8.75,10.5,14.75],"texture":"#0"},"west":{"uv":[14,7.5,12.5,10.5],"texture":"#0","tintindex":0},"up":{"uv":[13,8.75,10.5,14.75],"texture":"#0"},"down":{"uv":[13,8.75,10.5,14.75],"texture":"#0"}}},{"from":[5,0,10],"to":[5,16,13],"rotation":{"angle":0,"axis":"y","origin":[6,9,3]},"faces":{"north":{"uv":[13,1.75,10.5,14.75],"texture":"#0"},"east":{"uv":[12.5,2.5,14,10.5],"texture":"#0","tintindex":0},"south":{"uv":[13,1.75,10.5,14.75],"texture":"#0"},"west":{"uv":[14,2.5,12.5,10.5],"texture":"#0","tintindex":0},"up":{"uv":[13,1.75,10.5,14.75],"texture":"#0"},"down":{"uv":[13,1.75,10.5,14.75],"texture":"#0"}}},{"from":[13,5,13],"to":[16,18,13],"rotation":{"angle":0,"axis":"y","origin":[15.9,12,1.5]},"faces":{"north":{"uv":[12.5,4,14,10.5],"texture":"#0","tintindex":0},"east":{"uv":[0,0,0,4.75],"texture":"#missing"},"south":{"uv":[14,4,12.5,10.5],"texture":"#0","tintindex":0},"west":{"uv":[0,0,0,4.75],"texture":"#missing"},"up":{"uv":[0,0,0,0.75],"rotation":270,"texture":"#missing"},"down":{"uv":[0,0,0,0.75],"rotation":90,"texture":"#missing"}}},{"from":[5,1,13],"to":[8,18,13],"rotation":{"angle":0,"axis":"y","origin":[15.9,12,1.5]},"faces":{"north":{"uv":[14,1.75,12.5,10.25],"texture":"#0","tintindex":0},"east":{"uv":[0,0,0,4.75],"texture":"#missing"},"south":{"uv":[12.5,2,14,10.5],"texture":"#0","tintindex":0},"west":{"uv":[0,0,0,4.75],"texture":"#missing"},"up":{"uv":[0,0,0,0.75],"rotation":270,"texture":"#missing"},"down":{"uv":[0,0,0,0.75],"rotation":90,"texture":"#missing"}}},{"from":[10,12,2],"to":[13,18,2],"rotation":{"angle":0,"axis":"y","origin":[15.9,12,1.5]},"faces":{"north":{"uv":[12.5,7.25,14,10.25],"texture":"#0","tintindex":0},"east":{"uv":[10.5,9.25,13,14.75],"texture":"#0"},"south":{"uv":[12.5,7.25,14,10.25],"texture":"#0","tintindex":0},"west":{"uv":[10.5,9.25,13,14.75],"texture":"#0"},"up":{"uv":[10.5,9.25,13,14.75],"texture":"#0"},"down":{"uv":[10.5,9.25,13,14.75],"texture":"#0"}}},{"from":[10,12,13],"to":[13,18,13],"rotation":{"angle":0,"axis":"y","origin":[15.9,12,1.5]},"faces":{"north":{"uv":[12.5,7.375,14,10.375],"texture":"#0","tintindex":0},"east":{"uv":[10.5,9.25,13,14.75],"texture":"#0"},"south":{"uv":[14,7.375,12.5,10.375],"texture":"#0","tintindex":0},"west":{"uv":[10.5,9.25,13,14.75],"texture":"#0"},"up":{"uv":[10.5,9.25,13,14.75],"texture":"#0"},"down":{"uv":[10.5,9.25,13,14.75],"texture":"#0"}}},{"from":[7,14,2],"to":[10,18,2],"rotation":{"angle":0,"axis":"y","origin":[15.9,12,1.5]},"faces":{"north":{"uv":[13.9,8.2,12.4,10.2],"texture":"#0","tintindex":0},"east":{"uv":[10.5,10.75,13,14.75],"texture":"#0"},"south":{"uv":[14,8.5,12.5,10.5],"texture":"#0","tintindex":0},"west":{"uv":[10.5,10.75,13,14.75],"texture":"#0"},"up":{"uv":[10.5,10.75,13,14.75],"texture":"#0"},"down":{"uv":[10.5,10.75,13,14.75],"texture":"#0"}}},{"from":[7,14,12.99],"to":[10,18,12.99],"rotation":{"angle":0,"axis":"y","origin":[15.9,12,1.5]},"faces":{"north":{"uv":[14,8.25,12.5,10.25],"texture":"#0","tintindex":0},"east":{"uv":[10.5,10.75,13,14.75],"texture":"#0"},"south":{"uv":[12.5,8.25,14,10.25],"texture":"#0","tintindex":0},"west":{"uv":[10.5,10.75,13,14.75],"texture":"#0"},"up":{"uv":[10.5,10.75,13,14.75],"texture":"#0"},"down":{"uv":[10.5,10.75,13,14.75],"texture":"#0"}}},{"from":[15.9,5,12],"to":[15.9,18,15],"faces":{"north":{"uv":[0,0,0,4.75],"texture":"#missing"},"east":{"uv":[14,4,12.5,10.5],"texture":"#0","tintindex":0},"south":{"uv":[0,0,0,4.75],"texture":"#missing"},"west":{"uv":[12.5,3.75,14,10.25],"texture":"#0","tintindex":0},"up":{"uv":[0,0,0,0.75],"texture":"#missing"},"down":{"uv":[0,0,0,0.75],"texture":"#missing"}}}],"gui_light":"front","display":{"thirdperson_righthand":{"rotation":[63.49,81.64,3.21],"translation":[-14.5,-2.25,-4],"scale":[0.34375,0.34375,0.34375]},"thirdperson_lefthand":{"rotation":[-108.37,-81.69,-176.69],"translation":[-12.5,-2.25,-2.75],"scale":[0.34375,0.34375,0.34375]},"firstperson_righthand":{"translation":[3.75,0,-0.75],"scale":[0.35156,0.35156,0.35156]},"firstperson_lefthand":{"translation":[5,0,-0.75],"scale":[0.35156,0.35156,0.35156]},"ground":{"rotation":[-8.26,-51.11,-0.97],"translation":[0,6,0],"scale":[0.41602,0.41602,0.41602]},"gui":{"rotation":[-178.88,-50.92,-179.76],"translation":[0.75,-3.25,0],"scale":[0.52343,0.52343,0.52343]},"head":{"rotation":[-180,90,-180],"translation":[0.75,-10.5,3],"scale":[1.34375,1.34375,1.34375]},"fixed":{"rotation":[-180,88,-180],"translation":[0.75,-9.25,5.25]}}}