{"credit":"Made with Blockbench","texture_size":[64,64],"textures":{"1":"pirates_cosmetic:hats/parrot","particle":"pirates_cosmetic:hats/hat2"},"elements":[{"from":[6,4,5],"to":[10,15,11],"rotation":{"angle":-22.5,"axis":"z","origin":[8,9.5,8]},"faces":{"north":{"uv":[1.25,3,0.25,5.75],"texture":"#1"},"east":{"uv":[1.5,0.25,3,3],"texture":"#1"},"south":{"uv":[0.25,3,1.25,5.75],"texture":"#1"},"west":{"uv":[1.5,0.25,3,3],"texture":"#1"},"up":{"uv":[3,0.25,4,1.75],"texture":"#1"},"down":{"uv":[3,0.25,4,1.75],"texture":"#1"}}},{"from":[5,4,4],"to":[10,15,5],"rotation":{"angle":-45,"axis":"z","origin":[8,9.5,8]},"faces":{"north":{"uv":[0,3.25,1.25,6],"texture":"#1"},"east":{"uv":[1.5,0.25,3,3],"texture":"#1"},"south":{"uv":[1.25,3.25,0,6],"texture":"#1"},"west":{"uv":[1.5,0.25,1.75,3],"texture":"#1"},"up":{"uv":[3,0.25,4,1.75],"texture":"#1"},"down":{"uv":[1.75,2.5,3,2.75],"texture":"#1"}}},{"from":[5,4,11],"to":[10,15,12],"rotation":{"angle":-45,"axis":"z","origin":[8,9.5,8]},"faces":{"north":{"uv":[0,3,1.25,5.75],"texture":"#1"},"east":{"uv":[1.5,0.25,3,3],"texture":"#1"},"south":{"uv":[1.25,3.25,0,6],"texture":"#1"},"west":{"uv":[1.5,0.25,1.75,3],"texture":"#1"},"up":{"uv":[3,0.25,4,1.75],"texture":"#1"},"down":{"uv":[1.75,2.75,3,3],"texture":"#1"}}},{"from":[8,14,6],"to":[12,19,10],"rotation":{"angle":0,"axis":"y","origin":[0,3,0]},"faces":{"north":{"uv":[6,0,5,1.25],"texture":"#1"},"east":{"uv":[0,0,1,1.25],"texture":"#1"},"south":{"uv":[5,0,6,1.25],"texture":"#1"},"west":{"uv":[0,0,1,1.25],"texture":"#1"},"up":{"uv":[0,0,1,1.25],"texture":"#1"},"down":{"uv":[0,0,1,1.25],"texture":"#1"}}},{"from":[12,18,6],"to":[16,20,10],"rotation":{"angle":0,"axis":"y","origin":[0,3,0]},"faces":{"north":{"uv":[0.5,1,1.5,1.5],"texture":"#1"},"east":{"uv":[0.5,1,1.5,1.5],"texture":"#1"},"south":{"uv":[0.5,1,1.5,1.5],"texture":"#1"},"west":{"uv":[0.5,1,1.5,1.5],"texture":"#1"},"up":{"uv":[0.5,1,1.5,1.5],"texture":"#1"},"down":{"uv":[0.5,1,1.5,1.5],"texture":"#1"}}},{"from":[6,18,8],"to":[13,28,8],"rotation":{"angle":0,"axis":"y","origin":[0,3,0]},"faces":{"north":{"uv":[8.75,4.75,10.5,7.25],"texture":"#1"},"east":{"uv":[0.5,1,1.5,1.5],"texture":"#1"},"south":{"uv":[10.5,4.75,8.75,7.25],"texture":"#1"},"west":{"uv":[0.5,1,1.5,1.5],"texture":"#1"},"up":{"uv":[0.5,1,1.5,1.5],"texture":"#1"},"down":{"uv":[0.5,1,1.5,1.5],"texture":"#1"}}},{"from":[12,14,7],"to":[15,18,9],"rotation":{"angle":0,"axis":"y","origin":[0,3,0]},"faces":{"north":{"uv":[4.5,6.75,5,7.5],"texture":"#1"},"east":{"uv":[4.5,6.75,5,7.5],"texture":"#1"},"south":{"uv":[4.5,6.75,5,7.5],"texture":"#1"},"west":{"uv":[4.5,6.75,5,7.5],"texture":"#1"},"up":{"uv":[4.5,6.75,5,7.5],"texture":"#1"},"down":{"uv":[4.5,6.75,5,7.5],"texture":"#1"}}},{"from":[-4,5,5],"to":[5,6,11],"rotation":{"angle":0,"axis":"y","origin":[0,3,0]},"faces":{"north":{"uv":[1.75,3,1.5,0.75],"rotation":90,"texture":"#1"},"east":{"uv":[1.5,0.75,3,1],"texture":"#1"},"south":{"uv":[1.5,0.75,1.75,3],"rotation":90,"texture":"#1"},"west":{"uv":[1.5,2.75,3,2.5],"texture":"#1"},"up":{"uv":[1.5,0.75,3,3],"rotation":90,"texture":"#1"},"down":{"uv":[1.5,0.75,3,3],"rotation":90,"texture":"#1"}}},{"from":[7,0,7],"to":[9,4,7],"faces":{"north":{"uv":[4,7,4.5,8],"texture":"#1"},"east":{"uv":[0,0,0,1],"texture":"#missing"},"south":{"uv":[4.5,7,4,8],"texture":"#1"},"west":{"uv":[0,0,0,1],"texture":"#missing"},"up":{"uv":[0,0,0.5,0],"texture":"#missing"},"down":{"uv":[0,0,0.5,0],"texture":"#missing"}}},{"from":[7,0,9],"to":[9,4,9],"faces":{"north":{"uv":[4,7,4.5,8],"texture":"#1"},"east":{"uv":[0,0,0,1],"texture":"#missing"},"south":{"uv":[4.5,7,4,8],"texture":"#1"},"west":{"uv":[0,0,0,1],"texture":"#missing"},"up":{"uv":[0,0,0.5,0],"texture":"#missing"},"down":{"uv":[0,0,0.5,0],"texture":"#missing"}}}],"gui_light":"front","display":{"thirdperson_righthand":{"rotation":[63.49,81.64,3.21],"translation":[-14.5,-2.25,-4],"scale":[0.34375,0.34375,0.34375]},"thirdperson_lefthand":{"rotation":[63.49,81.64,3.21],"translation":[-14.5,-2.25,-4],"scale":[0.34375,0.34375,0.34375]},"firstperson_righthand":{"translation":[3.75,0,-0.75],"scale":[0.35156,0.35156,0.35156]},"firstperson_lefthand":{"translation":[5,0,-0.75],"scale":[0.35156,0.35156,0.35156]},"ground":{"rotation":[-8.26,-51.11,-0.97],"translation":[0,6,0],"scale":[0.41602,0.41602,0.41602]},"gui":{"rotation":[-178.87,-48.93,-179.82],"translation":[-1.25,-3.5,0],"scale":[0.57617,0.57617,0.57617]},"head":{"rotation":[-180,90,-180],"translation":[-5.5,-9.5,1.75],"scale":[0.91797,0.91797,0.92383]},"fixed":{"rotation":[-180,88.25,-180],"translation":[-5,-6.75,4.75]}}}