{"credit":"magic_store_official","texture_size":[32,32],"textures":{"0":"magic_store:furnitures/blacksmith_pack/blacksmith","1":"magic_store:furnitures/blacksmith_pack/grinding_stone","particle":"magic_store:furnitures/blacksmith_pack/blacksmith"},"elements":[{"from":[14,0,0],"to":[16,2,16],"faces":{"north":{"uv":[4.125,0.875,4.1875,1],"texture":"#0"},"east":{"uv":[4.125,0.875,5.125,1],"texture":"#0"},"south":{"uv":[4.125,0.875,4.1875,1],"texture":"#0"},"west":{"uv":[4.125,0.875,5.125,1],"texture":"#0"},"up":{"uv":[3.375,1,4.375,1.125],"rotation":90,"texture":"#0"},"down":{"uv":[4.375,1,5.375,1.125],"rotation":90,"texture":"#0"}}},{"from":[0,0,0],"to":[2,2,16],"faces":{"north":{"uv":[4.125,0.875,4.1875,1],"texture":"#0"},"east":{"uv":[4.125,0.875,5.125,1],"texture":"#0"},"south":{"uv":[4.125,0.875,4.1875,1],"texture":"#0"},"west":{"uv":[4.125,0.875,5.125,1],"texture":"#0"},"up":{"uv":[3.375,1,4.375,1.125],"rotation":90,"texture":"#0"},"down":{"uv":[4.375,1,5.375,1.125],"rotation":90,"texture":"#0"}}},{"from":[0,2,7],"to":[2,15.9,10],"faces":{"north":{"uv":[5.875,0.75,6.75,0.875],"rotation":90,"texture":"#0"},"east":{"uv":[6.625,0.5625,7.5,0.75],"rotation":90,"texture":"#0"},"south":{"uv":[6.75,0.75,7.625,0.875],"rotation":90,"texture":"#0"},"west":{"uv":[6.625,0.75,7.5,0.5625],"rotation":90,"texture":"#0"},"up":{"uv":[0,0.1875,0.0625,0],"texture":"#0"},"down":{"uv":[0,0.1875,0.0625,0],"texture":"#0"}}},{"from":[2,10,8],"to":[14,11,9],"faces":{"north":{"uv":[0.75,0.8125,0,0.875],"texture":"#0"},"east":{"uv":[0.0625,0.0625,0.125,0.125],"texture":"#0"},"south":{"uv":[0,0.8125,0.75,0.875],"texture":"#0"},"west":{"uv":[0.0625,0.0625,0.125,0.125],"texture":"#0"},"up":{"uv":[0,0.8125,0.75,0.875],"texture":"#0"},"down":{"uv":[0,0.8125,0.75,0.875],"texture":"#0"}}},{"from":[1,2,10],"to":[1,15,16],"faces":{"north":{"uv":[0,0,0,13],"texture":"#missing"},"east":{"uv":[1.5,1.625,2.3125,1.25],"rotation":90,"texture":"#0"},"south":{"uv":[0,0,0,13],"texture":"#missing"},"west":{"uv":[1.5,1.25,2.3125,1.625],"rotation":90,"texture":"#0"},"up":{"uv":[0,0,0,6],"texture":"#missing"},"down":{"uv":[0,0,0,6],"texture":"#missing"}}},{"from":[1,2,1],"to":[1,15,7],"faces":{"north":{"uv":[0,0,0,13],"texture":"#missing"},"east":{"uv":[1.5,1.25,2.3125,1.625],"rotation":90,"texture":"#0"},"south":{"uv":[0,0,0,13],"texture":"#missing"},"west":{"uv":[1.5,1.625,2.3125,1.25],"rotation":90,"texture":"#0"},"up":{"uv":[0,0,0,6],"texture":"#missing"},"down":{"uv":[0,0,0,6],"texture":"#missing"}}},{"from":[15,2,1],"to":[15,15,7],"faces":{"north":{"uv":[0,0,0,13],"texture":"#missing"},"east":{"uv":[1.5,1.25,2.3125,1.625],"rotation":90,"texture":"#0"},"south":{"uv":[0,0,0,13],"texture":"#missing"},"west":{"uv":[1.5,1.625,2.3125,1.25],"rotation":90,"texture":"#0"},"up":{"uv":[0,0,0,6],"texture":"#missing"},"down":{"uv":[0,0,0,6],"texture":"#missing"}}},{"from":[15,2,10],"to":[15,15,16],"faces":{"north":{"uv":[0,0,0,13],"texture":"#missing"},"east":{"uv":[1.5,1.625,2.3125,1.25],"rotation":90,"texture":"#0"},"south":{"uv":[0,0,0,13],"texture":"#missing"},"west":{"uv":[1.5,1.25,2.3125,1.625],"rotation":90,"texture":"#0"},"up":{"uv":[0,0,0,6],"texture":"#missing"},"down":{"uv":[0,0,0,6],"texture":"#missing"}}},{"from":[-0.5,14,6.5],"to":[2.5,16,10.5],"faces":{"north":{"uv":[0.8125,0.875,1,1],"texture":"#0"},"east":{"uv":[0.5625,0.875,0.8125,1],"texture":"#0"},"south":{"uv":[0.8125,0.875,1,1],"texture":"#0"},"west":{"uv":[0.5625,0.875,0.8125,1],"texture":"#0"},"up":{"uv":[0.3125,0.8125,0.5625,1],"rotation":90,"texture":"#0"},"down":{"uv":[0.3125,0.8125,0.5625,1],"rotation":90,"texture":"#0"}}},{"from":[14,2,7],"to":[16,15.9,10],"faces":{"north":{"uv":[5.875,0.75,6.75,0.875],"rotation":90,"texture":"#0"},"east":{"uv":[6.625,0.5625,7.5,0.75],"rotation":90,"texture":"#0"},"south":{"uv":[6.75,0.75,7.625,0.875],"rotation":90,"texture":"#0"},"west":{"uv":[6.625,0.75,7.5,0.5625],"rotation":90,"texture":"#0"},"up":{"uv":[0,0.1875,0.0625,0],"texture":"#0"},"down":{"uv":[0,0.1875,0.0625,0],"texture":"#0"}}},{"from":[13.5,14,6.5],"to":[16.5,16,10.5],"faces":{"north":{"uv":[0.8125,0.875,1,1],"texture":"#0"},"east":{"uv":[0.5625,0.875,0.8125,1],"texture":"#0"},"south":{"uv":[0.8125,0.875,1,1],"texture":"#0"},"west":{"uv":[0.5625,0.875,0.8125,1],"texture":"#0"},"up":{"uv":[0.3125,0.8125,0.5625,1],"rotation":90,"texture":"#0"},"down":{"uv":[0.3125,0.8125,0.5625,1],"rotation":90,"texture":"#0"}}},{"from":[2,0,7],"to":[14,2,9],"rotation":{"angle":0,"axis":"y","origin":[9.5,1,8]},"faces":{"north":{"uv":[2.1875,7.875,2.3125,8.625],"rotation":90,"texture":"#0"},"east":{"uv":[0.1875,6.5,0.5,6.625],"texture":"#0"},"south":{"uv":[2.1875,7.875,2.3125,8.625],"rotation":90,"texture":"#0"},"west":{"uv":[0.1875,6.5,0.5,6.625],"texture":"#0"},"up":{"uv":[2.125,8.625,2,7.875],"rotation":90,"texture":"#0"},"down":{"uv":[2.125,8.625,2,7.875],"rotation":90,"texture":"#0"}}},{"from":[7,3,1],"to":[9,17,15],"rotation":{"angle":0,"axis":"y","origin":[8,10,8]},"faces":{"north":{"uv":[7.5,0.5,7,7.5],"texture":"#1"},"east":{"uv":[0.5,0.5,7.5,7.5],"texture":"#1"},"south":{"uv":[7.5,0.5,7,7.5],"texture":"#1"},"west":{"uv":[7.5,0.5,0.5,7.5],"texture":"#1"},"up":{"uv":[7.5,0.5,0.5,1],"rotation":90,"texture":"#1"},"down":{"uv":[0.5,0.5,7.5,1],"rotation":270,"texture":"#1"}}},{"from":[7,3,1],"to":[9,17,15],"rotation":{"angle":-22.5,"axis":"x","origin":[8,10,8]},"faces":{"north":{"uv":[15.5,0.5,15,7.5],"texture":"#1"},"east":{"uv":[8.5,0.5,15.5,7.5],"texture":"#1"},"south":{"uv":[15.5,0.5,15,7.5],"texture":"#1"},"west":{"uv":[15.5,0.5,8.5,7.5],"texture":"#1"},"up":{"uv":[15.5,0.5,8.5,1],"rotation":90,"texture":"#1"},"down":{"uv":[8.5,0.5,15.5,1],"rotation":270,"texture":"#1"}}},{"from":[7,3,1],"to":[9,17,15],"rotation":{"angle":45,"axis":"x","origin":[8,10,8]},"faces":{"north":{"uv":[7.5,8.5,7,15.5],"rotation":180,"texture":"#1"},"east":{"uv":[0.5,8.5,7.5,15.5],"rotation":180,"texture":"#1"},"south":{"uv":[7.5,8.5,7,15.5],"rotation":180,"texture":"#1"},"west":{"uv":[7.5,8.5,0.5,15.5],"rotation":180,"texture":"#1"},"up":{"uv":[0.5,8.5,7.5,9],"rotation":270,"texture":"#1"},"down":{"uv":[7.5,8.5,0.5,9],"rotation":90,"texture":"#1"}}},{"from":[7,3,1],"to":[9,17,15],"rotation":{"angle":22.5,"axis":"x","origin":[8,10,8]},"faces":{"north":{"uv":[15.5,8.5,15,15.5],"rotation":180,"texture":"#1"},"east":{"uv":[8.5,8.5,15.5,15.5],"rotation":180,"texture":"#1"},"south":{"uv":[15.5,8.5,15,15.5],"rotation":180,"texture":"#1"},"west":{"uv":[15.5,8.5,8.5,15.5],"rotation":180,"texture":"#1"},"up":{"uv":[8.5,8.5,15.5,9],"rotation":270,"texture":"#1"},"down":{"uv":[15.5,8.5,8.5,9],"rotation":90,"texture":"#1"}}}],"display":{"thirdperson_righthand":{"translation":[0,2,0],"scale":[0.3,0.3,0.3]},"thirdperson_lefthand":{"translation":[0,2,0],"scale":[0.3,0.3,0.3]},"firstperson_righthand":{"rotation":[0,38.5,0],"translation":[1.25,3,0],"scale":[0.5,0.5,0.5]},"firstperson_lefthand":{"rotation":[0,38.5,0],"translation":[1.25,3,0],"scale":[0.5,0.5,0.5]},"ground":{"translation":[0,-1.25,0],"scale":[0.3,0.3,0.3]},"gui":{"rotation":[30,35,0],"translation":[0,0.25,0],"scale":[0.5,0.5,0.5]},"head":{"translation":[0,-30.5,0],"scale":[1.6,1.6,1.6]},"fixed":{"rotation":[-90,0,0],"translation":[0,0,-16],"scale":[2,2,2]}}}