{"credit":"magic_store_official","texture_size":[256,256],"textures":{"0":"magic_store:furnitures/blacksmith_pack/blacksmith","particle":"magic_store:furnitures/blacksmith_pack/blacksmith"},"elements":[{"from":[2,1,2],"to":[14,15,14],"faces":{"north":{"uv":[3.375,0,4.125,0.875],"texture":"#0"},"east":{"uv":[3.375,0,4.125,0.875],"texture":"#0"},"south":{"uv":[3.375,0,4.125,0.875],"texture":"#0"},"west":{"uv":[3.375,0,4.125,0.875],"texture":"#0"},"up":{"uv":[7.875,1,8.625,1.75],"texture":"#0"},"down":{"uv":[5.875,0,6.625,0.75],"texture":"#0"}}},{"from":[1,2,1],"to":[15,4,15],"faces":{"north":{"uv":[0,0.8125,0.875,0.9375],"texture":"#0"},"east":{"uv":[0,0.8125,0.875,0.9375],"texture":"#0"},"south":{"uv":[0,0.8125,0.875,0.9375],"texture":"#0"},"west":{"uv":[0,0.8125,0.875,0.9375],"texture":"#0"},"up":{"uv":[4.125,0,5,0.875],"texture":"#0"},"down":{"uv":[5.875,0,5,0.875],"texture":"#0"}}},{"from":[1,12,1],"to":[15,14,15],"faces":{"north":{"uv":[0,0.8125,0.875,0.9375],"texture":"#0"},"east":{"uv":[0,0.8125,0.875,0.9375],"texture":"#0"},"south":{"uv":[0,0.8125,0.875,0.9375],"texture":"#0"},"west":{"uv":[0,0.8125,0.875,0.9375],"texture":"#0"},"up":{"uv":[4.125,0,5,0.875],"texture":"#0"},"down":{"uv":[5.875,0,5,0.875],"texture":"#0"}}},{"from":[2,15,13],"to":[14,16,14],"faces":{"north":{"uv":[3.375,0.9375,4.125,1],"texture":"#0"},"east":{"uv":[0.25,0,0.3125,0.0625],"texture":"#0"},"south":{"uv":[3.375,0.9375,4.125,1],"texture":"#0"},"west":{"uv":[0.25,0,0.3125,0.0625],"texture":"#0"},"up":{"uv":[3.375,0.9375,4.125,1],"texture":"#0"},"down":{"uv":[3.375,0.9375,4.125,1],"texture":"#0"}}},{"from":[2,15,2],"to":[14,16,3],"faces":{"north":{"uv":[3.375,0.9375,4.125,1],"texture":"#0"},"east":{"uv":[0.25,0,0.3125,0.0625],"texture":"#0"},"south":{"uv":[3.375,0.9375,4.125,1],"texture":"#0"},"west":{"uv":[0.25,0,0.3125,0.0625],"texture":"#0"},"up":{"uv":[3.375,0.9375,4.125,1],"texture":"#0"},"down":{"uv":[3.375,0.9375,4.125,1],"texture":"#0"}}},{"from":[13,15,3],"to":[14,16,13],"faces":{"north":{"uv":[0.125,0,0.1875,0.0625],"texture":"#0"},"east":{"uv":[3.375,0.875,4,0.9375],"texture":"#0"},"south":{"uv":[0.125,0,0.1875,0.0625],"texture":"#0"},"west":{"uv":[3.375,0.875,4,0.9375],"texture":"#0"},"up":{"uv":[3.375,0.875,4,0.9375],"rotation":90,"texture":"#0"},"down":{"uv":[3.375,0.875,4,0.9375],"rotation":90,"texture":"#0"}}},{"from":[2,15,3],"to":[3,16,13],"faces":{"north":{"uv":[0.125,0,0.1875,0.0625],"texture":"#0"},"east":{"uv":[3.375,0.875,4,0.9375],"texture":"#0"},"south":{"uv":[0.125,0,0.1875,0.0625],"texture":"#0"},"west":{"uv":[3.375,0.875,4,0.9375],"texture":"#0"},"up":{"uv":[3.375,0.875,4,0.9375],"rotation":90,"texture":"#0"},"down":{"uv":[3.375,0.875,4,0.9375],"rotation":90,"texture":"#0"}}},{"from":[2,0,3],"to":[3,1,13],"faces":{"north":{"uv":[0,0,1,1],"texture":"#missing"},"east":{"uv":[0.0625,0.75,0.6875,0.8125],"texture":"#0"},"south":{"uv":[0,0,1,1],"texture":"#missing"},"west":{"uv":[0.0625,0.75,0.6875,0.8125],"texture":"#0"},"up":{"uv":[0,0,1,10],"texture":"#missing"},"down":{"uv":[0.0625,0.75,0.6875,0.8125],"rotation":90,"texture":"#0"}}},{"from":[2,0,13],"to":[14,1,14],"faces":{"north":{"uv":[0,0.75,0.75,0.8125],"texture":"#0"},"east":{"uv":[0.6875,0.75,0.75,0.8125],"texture":"#0"},"south":{"uv":[0,0.75,0.75,0.8125],"texture":"#0"},"west":{"uv":[0.6875,0.75,0.75,0.8125],"texture":"#0"},"up":{"uv":[0,0,12,1],"texture":"#missing"},"down":{"uv":[0,0.75,0.75,0.8125],"texture":"#0"}}},{"from":[13,0,3],"to":[14,1,13],"faces":{"north":{"uv":[0,0,1,1],"texture":"#missing"},"east":{"uv":[0.0625,0.75,0.6875,0.8125],"texture":"#0"},"south":{"uv":[0,0,1,1],"texture":"#missing"},"west":{"uv":[0.0625,0.75,0.6875,0.8125],"texture":"#0"},"up":{"uv":[0,0,1,10],"texture":"#missing"},"down":{"uv":[0.0625,0.75,0.6875,0.8125],"rotation":90,"texture":"#0"}}},{"from":[2,0,2],"to":[14,1,3],"faces":{"north":{"uv":[0,0.75,0.75,0.8125],"texture":"#0"},"east":{"uv":[0.6875,0.75,0.75,0.8125],"texture":"#0"},"south":{"uv":[0,0.75,0.75,0.8125],"texture":"#0"},"west":{"uv":[0.6875,0.75,0.75,0.8125],"texture":"#0"},"up":{"uv":[0,0,12,1],"texture":"#missing"},"down":{"uv":[0,0.75,0.75,0.8125],"texture":"#0"}}},{"from":[9.96927,6.25,9.94552],"to":[11.96927,24.25,11.94552],"rotation":{"angle":-22.5,"axis":"z","origin":[11.46927,13.75,10.94552]},"faces":{"north":{"uv":[1.3125,5.75,1.1875,4.625],"rotation":180,"texture":"#0"},"east":{"uv":[1.1875,5.75,1.3125,4.625],"rotation":180,"texture":"#0"},"south":{"uv":[1.3125,5.75,1.1875,4.625],"rotation":180,"texture":"#0"},"west":{"uv":[1.1875,5.75,1.3125,4.625],"rotation":180,"texture":"#0"},"up":{"uv":[1.1875,5.75,1.3125,5.6875],"rotation":90,"texture":"#0"},"down":{"uv":[1.1875,5.75,1.3125,5.6875],"rotation":90,"texture":"#0"}}},{"from":[6.96927,24.25,8.94552],"to":[14.96927,28.25,12.94552],"rotation":{"angle":-22.5,"axis":"z","origin":[11.46927,13.75,10.94552]},"faces":{"north":{"uv":[1.5,6.375,2,6.625],"texture":"#0"},"east":{"uv":[1.5,5.625,1.75,5.875],"rotation":270,"texture":"#0"},"south":{"uv":[1.5,6.375,2,6.625],"rotation":180,"texture":"#0"},"west":{"uv":[1.75,5.625,1.5,5.875],"rotation":90,"texture":"#0"},"up":{"uv":[1.5,6.125,2,6.375],"rotation":180,"texture":"#0"},"down":{"uv":[2,6.125,1.5,6.375],"texture":"#0"}}},{"from":[8.5,5.25,6],"to":[10.5,20.25,8],"rotation":{"angle":22.5,"axis":"y","origin":[4.48464,19,4.97276]},"faces":{"north":{"uv":[4.5,2.25,4.625,3.1875],"texture":"#0"},"east":{"uv":[4.5,2.25,4.5625,3.1875],"texture":"#0"},"south":{"uv":[4.625,2.25,4.5,3.1875],"texture":"#0"},"west":{"uv":[4.5625,2.25,4.625,3.1875],"texture":"#0"},"down":{"uv":[4.625,3.125,4.5,3.1875],"texture":"#0"}}},{"from":[5.46927,20.25,5.94552],"to":[13.46927,22.25,7.94552],"rotation":{"angle":22.5,"axis":"y","origin":[4.48464,19,4.97276]},"faces":{"north":{"uv":[1.5,6.375,2,6.5],"rotation":180,"texture":"#0"},"east":{"uv":[1.625,5.625,1.5,5.75],"rotation":270,"texture":"#0"},"south":{"uv":[1.5,6.375,2,6.5],"texture":"#0"},"west":{"uv":[1.5,5.625,1.625,5.75],"rotation":90,"texture":"#0"},"up":{"uv":[2,6.125,1.5,6.25],"rotation":180,"texture":"#0"},"down":{"uv":[1.5,6.125,2,6.25],"texture":"#0"}}},{"from":[8.46927,22.25,5.94552],"to":[10.46927,28.25,7.94552],"rotation":{"angle":22.5,"axis":"y","origin":[4.48464,19,4.97276]},"faces":{"north":{"uv":[1.3125,5,1.1875,4.625],"texture":"#0"},"east":{"uv":[1.1875,5,1.3125,4.625],"texture":"#0"},"south":{"uv":[1.3125,5,1.1875,4.625],"texture":"#0"},"west":{"uv":[1.1875,5,1.3125,4.625],"texture":"#0"},"up":{"uv":[1.1875,5.75,1.3125,5.6875],"rotation":270,"texture":"#0"},"down":{"uv":[1.1875,5.75,1.3125,5.6875],"rotation":270,"texture":"#0"}}},{"from":[4,-0.5,7.5],"to":[6,15.5,9.5],"rotation":{"angle":22.5,"axis":"z","origin":[-1,15,11]},"faces":{"north":{"uv":[0,1.0625,1,1],"rotation":270,"texture":"#0"},"east":{"uv":[0,0.9375,1,1.0625],"rotation":270,"texture":"#0"},"south":{"uv":[1,1,0,0.9375],"rotation":90,"texture":"#0"},"west":{"uv":[1,0.9375,0,1.0625],"rotation":90,"texture":"#0"},"up":{"uv":[0.875,1.1875,1,1.3125],"rotation":90,"texture":"#0"},"down":{"uv":[0.9375,1.25,1,1.3125],"rotation":270,"texture":"#0"}}},{"from":[4,15.5,7],"to":[6,17.5,13],"rotation":{"angle":22.5,"axis":"z","origin":[-1,15,11]},"faces":{"north":{"uv":[0.25,1.3125,0.375,1.4375],"rotation":270,"texture":"#0"},"east":{"uv":[0,1.3125,0.375,1.4375],"rotation":180,"texture":"#0"},"south":{"uv":[0.25,1.3125,0.375,1.4375],"rotation":90,"texture":"#0"},"west":{"uv":[0.375,1.4375,0,1.3125],"texture":"#0"},"up":{"uv":[0,1.3125,0.375,1.375],"rotation":90,"texture":"#0"},"down":{"uv":[0,1.3125,0.375,1.375],"rotation":90,"texture":"#0"}}},{"from":[3.9,16.5,6],"to":[6.1,22.5,8],"rotation":{"angle":22.5,"axis":"z","origin":[-1,15,11]},"faces":{"north":{"uv":[1.0625,1.3125,1,0.9375],"texture":"#0"},"east":{"uv":[1,0.9375,1.125,1.3125],"rotation":180,"texture":"#0"},"south":{"uv":[1.0625,0.9375,1.125,1.3125],"rotation":180,"texture":"#0"},"west":{"uv":[1,1.3125,1.125,0.9375],"texture":"#0"},"up":{"uv":[1,1.25,1.125,1.3125],"rotation":90,"texture":"#0"},"down":{"uv":[1.375,1.25,1.5,1.375],"rotation":270,"texture":"#0"}}},{"from":[4,21.5,7],"to":[6,23.5,9],"rotation":{"angle":22.5,"axis":"z","origin":[-1,15,11]},"faces":{"north":{"uv":[1,0.8125,1.125,0.9375],"rotation":270,"texture":"#0"},"east":{"uv":[0.875,0.8125,1,0.9375],"rotation":180,"texture":"#0"},"south":{"uv":[1.125,0.8125,1,0.9375],"rotation":90,"texture":"#0"},"west":{"uv":[0.875,0.9375,1,0.8125],"texture":"#0"},"up":{"uv":[1.125,0.8125,1,0.9375],"rotation":270,"texture":"#0"},"down":{"uv":[1.125,0.8125,1,0.9375],"rotation":90,"texture":"#0"}}},{"from":[4,-0.5,10.5],"to":[6,15.5,12.5],"rotation":{"angle":22.5,"axis":"z","origin":[-1,15,11]},"faces":{"north":{"uv":[0,1,1,0.9375],"rotation":270,"texture":"#0"},"east":{"uv":[1,0.9375,0,1.0625],"rotation":90,"texture":"#0"},"south":{"uv":[1,1.0625,0,1],"rotation":90,"texture":"#0"},"west":{"uv":[0,0.9375,1,1.0625],"rotation":270,"texture":"#0"},"up":{"uv":[0.875,1.1875,1,1.3125],"rotation":270,"texture":"#0"},"down":{"uv":[0.9375,1.25,1,1.3125],"rotation":270,"texture":"#0"}}},{"from":[3.9,16.5,12],"to":[6.1,22.5,14],"rotation":{"angle":22.5,"axis":"z","origin":[-1,15,11]},"faces":{"north":{"uv":[1.0625,1.3125,1.125,0.9375],"texture":"#0"},"east":{"uv":[1,1.3125,1.125,0.9375],"texture":"#0"},"south":{"uv":[1,0.9375,1.0625,1.3125],"rotation":180,"texture":"#0"},"west":{"uv":[1,0.9375,1.125,1.3125],"rotation":180,"texture":"#0"},"up":{"uv":[1,1.25,1.125,1.3125],"rotation":270,"texture":"#0"},"down":{"uv":[1.375,1.25,1.5,1.375],"rotation":270,"texture":"#0"}}},{"from":[4,21.5,11],"to":[6,23.5,13],"rotation":{"angle":22.5,"axis":"z","origin":[-1,15,11]},"faces":{"north":{"uv":[1,0.8125,1.125,0.9375],"rotation":270,"texture":"#0"},"east":{"uv":[0.875,0.8125,1,0.9375],"rotation":270,"texture":"#0"},"south":{"uv":[1.125,0.8125,1,0.9375],"rotation":90,"texture":"#0"},"west":{"uv":[0.875,0.9375,1,0.8125],"rotation":270,"texture":"#0"},"up":{"uv":[1.125,0.8125,1,0.9375],"rotation":270,"texture":"#0"},"down":{"uv":[1,0.8125,1.125,0.9375],"rotation":90,"texture":"#0"}}},{"from":[-0.75,0.25,0],"to":[0.25,10.25,10],"rotation":{"angle":-22.5,"axis":"z","origin":[-1.5,5,5]},"faces":{"north":{"uv":[8.75,0.125,8.8125,0.875],"texture":"#0"},"east":{"uv":[9.5,0.125,8.75,0.875],"texture":"#0"},"south":{"uv":[9.4375,0.125,9.5,0.875],"texture":"#0"},"west":{"uv":[8.75,0.125,9.5,0.875],"texture":"#0"},"up":{"uv":[8.75,0.125,9.5,0.1875],"rotation":90,"texture":"#0"},"down":{"uv":[9.5,0.8125,8.75,0.875],"rotation":90,"texture":"#0"}}}],"display":{"thirdperson_righthand":{"translation":[0,2,0],"scale":[0.3,0.3,0.3]},"thirdperson_lefthand":{"translation":[0,2,0],"scale":[0.3,0.3,0.3]},"firstperson_righthand":{"rotation":[0,38.5,0],"translation":[1.25,0,0],"scale":[0.5,0.5,0.5]},"firstperson_lefthand":{"rotation":[0,38.5,0],"translation":[1.25,0,0],"scale":[0.5,0.5,0.5]},"ground":{"translation":[0,-1.25,0],"scale":[0.3,0.3,0.3]},"gui":{"rotation":[30,35,0],"translation":[0,-2,0],"scale":[0.5,0.5,0.5]},"head":{"translation":[0,-30.5,0],"scale":[1.6,1.6,1.6]},"fixed":{"rotation":[-90,0,0],"translation":[0,0,-16],"scale":[2,2,2]}}}