{"credit":"magic_store_official","texture_size":[256,256],"textures":{"0":"magic_store:furnitures/blacksmith_pack/blacksmith","particle":"magic_store:furnitures/blacksmith_pack/blacksmith"},"elements":[{"from":[0.62526,1.02474,2],"to":[14.62526,13.02474,14],"rotation":{"angle":0,"axis":"y","origin":[7.62526,5.65,8]},"faces":{"north":{"uv":[3.375,0,4.125,0.875],"rotation":90,"texture":"#0"},"east":{"uv":[5.875,0,6.625,0.75],"rotation":270,"texture":"#0"},"south":{"uv":[3.375,0,4.125,0.875],"rotation":270,"texture":"#0"},"west":{"uv":[7.875,1,8.625,1.75],"rotation":270,"texture":"#0"},"up":{"uv":[3.375,0,4.125,0.875],"rotation":270,"texture":"#0"},"down":{"uv":[3.375,0,4.125,0.875],"rotation":270,"texture":"#0"}}},{"from":[11.62526,0.02474,1],"to":[13.62526,14.02474,15],"rotation":{"angle":0,"axis":"y","origin":[7.62526,5.65,8]},"faces":{"north":{"uv":[0,0.8125,0.875,0.9375],"rotation":90,"texture":"#0"},"east":{"uv":[5.875,0,5,0.875],"rotation":270,"texture":"#0"},"south":{"uv":[0,0.8125,0.875,0.9375],"rotation":270,"texture":"#0"},"west":{"uv":[4.125,0,5,0.875],"rotation":270,"texture":"#0"},"up":{"uv":[0,0.8125,0.875,0.9375],"rotation":270,"texture":"#0"},"down":{"uv":[0,0.8125,0.875,0.9375],"rotation":270,"texture":"#0"}}},{"from":[1.62526,0.02474,1],"to":[3.62526,14.02474,15],"rotation":{"angle":0,"axis":"y","origin":[7.62526,5.65,8]},"faces":{"north":{"uv":[0,0.8125,0.875,0.9375],"rotation":90,"texture":"#0"},"east":{"uv":[5.875,0,5,0.875],"rotation":270,"texture":"#0"},"south":{"uv":[0,0.8125,0.875,0.9375],"rotation":270,"texture":"#0"},"west":{"uv":[4.125,0,5,0.875],"rotation":270,"texture":"#0"},"up":{"uv":[0,0.8125,0.875,0.9375],"rotation":270,"texture":"#0"},"down":{"uv":[0,0.8125,0.875,0.9375],"rotation":270,"texture":"#0"}}},{"from":[-0.37474,1.02474,13],"to":[0.62526,13.02474,14],"rotation":{"angle":0,"axis":"y","origin":[7.62526,5.65,8]},"faces":{"north":{"uv":[3.375,0.9375,4.125,1],"rotation":90,"texture":"#0"},"east":{"uv":[3.375,0.9375,4.125,1],"rotation":270,"texture":"#0"},"south":{"uv":[3.375,0.9375,4.125,1],"rotation":270,"texture":"#0"},"west":{"uv":[3.375,0.9375,4.125,1],"rotation":270,"texture":"#0"},"up":{"uv":[0.25,0,0.3125,0.0625],"rotation":270,"texture":"#0"},"down":{"uv":[0.25,0,0.3125,0.0625],"rotation":270,"texture":"#0"}}},{"from":[-0.37474,1.02474,2],"to":[0.62526,13.02474,3],"rotation":{"angle":0,"axis":"y","origin":[7.62526,5.65,8]},"faces":{"north":{"uv":[3.375,0.9375,4.125,1],"rotation":90,"texture":"#0"},"east":{"uv":[3.375,0.9375,4.125,1],"rotation":270,"texture":"#0"},"south":{"uv":[3.375,0.9375,4.125,1],"rotation":270,"texture":"#0"},"west":{"uv":[3.375,0.9375,4.125,1],"rotation":270,"texture":"#0"},"up":{"uv":[0.25,0,0.3125,0.0625],"rotation":270,"texture":"#0"},"down":{"uv":[0.25,0,0.3125,0.0625],"rotation":270,"texture":"#0"}}},{"from":[-0.37474,12.02474,3],"to":[0.62526,13.02474,13],"rotation":{"angle":0,"axis":"y","origin":[7.62526,5.65,8]},"faces":{"north":{"uv":[0.125,0,0.1875,0.0625],"rotation":90,"texture":"#0"},"east":{"uv":[3.375,0.875,4,0.9375],"texture":"#0"},"south":{"uv":[0.125,0,0.1875,0.0625],"rotation":270,"texture":"#0"},"west":{"uv":[3.375,0.875,4,0.9375],"texture":"#0"},"up":{"uv":[3.375,0.875,4,0.9375],"rotation":270,"texture":"#0"},"down":{"uv":[3.375,0.875,4,0.9375],"rotation":270,"texture":"#0"}}},{"from":[-0.37474,1.02474,3],"to":[0.62526,2.02474,13],"rotation":{"angle":0,"axis":"y","origin":[7.62526,5.65,8]},"faces":{"north":{"uv":[0.125,0,0.1875,0.0625],"rotation":90,"texture":"#0"},"east":{"uv":[3.375,0.875,4,0.9375],"texture":"#0"},"south":{"uv":[0.125,0,0.1875,0.0625],"rotation":270,"texture":"#0"},"west":{"uv":[3.375,0.875,4,0.9375],"texture":"#0"},"up":{"uv":[3.375,0.875,4,0.9375],"rotation":270,"texture":"#0"},"down":{"uv":[3.375,0.875,4,0.9375],"rotation":270,"texture":"#0"}}},{"from":[14.62526,1.02474,3],"to":[15.62526,2.02474,13],"rotation":{"angle":0,"axis":"y","origin":[7.62526,5.65,8]},"faces":{"north":{"uv":[0,0,1,1],"rotation":90,"texture":"#missing"},"east":{"uv":[0.0625,0.75,0.6875,0.8125],"texture":"#0"},"south":{"uv":[0,0,1,1],"rotation":270,"texture":"#missing"},"west":{"uv":[0,0,1,10],"rotation":270,"texture":"#missing"},"up":{"uv":[0.0625,0.75,0.6875,0.8125],"rotation":270,"texture":"#0"},"down":{"uv":[0.0625,0.75,0.6875,0.8125],"rotation":270,"texture":"#0"}}},{"from":[14.62526,1.02474,13],"to":[15.62526,13.02474,14],"rotation":{"angle":0,"axis":"y","origin":[7.62526,5.65,8]},"faces":{"north":{"uv":[0,0.75,0.75,0.8125],"rotation":90,"texture":"#0"},"east":{"uv":[0,0.75,0.75,0.8125],"rotation":270,"texture":"#0"},"south":{"uv":[0,0.75,0.75,0.8125],"rotation":270,"texture":"#0"},"west":{"uv":[0,0,12,1],"rotation":270,"texture":"#missing"},"up":{"uv":[0.6875,0.75,0.75,0.8125],"rotation":270,"texture":"#0"},"down":{"uv":[0.6875,0.75,0.75,0.8125],"rotation":270,"texture":"#0"}}},{"from":[14.62526,12.02474,3],"to":[15.62526,13.02474,13],"rotation":{"angle":0,"axis":"y","origin":[7.62526,5.65,8]},"faces":{"north":{"uv":[0,0,1,1],"rotation":90,"texture":"#missing"},"east":{"uv":[0.0625,0.75,0.6875,0.8125],"texture":"#0"},"south":{"uv":[0,0,1,1],"rotation":270,"texture":"#missing"},"west":{"uv":[0,0,1,10],"rotation":270,"texture":"#missing"},"up":{"uv":[0.0625,0.75,0.6875,0.8125],"rotation":270,"texture":"#0"},"down":{"uv":[0.0625,0.75,0.6875,0.8125],"rotation":270,"texture":"#0"}}},{"from":[14.62526,1.02474,2],"to":[15.62526,13.02474,3],"rotation":{"angle":0,"axis":"y","origin":[7.62526,5.65,8]},"faces":{"north":{"uv":[0,0.75,0.75,0.8125],"rotation":90,"texture":"#0"},"east":{"uv":[0,0.75,0.75,0.8125],"rotation":270,"texture":"#0"},"south":{"uv":[0,0.75,0.75,0.8125],"rotation":270,"texture":"#0"},"west":{"uv":[0,0,12,1],"rotation":270,"texture":"#missing"},"up":{"uv":[0.6875,0.75,0.75,0.8125],"rotation":270,"texture":"#0"},"down":{"uv":[0.6875,0.75,0.75,0.8125],"rotation":270,"texture":"#0"}}},{"from":[-11.25,0,-2],"to":[-1.25,1,8],"rotation":{"angle":-45,"axis":"y","origin":[-5.25,0.5,5]},"faces":{"north":{"uv":[8.75,0.125,9.5,0.1875],"rotation":180,"texture":"#0"},"east":{"uv":[9.4375,0.125,9.5,0.875],"rotation":90,"texture":"#0"},"south":{"uv":[9.5,0.8125,8.75,0.875],"rotation":180,"texture":"#0"},"west":{"uv":[8.75,0.125,8.8125,0.875],"rotation":270,"texture":"#0"},"up":{"uv":[8.75,0.125,9.5,0.875],"texture":"#0"},"down":{"uv":[9.5,0.125,8.75,0.875],"rotation":180,"texture":"#0"}}},{"from":[-14.26536,-0.02724,14.9574],"to":[0.73464,1.97276,16.9574],"rotation":{"angle":-22.5,"axis":"y","origin":[-0.51536,1,17.97276]},"faces":{"north":{"uv":[4.5,2.25,4.5625,3.1875],"rotation":270,"texture":"#0"},"south":{"uv":[4.5625,2.25,4.625,3.1875],"rotation":90,"texture":"#0"},"west":{"uv":[4.625,3.125,4.5,3.1875],"rotation":180,"texture":"#0"},"up":{"uv":[4.5,2.25,4.625,3.1875],"rotation":90,"texture":"#0"},"down":{"uv":[4.625,2.25,4.5,3.1875],"rotation":90,"texture":"#0"}}},{"from":[0.73464,0.02724,11.98813],"to":[2.73464,2.02724,19.98813],"rotation":{"angle":-22.5,"axis":"y","origin":[-0.51536,1,17.97276]},"faces":{"north":{"uv":[1.625,5.625,1.5,5.75],"rotation":180,"texture":"#0"},"east":{"uv":[2,6.125,1.5,6.25],"rotation":180,"texture":"#0"},"south":{"uv":[1.5,5.625,1.625,5.75],"rotation":180,"texture":"#0"},"west":{"uv":[1.5,6.125,2,6.25],"rotation":180,"texture":"#0"},"up":{"uv":[1.5,6.375,2,6.5],"rotation":270,"texture":"#0"},"down":{"uv":[1.5,6.375,2,6.5],"rotation":90,"texture":"#0"}}},{"from":[2.73464,0.02724,14.98813],"to":[8.73464,2.02724,16.98813],"rotation":{"angle":-22.5,"axis":"y","origin":[-0.51536,1,17.97276]},"faces":{"north":{"uv":[1.1875,5,1.3125,4.625],"rotation":270,"texture":"#0"},"east":{"uv":[1.1875,5.75,1.3125,5.6875],"rotation":270,"texture":"#0"},"south":{"uv":[1.1875,5,1.3125,4.625],"rotation":90,"texture":"#0"},"west":{"uv":[1.1875,5.75,1.3125,5.6875],"rotation":90,"texture":"#0"},"up":{"uv":[1.3125,5,1.1875,4.625],"rotation":90,"texture":"#0"},"down":{"uv":[1.3125,5,1.1875,4.625],"rotation":90,"texture":"#0"}}}],"display":{"thirdperson_righthand":{"translation":[0,2,0],"scale":[0.3,0.3,0.3]},"thirdperson_lefthand":{"translation":[0,2,0],"scale":[0.3,0.3,0.3]},"firstperson_righthand":{"rotation":[0,38.5,0],"translation":[1.25,0,0],"scale":[0.5,0.5,0.5]},"firstperson_lefthand":{"rotation":[0,38.5,0],"translation":[1.25,0,0],"scale":[0.5,0.5,0.5]},"ground":{"translation":[0,-1.25,0],"scale":[0.3,0.3,0.3]},"gui":{"rotation":[30,35,0],"translation":[2,0,0],"scale":[0.5,0.5,0.5]},"head":{"translation":[0,-30.5,0],"scale":[1.6,1.6,1.6]},"fixed":{"rotation":[-90,0,0],"translation":[0,0,-16],"scale":[2,2,2]}}}