{"credit":"magic_store_official","textures":{"0":"magic_store:furnitures/blacksmith_pack/blacksmith","1":"magic_store:furnitures/blacksmith_pack/water_still","particle":"magic_store:furnitures/blacksmith_pack/blacksmith"},"elements":[{"from":[12,0,1],"to":[15,14,4],"rotation":{"angle":0,"axis":"y","origin":[13.5,7,2.5]},"faces":{"north":{"uv":[0.1875,5.75,0,6.625],"texture":"#0"},"east":{"uv":[0,5.75,0.1875,6.625],"texture":"#0"},"south":{"uv":[0.1875,5.75,0,6.625],"texture":"#0"},"west":{"uv":[0,5.75,0.1875,6.625],"texture":"#0"},"up":{"uv":[0.1875,6.625,0.125,6.5625],"rotation":270,"texture":"#0"},"down":{"uv":[0.1875,6.625,0.125,6.5625],"rotation":270,"texture":"#0"}}},{"from":[12,0,12],"to":[15,14,15],"faces":{"north":{"uv":[0,5.75,0.1875,6.625],"texture":"#0"},"east":{"uv":[0.1875,5.75,0,6.625],"texture":"#0"},"south":{"uv":[0,5.75,0.1875,6.625],"texture":"#0"},"west":{"uv":[0.1875,5.75,0,6.625],"texture":"#0"},"up":{"uv":[0.1875,6.625,0.125,6.5625],"rotation":270,"texture":"#0"},"down":{"uv":[0.1875,6.625,0.125,6.5625],"rotation":270,"texture":"#0"}}},{"from":[-15,0,12],"to":[-12,14,15],"rotation":{"angle":0,"axis":"y","origin":[13.5,7,8]},"faces":{"north":{"uv":[0.1875,5.75,0,6.625],"texture":"#0"},"east":{"uv":[0,5.75,0.1875,6.625],"texture":"#0"},"south":{"uv":[0.1875,5.75,0,6.625],"texture":"#0"},"west":{"uv":[0,5.75,0.1875,6.625],"texture":"#0"},"up":{"uv":[0.1875,6.625,0.125,6.5625],"rotation":270,"texture":"#0"},"down":{"uv":[0.1875,6.625,0.125,6.5625],"rotation":270,"texture":"#0"}}},{"from":[-15,0,1],"to":[-12,14,4],"rotation":{"angle":0,"axis":"y","origin":[13.5,7,8]},"faces":{"north":{"uv":[0,5.75,0.1875,6.625],"texture":"#0"},"east":{"uv":[0.1875,5.75,0,6.625],"texture":"#0"},"south":{"uv":[0,5.75,0.1875,6.625],"texture":"#0"},"west":{"uv":[0.1875,5.75,0,6.625],"texture":"#0"},"up":{"uv":[0.1875,6.625,0.125,6.5625],"rotation":270,"texture":"#0"},"down":{"uv":[0.1875,6.625,0.125,6.5625],"rotation":270,"texture":"#0"}}},{"from":[-16,14,12],"to":[16,16,16],"faces":{"north":{"uv":[0,6.625,2,6.75],"texture":"#0"},"east":{"uv":[0.5,6.5,0.75,6.625],"texture":"#0"},"south":{"uv":[0,6.625,2,6.75],"texture":"#0"},"west":{"uv":[0.75,6.5,0.5,6.625],"texture":"#0"},"up":{"uv":[0,7,2,6.75],"texture":"#0"},"down":{"uv":[0,7.0625,2,7.375],"texture":"#0"}}},{"from":[-16,14,0],"to":[16,16,4],"faces":{"north":{"uv":[0,6.625,2,6.75],"texture":"#0"},"east":{"uv":[0.8125,6.5,1.0625,6.625],"texture":"#0"},"south":{"uv":[0,6.625,2,6.75],"texture":"#0"},"west":{"uv":[0.8125,6.5,1.0625,6.625],"texture":"#0"},"up":{"uv":[2,7.625,0,7.375],"texture":"#0"},"down":{"uv":[2,7.875,0,7.625],"texture":"#0"}}},{"from":[-12,0,2],"to":[12,14,4],"faces":{"north":{"uv":[11.4375,1.0625,12.9375,1.9375],"texture":"#0"},"east":{"uv":[11.4375,1.0625,11.5,1.9375],"texture":"#0"},"south":{"uv":[11.4375,1.0625,12.9375,1.9375],"texture":"#0"},"west":{"uv":[11.4375,1.0625,11.5,1.9375],"texture":"#0"},"up":{"uv":[12.9375,1.0625,11.4375,1.125],"texture":"#0"},"down":{"uv":[12.9375,1.875,11.4375,1.9375],"texture":"#0"}}},{"from":[-12,0,12],"to":[12,14,14],"faces":{"north":{"uv":[11.4375,1.0625,12.9375,1.9375],"texture":"#0"},"east":{"uv":[11.4375,1.0625,11.5,1.9375],"texture":"#0"},"south":{"uv":[11.4375,1.0625,12.9375,1.9375],"texture":"#0"},"west":{"uv":[11.4375,1.0625,11.5,1.9375],"texture":"#0"},"up":{"uv":[12.9375,1.0625,11.4375,1.125],"texture":"#0"},"down":{"uv":[12.9375,1.875,11.4375,1.9375],"texture":"#0"}}},{"from":[12,0,4],"to":[14,14,12],"faces":{"east":{"uv":[10.9375,1.0625,11.4375,1.9375],"texture":"#0"},"west":{"uv":[10.9375,1.0625,11.4375,1.9375],"texture":"#0"},"up":{"uv":[10.9375,1.125,11.4375,1.0625],"rotation":90,"texture":"#0"},"down":{"uv":[10.9375,1.9375,11.4375,1.875],"rotation":90,"texture":"#0"}}},{"from":[-14,0,4],"to":[-12,14,12],"faces":{"east":{"uv":[10.9375,1.0625,11.4375,1.9375],"texture":"#0"},"west":{"uv":[10.9375,1.0625,11.4375,1.9375],"texture":"#0"},"up":{"uv":[10.9375,1.125,11.4375,1.0625],"rotation":90,"texture":"#0"},"down":{"uv":[10.9375,1.9375,11.4375,1.875],"rotation":90,"texture":"#0"}}},{"from":[-12,0,4],"to":[12,1,12],"faces":{"up":{"uv":[11.4375,1.25,12.9375,1.75],"texture":"#0"},"down":{"uv":[11.4375,1.25,12.9375,1.75],"texture":"#0"}}},{"from":[0,12,4],"to":[12,12,12],"faces":{"north":{"uv":[0,0,1,0],"texture":"#missing"},"east":{"uv":[0,0,1,0],"texture":"#missing"},"south":{"uv":[0,0,1,0],"texture":"#missing"},"west":{"uv":[0,0,1,0],"texture":"#missing"},"up":{"uv":[2,2,14,10],"texture":"#1"},"down":{"uv":[2,10,14,2],"texture":"#1"}}},{"from":[-12,12,4],"to":[0,12,12],"faces":{"north":{"uv":[0,0,1,0],"texture":"#missing"},"east":{"uv":[0,0,1,0],"texture":"#missing"},"south":{"uv":[0,0,1,0],"texture":"#missing"},"west":{"uv":[0,0,1,0],"texture":"#missing"},"up":{"uv":[14,2,2,10],"texture":"#1"},"down":{"uv":[2,10,14,2],"texture":"#1"}}}],"display":{"thirdperson_righthand":{"rotation":[22.75,0,0],"translation":[3,1.25,0],"scale":[0.3,0.3,0.3]},"thirdperson_lefthand":{"rotation":[22.75,0,0],"translation":[-3,1.25,0],"scale":[0.3,0.3,0.3]},"firstperson_righthand":{"rotation":[0,-38.5,0],"translation":[1.75,0,0.25],"scale":[0.4,0.4,0.4]},"firstperson_lefthand":{"rotation":[0,-38.5,0],"translation":[1.75,0,0.25],"scale":[0.4,0.4,0.4]},"ground":{"translation":[0,-1.5,0],"scale":[0.3,0.3,0.3]},"gui":{"rotation":[30,35,0],"translation":[2.5,0.5,0],"scale":[0.4,0.4,0.4]},"head":{"translation":[0,-30.5,0],"scale":[1.6,1.6,1.6]},"fixed":{"rotation":[-90,0,0],"translation":[0,0,-16],"scale":[2,2,2]}}}