{"credit":"magic_store_official","texture_size":[256,256],"textures":{"0":"magic_store:furnitures/blacksmith_pack/blacksmith","particle":"magic_store:furnitures/blacksmith_pack/blacksmith"},"elements":[{"from":[12,0,2],"to":[15,14,5],"rotation":{"angle":0,"axis":"y","origin":[13.5,7,2.5]},"faces":{"north":{"uv":[0.1875,5.75,0,6.625],"texture":"#0"},"east":{"uv":[0,5.75,0.1875,6.625],"texture":"#0"},"south":{"uv":[0.1875,5.75,0,6.625],"texture":"#0"},"west":{"uv":[0,5.75,0.1875,6.625],"texture":"#0"},"up":{"uv":[0.1875,6.625,0.125,6.5625],"rotation":270,"texture":"#0"},"down":{"uv":[0.1875,6.625,0.125,6.5625],"rotation":270,"texture":"#0"}}},{"from":[12,16,2],"to":[15,19,5],"rotation":{"angle":0,"axis":"y","origin":[13.5,7,2.5]},"faces":{"north":{"uv":[0.1875,6.4375,0,6.625],"texture":"#0"},"east":{"uv":[0,6.4375,0.1875,6.625],"texture":"#0"},"south":{"uv":[0.1875,6.4375,0,6.625],"texture":"#0"},"west":{"uv":[0,6.4375,0.1875,6.625],"texture":"#0"},"up":{"uv":[1.9375,5.875,1.75,5.6875],"rotation":270,"texture":"#0"},"down":{"uv":[0.1875,6.625,0.125,6.5625],"rotation":270,"texture":"#0"}}},{"from":[12,16,11],"to":[15,19,14],"rotation":{"angle":0,"axis":"y","origin":[13.5,17.5,12.5]},"faces":{"north":{"uv":[0,6.4375,0.1875,6.625],"texture":"#0"},"east":{"uv":[0.1875,6.4375,0,6.625],"texture":"#0"},"south":{"uv":[0,6.4375,0.1875,6.625],"texture":"#0"},"west":{"uv":[0.1875,6.4375,0,6.625],"texture":"#0"},"up":{"uv":[1.9375,5.875,1.75,5.6875],"rotation":180,"texture":"#0"},"down":{"uv":[0.1875,6.625,0.125,6.5625],"texture":"#0"}}},{"from":[-15,16,2],"to":[-12,19,5],"rotation":{"angle":0,"axis":"y","origin":[1.5,17.5,8]},"faces":{"north":{"uv":[0,6.4375,0.1875,6.625],"texture":"#0"},"east":{"uv":[0.1875,6.4375,0,6.625],"texture":"#0"},"south":{"uv":[0,6.4375,0.1875,6.625],"texture":"#0"},"west":{"uv":[0.1875,6.4375,0,6.625],"texture":"#0"},"up":{"uv":[1.9375,5.875,1.75,5.6875],"texture":"#0"},"down":{"uv":[0.1875,6.625,0.125,6.5625],"rotation":180,"texture":"#0"}}},{"from":[-15,16,11],"to":[-12,19,14],"rotation":{"angle":0,"axis":"y","origin":[1.5,17.5,8]},"faces":{"north":{"uv":[0.1875,6.4375,0,6.625],"texture":"#0"},"east":{"uv":[0,6.4375,0.1875,6.625],"texture":"#0"},"south":{"uv":[0.1875,6.4375,0,6.625],"texture":"#0"},"west":{"uv":[0,6.4375,0.1875,6.625],"texture":"#0"},"up":{"uv":[1.9375,5.875,1.75,5.6875],"rotation":90,"texture":"#0"},"down":{"uv":[0.1875,6.625,0.125,6.5625],"rotation":90,"texture":"#0"}}},{"from":[12,0,11],"to":[15,14,14],"faces":{"north":{"uv":[0,5.75,0.1875,6.625],"texture":"#0"},"east":{"uv":[0.1875,5.75,0,6.625],"texture":"#0"},"south":{"uv":[0,5.75,0.1875,6.625],"texture":"#0"},"west":{"uv":[0.1875,5.75,0,6.625],"texture":"#0"},"up":{"uv":[0.1875,6.625,0.125,6.5625],"rotation":270,"texture":"#0"},"down":{"uv":[0.1875,6.625,0.125,6.5625],"rotation":270,"texture":"#0"}}},{"from":[-15,0,11],"to":[-12,14,14],"rotation":{"angle":0,"axis":"y","origin":[13.5,7,8]},"faces":{"north":{"uv":[0.1875,5.75,0,6.625],"texture":"#0"},"east":{"uv":[0,5.75,0.1875,6.625],"texture":"#0"},"south":{"uv":[0.1875,5.75,0,6.625],"texture":"#0"},"west":{"uv":[0,5.75,0.1875,6.625],"texture":"#0"},"up":{"uv":[0.1875,6.625,0.125,6.5625],"rotation":270,"texture":"#0"},"down":{"uv":[0.1875,6.625,0.125,6.5625],"rotation":270,"texture":"#0"}}},{"from":[-15,0,2],"to":[-12,14,5],"rotation":{"angle":0,"axis":"y","origin":[13.5,7,8]},"faces":{"north":{"uv":[0,5.75,0.1875,6.625],"texture":"#0"},"east":{"uv":[0.1875,5.75,0,6.625],"texture":"#0"},"south":{"uv":[0,5.75,0.1875,6.625],"texture":"#0"},"west":{"uv":[0.1875,5.75,0,6.625],"texture":"#0"},"up":{"uv":[0.1875,6.625,0.125,6.5625],"rotation":270,"texture":"#0"},"down":{"uv":[0.1875,6.625,0.125,6.5625],"rotation":270,"texture":"#0"}}},{"from":[-16,2,10],"to":[16,4,15],"faces":{"north":{"uv":[0,6.625,2,6.75],"texture":"#0"},"east":{"uv":[0.5,6.5,0.8125,6.625],"texture":"#0"},"south":{"uv":[0,6.625,2,6.75],"texture":"#0"},"west":{"uv":[0.5,6.5,0.8125,6.625],"texture":"#0"},"up":{"uv":[0,7.0625,2,6.75],"texture":"#0"},"down":{"uv":[0,7.0625,2,7.375],"texture":"#0"}}},{"from":[-16,2,5],"to":[16,4,10],"faces":{"north":{"uv":[2,6.625,0,6.75],"texture":"#0"},"east":{"uv":[0.5,6.5,0.8125,6.625],"texture":"#0"},"south":{"uv":[2,6.625,0,6.75],"texture":"#0"},"west":{"uv":[0.5,6.5,0.8125,6.625],"texture":"#0"},"up":{"uv":[2,7.0625,0,6.75],"texture":"#0"},"down":{"uv":[0,7.0625,2,7.375],"texture":"#0"}}},{"from":[-16,2,1],"to":[16,4,5],"faces":{"north":{"uv":[0,6.625,2,6.75],"texture":"#0"},"east":{"uv":[0.8125,6.5,1.0625,6.625],"texture":"#0"},"south":{"uv":[0,6.625,2,6.75],"texture":"#0"},"west":{"uv":[0.8125,6.5,1.0625,6.625],"texture":"#0"},"up":{"uv":[2,7.625,0,7.375],"texture":"#0"},"down":{"uv":[2,7.875,0,7.625],"texture":"#0"}}},{"from":[-16,8,0.5],"to":[16,10,5.5],"rotation":{"angle":0,"axis":"y","origin":[0,9,7.75]},"faces":{"north":{"uv":[0,6.625,2,6.75],"texture":"#0"},"east":{"uv":[0.5,6.5,0.8125,6.625],"texture":"#0"},"south":{"uv":[0,6.625,2,6.75],"texture":"#0"},"west":{"uv":[0.5,6.5,0.8125,6.625],"texture":"#0"},"up":{"uv":[0,7.0625,2,6.75],"rotation":180,"texture":"#0"},"down":{"uv":[0,7.0625,2,7.375],"rotation":180,"texture":"#0"}}},{"from":[-16,8,5.5],"to":[16,10,10.5],"rotation":{"angle":0,"axis":"y","origin":[0,9,7.75]},"faces":{"north":{"uv":[2,6.625,0,6.75],"texture":"#0"},"east":{"uv":[0.5,6.5,0.8125,6.625],"texture":"#0"},"south":{"uv":[2,6.625,0,6.75],"texture":"#0"},"west":{"uv":[0.5,6.5,0.8125,6.625],"texture":"#0"},"up":{"uv":[2,7.0625,0,6.75],"rotation":180,"texture":"#0"},"down":{"uv":[0,7.0625,2,7.375],"rotation":180,"texture":"#0"}}},{"from":[-16,8,10.5],"to":[16,10,14.5],"rotation":{"angle":0,"axis":"y","origin":[0,9,7.75]},"faces":{"north":{"uv":[0,6.625,2,6.75],"texture":"#0"},"east":{"uv":[0.8125,6.5,1.0625,6.625],"texture":"#0"},"south":{"uv":[0,6.625,2,6.75],"texture":"#0"},"west":{"uv":[0.8125,6.5,1.0625,6.625],"texture":"#0"},"up":{"uv":[2,7.625,0,7.375],"rotation":180,"texture":"#0"},"down":{"uv":[2,7.875,0,7.625],"rotation":180,"texture":"#0"}}},{"from":[-16,14,10],"to":[16,16,15],"rotation":{"angle":0,"axis":"y","origin":[0,15,7.75]},"faces":{"north":{"uv":[0,6.625,2,6.75],"texture":"#0"},"east":{"uv":[0.5,6.5,0.8125,6.625],"texture":"#0"},"south":{"uv":[0,6.625,2,6.75],"texture":"#0"},"west":{"uv":[0.5,6.5,0.8125,6.625],"texture":"#0"},"up":{"uv":[0,7.0625,2,6.75],"texture":"#0"},"down":{"uv":[0,7.0625,2,7.375],"texture":"#0"}}},{"from":[-16,14,5],"to":[16,16,10],"rotation":{"angle":0,"axis":"y","origin":[0,15,7.75]},"faces":{"north":{"uv":[2,6.625,0,6.75],"texture":"#0"},"east":{"uv":[0.5,6.5,0.8125,6.625],"texture":"#0"},"south":{"uv":[2,6.625,0,6.75],"texture":"#0"},"west":{"uv":[0.5,6.5,0.8125,6.625],"texture":"#0"},"up":{"uv":[2,7.0625,0,6.75],"texture":"#0"},"down":{"uv":[0,7.0625,2,7.375],"texture":"#0"}}},{"from":[-16,14,1],"to":[16,16,5],"rotation":{"angle":0,"axis":"y","origin":[0,15,7.75]},"faces":{"north":{"uv":[0,6.625,2,6.75],"texture":"#0"},"east":{"uv":[0.8125,6.5,1.0625,6.625],"texture":"#0"},"south":{"uv":[0,6.625,2,6.75],"texture":"#0"},"west":{"uv":[0.8125,6.5,1.0625,6.625],"texture":"#0"},"up":{"uv":[2,7.625,0,7.375],"texture":"#0"},"down":{"uv":[2,7.875,0,7.625],"texture":"#0"}}},{"from":[-2.00962,17,7.61729],"to":[-0.00962,19,14.61729],"rotation":{"angle":-22.5,"axis":"y","origin":[13.0181,18,6.33588]},"faces":{"north":{"uv":[1.0625,6.625,1.125,6.5],"rotation":90,"texture":"#0"},"east":{"uv":[1.5,6.5,1.0625,6.625],"texture":"#0"},"south":{"uv":[1.0625,6.5,1.125,6.625],"rotation":90,"texture":"#0"},"west":{"uv":[1.0625,6.625,1.5,6.5],"texture":"#0"},"up":{"uv":[1.0625,6.5,1.5,6.625],"rotation":90,"texture":"#0"},"down":{"uv":[1.5,6.625,1.0625,6.5],"rotation":90,"texture":"#0"}}},{"from":[-3.95417,16,14.55447],"to":[2.04583,20,16.55447],"rotation":{"angle":-22.5,"axis":"y","origin":[13.0181,18,6.33588]},"faces":{"north":{"uv":[1.875,6.125,1.5,6.375],"texture":"#0"},"east":{"uv":[1.625,5.625,1.5,5.875],"texture":"#0"},"south":{"uv":[1.5,6.125,1.875,6.375],"texture":"#0"},"west":{"uv":[1.5,5.625,1.625,5.875],"texture":"#0"},"up":{"uv":[1.5,6.375,1.875,6.5],"texture":"#0"},"down":{"uv":[1.5,6.375,2,6.625],"texture":"#0"}}},{"from":[0.04583,16,16.55447],"to":[2.04583,20,18.55447],"rotation":{"angle":-22.5,"axis":"y","origin":[13.0181,18,6.33588]},"faces":{"north":{"uv":[1.625,6.125,1.5,6.375],"texture":"#0"},"east":{"uv":[1.625,5.625,1.5,5.875],"texture":"#0"},"south":{"uv":[1.5,6.125,1.625,6.375],"texture":"#0"},"west":{"uv":[1.5,5.625,1.625,5.875],"texture":"#0"},"up":{"uv":[1.5,6.375,1.625,6.5],"texture":"#0"},"down":{"uv":[1.5,6.375,1.625,6.5],"texture":"#0"}}},{"from":[-3.95417,16,16.55447],"to":[-1.95417,20,18.55447],"rotation":{"angle":-22.5,"axis":"y","origin":[13.0181,18,6.33588]},"faces":{"north":{"uv":[1.625,6.125,1.5,6.375],"texture":"#0"},"east":{"uv":[1.625,5.625,1.5,5.875],"texture":"#0"},"south":{"uv":[1.5,6.125,1.625,6.375],"texture":"#0"},"west":{"uv":[1.5,5.625,1.625,5.875],"texture":"#0"},"up":{"uv":[1.5,6.375,1.625,6.5],"texture":"#0"},"down":{"uv":[1.5,6.375,1.625,6.5],"texture":"#0"}}},{"from":[4,16,3],"to":[7,19,16],"rotation":{"angle":22.5,"axis":"y","origin":[0.5,16.8,7.5]},"faces":{"north":{"uv":[0.1875,5.5625,0.375,5.75],"texture":"#0"},"east":{"uv":[0,4.9375,0.1875,5.75],"rotation":90,"texture":"#0"},"south":{"uv":[0.1875,5.5625,0.375,5.75],"texture":"#0"},"west":{"uv":[0,4.9375,0.1875,5.75],"rotation":90,"texture":"#0"},"up":{"uv":[1.3125,5.6875,1.5,6.5],"texture":"#0"},"down":{"uv":[1.3125,5.6875,1.5,6.5],"texture":"#0"}}},{"from":[-0.61524,4,5.93434],"to":[12.38476,7,8.93434],"rotation":{"angle":-22.5,"axis":"y","origin":[5.88476,5.5,7.43434]},"faces":{"north":{"uv":[0,4.9375,0.1875,5.75],"rotation":90,"texture":"#0"},"east":{"uv":[0.1875,5.5625,0.375,5.75],"texture":"#0"},"south":{"uv":[0,4.9375,0.1875,5.75],"rotation":90,"texture":"#0"},"west":{"uv":[0.1875,5.5625,0.375,5.75],"texture":"#0"},"up":{"uv":[1.3125,5.6875,1.5,6.5],"rotation":270,"texture":"#0"},"down":{"uv":[1.3125,5.6875,1.5,6.5],"rotation":90,"texture":"#0"}}},{"from":[-9,16.1,3],"to":[4,16.1,16],"rotation":{"angle":22.5,"axis":"y","origin":[0.5,16.8,7.5]},"faces":{"up":{"uv":[0.375,4.9375,1.1875,5.75],"texture":"#0"},"down":{"uv":[0.375,4.9375,1.1875,5.75],"texture":"#0"}}},{"from":[-8.75,10,-2.75],"to":[-4.75,14,5.25],"rotation":{"angle":22.5,"axis":"y","origin":[9,18,7.25]},"faces":{"north":{"uv":[1.5,5.625,1.75,5.875],"texture":"#0"},"east":{"uv":[2,6.125,1.5,6.375],"texture":"#0"},"south":{"uv":[1.75,5.625,1.5,5.875],"texture":"#0"},"west":{"uv":[1.5,6.125,2,6.375],"texture":"#0"},"up":{"uv":[1.5,6.375,2,6.625],"rotation":90,"texture":"#0"},"down":{"uv":[1.5,6.375,2,6.625],"rotation":270,"texture":"#0"}}},{"from":[-4.75,11,0.25],"to":[2.25,13,2.25],"rotation":{"angle":22.5,"axis":"y","origin":[9,18,7.25]},"faces":{"north":{"uv":[1.0625,6.625,1.5,6.5],"texture":"#0"},"east":{"uv":[1.0625,6.625,1.125,6.5],"rotation":90,"texture":"#0"},"south":{"uv":[1.5,6.5,1.0625,6.625],"texture":"#0"},"west":{"uv":[1.0625,6.5,1.125,6.625],"rotation":90,"texture":"#0"},"up":{"uv":[1.0625,6.5,1.5,6.625],"rotation":180,"texture":"#0"},"down":{"uv":[1.5,6.625,1.0625,6.5],"texture":"#0"}}},{"from":[-7.22781,4,5.82057],"to":[-5.22781,6,12.82057],"rotation":{"angle":45,"axis":"y","origin":[-3.22781,5,5.82057]},"faces":{"north":{"uv":[1.0625,6.625,1.125,6.5],"rotation":90,"texture":"#0"},"east":{"uv":[1.5,6.5,1.0625,6.625],"texture":"#0"},"south":{"uv":[1.0625,6.5,1.125,6.625],"rotation":90,"texture":"#0"},"west":{"uv":[1.0625,6.625,1.5,6.5],"texture":"#0"},"up":{"uv":[1.0625,6.5,1.5,6.625],"rotation":90,"texture":"#0"},"down":{"uv":[1.5,6.625,1.0625,6.5],"rotation":90,"texture":"#0"}}},{"from":[-7.22781,4,-1.17943],"to":[-5.22781,6,5.82057],"rotation":{"angle":45,"axis":"y","origin":[-3.22781,5,5.82057]},"faces":{"north":{"uv":[1.0625,6.625,1.125,6.5],"rotation":90,"texture":"#0"},"east":{"uv":[1.5,6.5,1.0625,6.625],"texture":"#0"},"south":{"uv":[1.0625,6.5,1.125,6.625],"rotation":90,"texture":"#0"},"west":{"uv":[1.0625,6.625,1.5,6.5],"texture":"#0"},"up":{"uv":[1.0625,6.5,1.5,6.625],"rotation":90,"texture":"#0"},"down":{"uv":[1.5,6.625,1.0625,6.5],"rotation":90,"texture":"#0"}}}],"display":{"thirdperson_righthand":{"rotation":[22.75,0,0],"translation":[3,1.25,0],"scale":[0.3,0.3,0.3]},"thirdperson_lefthand":{"rotation":[22.75,0,0],"translation":[-3,1.25,0],"scale":[0.3,0.3,0.3]},"firstperson_righthand":{"rotation":[0,-38.5,0],"translation":[1.75,0,0.25],"scale":[0.4,0.4,0.4]},"firstperson_lefthand":{"rotation":[0,-38.5,0],"translation":[1.75,0,0.25],"scale":[0.4,0.4,0.4]},"ground":{"translation":[0,-1.5,0],"scale":[0.3,0.3,0.3]},"gui":{"rotation":[30,35,0],"translation":[2.5,0.5,0],"scale":[0.4,0.4,0.4]},"head":{"translation":[0,-30.5,0],"scale":[1.6,1.6,1.6]},"fixed":{"rotation":[-90,0,0],"translation":[0,0,-16],"scale":[2,2,2]}}}