{"credit":"magic_store_official","texture_size":[256,256],"textures":{"0":"magic_store:furnitures/blacksmith_pack/blacksmith","particle":"magic_store:furnitures/blacksmith_pack/blacksmith"},"elements":[{"from":[-16,0,12],"to":[16,9,15],"faces":{"north":{"uv":[13.1875,3.125,15.1875,3.6875],"texture":"#0"},"east":{"uv":[15.1875,3.125,15.375,3.6875],"texture":"#0"},"south":{"uv":[13.1875,3.125,15.1875,3.6875],"texture":"#0"},"west":{"uv":[15.1875,3.125,15.375,3.6875],"texture":"#0"},"up":{"uv":[13.1875,3.6875,15.1875,3.875],"texture":"#0"},"down":{"uv":[13.1875,3.6875,15.1875,3.875],"texture":"#0"}}},{"from":[-3.5,-7.5,10],"to":[-1.5,8.5,12],"rotation":{"angle":0,"axis":"z","origin":[8,1,12.5]},"faces":{"north":{"uv":[1,0.9375,0,1.0625],"rotation":270,"texture":"#0"},"east":{"uv":[1,1,0,0.9375],"rotation":270,"texture":"#0"},"south":{"uv":[0,0.9375,1,1.0625],"rotation":90,"texture":"#0"},"west":{"uv":[0,1.0625,1,1],"rotation":90,"texture":"#0"},"up":{"uv":[0.9375,1.25,1,1.3125],"texture":"#0"},"down":{"uv":[0.875,1.1875,1,1.3125],"texture":"#0"}}},{"from":[-4,-9.5,10],"to":[2,-7.5,12],"rotation":{"angle":0,"axis":"z","origin":[8,1,12.5]},"faces":{"north":{"uv":[0.375,1.4375,0,1.3125],"rotation":180,"texture":"#0"},"east":{"uv":[0.25,1.3125,0.375,1.4375],"rotation":270,"texture":"#0"},"south":{"uv":[0,1.3125,0.375,1.4375],"texture":"#0"},"west":{"uv":[0.25,1.3125,0.375,1.4375],"rotation":90,"texture":"#0"},"up":{"uv":[0,1.3125,0.375,1.375],"rotation":180,"texture":"#0"},"down":{"uv":[0,1.3125,0.375,1.375],"texture":"#0"}}},{"from":[-5,-14.5,9.9],"to":[-3,-8.5,12.1],"rotation":{"angle":0,"axis":"z","origin":[8,1,12.5]},"faces":{"north":{"uv":[1,1.3125,1.125,0.9375],"rotation":180,"texture":"#0"},"east":{"uv":[1.0625,0.9375,1.125,1.3125],"texture":"#0"},"south":{"uv":[1,0.9375,1.125,1.3125],"texture":"#0"},"west":{"uv":[1.0625,1.3125,1,0.9375],"rotation":180,"texture":"#0"},"up":{"uv":[1.375,1.25,1.5,1.375],"texture":"#0"},"down":{"uv":[1,1.25,1.125,1.3125],"texture":"#0"}}},{"from":[-4,-15.5,10],"to":[-2,-13.5,12],"rotation":{"angle":0,"axis":"z","origin":[8,1,12.5]},"faces":{"north":{"uv":[0.875,0.9375,1,0.8125],"rotation":180,"texture":"#0"},"east":{"uv":[1.125,0.8125,1,0.9375],"rotation":270,"texture":"#0"},"south":{"uv":[0.875,0.8125,1,0.9375],"texture":"#0"},"west":{"uv":[1,0.8125,1.125,0.9375],"rotation":90,"texture":"#0"},"up":{"uv":[1.125,0.8125,1,0.9375],"rotation":180,"texture":"#0"},"down":{"uv":[1.125,0.8125,1,0.9375],"rotation":180,"texture":"#0"}}},{"from":[-0.5,-7.5,10],"to":[1.5,8.5,12],"rotation":{"angle":0,"axis":"z","origin":[8,1,12.5]},"faces":{"north":{"uv":[0,0.9375,1,1.0625],"rotation":90,"texture":"#0"},"east":{"uv":[1,1.0625,0,1],"rotation":270,"texture":"#0"},"south":{"uv":[1,0.9375,0,1.0625],"rotation":270,"texture":"#0"},"west":{"uv":[0,1,1,0.9375],"rotation":90,"texture":"#0"},"up":{"uv":[0.9375,1.25,1,1.3125],"texture":"#0"},"down":{"uv":[0.875,1.1875,1,1.3125],"rotation":180,"texture":"#0"}}},{"from":[1,-14.5,9.9],"to":[3,-8.5,12.1],"rotation":{"angle":0,"axis":"z","origin":[8,1,12.5]},"faces":{"north":{"uv":[1,0.9375,1.125,1.3125],"texture":"#0"},"east":{"uv":[1,0.9375,1.0625,1.3125],"texture":"#0"},"south":{"uv":[1,1.3125,1.125,0.9375],"rotation":180,"texture":"#0"},"west":{"uv":[1.0625,1.3125,1.125,0.9375],"rotation":180,"texture":"#0"},"up":{"uv":[1.375,1.25,1.5,1.375],"texture":"#0"},"down":{"uv":[1,1.25,1.125,1.3125],"rotation":180,"texture":"#0"}}},{"from":[0,-15.5,10],"to":[2,-13.5,12],"rotation":{"angle":0,"axis":"z","origin":[8,1,12.5]},"faces":{"north":{"uv":[0.875,0.9375,1,0.8125],"rotation":90,"texture":"#0"},"east":{"uv":[1.125,0.8125,1,0.9375],"rotation":270,"texture":"#0"},"south":{"uv":[0.875,0.8125,1,0.9375],"rotation":90,"texture":"#0"},"west":{"uv":[1,0.8125,1.125,0.9375],"rotation":90,"texture":"#0"},"up":{"uv":[1,0.8125,1.125,0.9375],"rotation":180,"texture":"#0"},"down":{"uv":[1.125,0.8125,1,0.9375],"rotation":180,"texture":"#0"}}},{"from":[-4,4,9.5],"to":[2,6,12.5],"faces":{"north":{"uv":[5,2.125,5.375,2.25],"texture":"#0"},"east":{"uv":[4.8125,2.125,5,2.25],"texture":"#0"},"south":{"uv":[5,2.125,5.375,2.25],"texture":"#0"},"west":{"uv":[4.8125,2.125,5,2.25],"texture":"#0"},"up":{"uv":[5,1.9375,5.375,2.125],"texture":"#0"},"down":{"uv":[5,1.75,5.375,1.9375],"texture":"#0"}}},{"from":[-12.5,-15.75,10],"to":[-10.5,-0.75,12],"faces":{"north":{"uv":[4.5,2.25,4.625,3.1875],"texture":"#0"},"east":{"uv":[4.5,2.25,4.5625,3.1875],"texture":"#0"},"south":{"uv":[4.625,2.25,4.5,3.1875],"texture":"#0"},"west":{"uv":[4.5625,2.25,4.625,3.1875],"texture":"#0"},"down":{"uv":[4.625,3.125,4.5,3.1875],"texture":"#0"}}},{"from":[-15.53073,-0.75,9.94552],"to":[-7.53073,1.25,11.94552],"rotation":{"angle":0,"axis":"y","origin":[7.46927,-5.25,10.94552]},"faces":{"north":{"uv":[1.5,6.375,2,6.5],"rotation":180,"texture":"#0"},"east":{"uv":[1.625,5.625,1.5,5.75],"rotation":270,"texture":"#0"},"south":{"uv":[1.5,6.375,2,6.5],"texture":"#0"},"west":{"uv":[1.5,5.625,1.625,5.75],"rotation":90,"texture":"#0"},"up":{"uv":[2,6.125,1.5,6.25],"rotation":180,"texture":"#0"},"down":{"uv":[1.5,6.125,2,6.25],"texture":"#0"}}},{"from":[-12.53073,1.25,9.94552],"to":[-10.53073,7.25,11.94552],"rotation":{"angle":0,"axis":"y","origin":[7.46927,-5.25,10.94552]},"faces":{"north":{"uv":[1.3125,5,1.1875,4.625],"texture":"#0"},"east":{"uv":[1.1875,5,1.3125,4.625],"texture":"#0"},"south":{"uv":[1.3125,5,1.1875,4.625],"texture":"#0"},"west":{"uv":[1.1875,5,1.3125,4.625],"texture":"#0"},"up":{"uv":[1.1875,5.75,1.3125,5.6875],"rotation":270,"texture":"#0"},"down":{"uv":[1.1875,5.75,1.3125,5.6875],"rotation":270,"texture":"#0"}}},{"from":[10.46927,-11.75,9.94552],"to":[12.46927,6.25,11.94552],"rotation":{"angle":0,"axis":"y","origin":[7.46927,-5.25,10.94552]},"faces":{"north":{"uv":[1.3125,5.75,1.1875,4.625],"texture":"#0"},"east":{"uv":[1.1875,5.75,1.3125,4.625],"texture":"#0"},"south":{"uv":[1.3125,5.75,1.1875,4.625],"texture":"#0"},"west":{"uv":[1.1875,5.75,1.3125,4.625],"texture":"#0"},"up":{"uv":[1.1875,5.75,1.3125,5.6875],"rotation":270,"texture":"#0"},"down":{"uv":[1.1875,5.75,1.3125,5.6875],"rotation":270,"texture":"#0"}}},{"from":[10,2,9.5],"to":[13,4,12.5],"faces":{"north":{"uv":[0.125,0.25,0.3125,0.375],"texture":"#0"},"east":{"uv":[0,0.25,0.1875,0.375],"texture":"#0"},"south":{"uv":[0.125,0.25,0.3125,0.375],"texture":"#0"},"west":{"uv":[0.1875,0.25,0,0.375],"texture":"#0"},"up":{"uv":[0.125,0.4375,0.3125,0.625],"texture":"#0"},"down":{"uv":[0.5,0.6875,0.625,0.8125],"texture":"#0"}}},{"from":[-13,3,9.5],"to":[-10,5,12.5],"faces":{"north":{"uv":[0.125,0.25,0.3125,0.375],"texture":"#0"},"east":{"uv":[0,0.25,0.1875,0.375],"texture":"#0"},"south":{"uv":[0.125,0.25,0.3125,0.375],"texture":"#0"},"west":{"uv":[0.1875,0.25,0,0.375],"texture":"#0"},"up":{"uv":[0.125,0.4375,0.3125,0.625],"texture":"#0"},"down":{"uv":[0.5,0.6875,0.625,0.8125],"texture":"#0"}}},{"from":[7.46927,-15.75,8.94552],"to":[15.46927,-11.75,12.94552],"rotation":{"angle":0,"axis":"y","origin":[7.46927,-5.25,10.94552]},"faces":{"north":{"uv":[1.5,6.375,2,6.625],"rotation":180,"texture":"#0"},"east":{"uv":[1.75,5.625,1.5,5.875],"rotation":270,"texture":"#0"},"south":{"uv":[1.5,6.375,2,6.625],"texture":"#0"},"west":{"uv":[1.5,5.625,1.75,5.875],"rotation":90,"texture":"#0"},"up":{"uv":[2,6.125,1.5,6.375],"rotation":180,"texture":"#0"},"down":{"uv":[1.5,6.125,2,6.375],"texture":"#0"}}}],"display":{"thirdperson_righthand":{"rotation":[27.75,0,0],"translation":[3.25,3.25,0],"scale":[0.3,0.3,0.3]},"thirdperson_lefthand":{"rotation":[27.75,0,0],"translation":[-2,3.25,0],"scale":[0.3,0.3,0.3]},"firstperson_righthand":{"rotation":[-164.79,41.52,173.44],"translation":[3.75,3.5,-12.5],"scale":[0.6,0.6,0.6]},"firstperson_lefthand":{"rotation":[-164.79,41.52,173.44],"translation":[6,3.5,-2.5],"scale":[0.6,0.6,0.6]},"ground":{"scale":[0.4,0.4,0.4]},"gui":{"rotation":[30,145,0],"translation":[-3.75,4,0],"scale":[0.4,0.4,0.4]},"head":{"rotation":[-180,0,-180],"translation":[0,-30.5,-1.5],"scale":[1.6,1.6,1.6]},"fixed":{"translation":[0,0,-14],"scale":[2,2,2]}}}