{"credit":"magic_store_official","textures":{"0":"magic_store:furnitures/blacksmith_pack/blacksmith","1":"magic_store:furnitures/blacksmith_pack/water_still","particle":"magic_store:furnitures/blacksmith_pack/blacksmith"},"elements":[{"from":[0,0,0],"to":[16,2,16],"faces":{"north":{"uv":[7.625,0.4375,6.625,0.5625],"texture":"#0"},"east":{"uv":[6.625,0.4375,7.625,0.5625],"texture":"#0"},"south":{"uv":[7.625,0.4375,6.625,0.5625],"texture":"#0"},"west":{"uv":[6.625,0.4375,7.625,0.5625],"texture":"#0"},"up":{"uv":[8.625,0,9.625,1],"texture":"#0"},"down":{"uv":[7.625,0,8.625,1],"texture":"#0"}}},{"from":[0,2,14],"to":[16,9,16],"faces":{"north":{"uv":[6.625,0,7.625,0.4375],"texture":"#0"},"east":{"uv":[6.625,0,6.75,0.4375],"texture":"#0"},"south":{"uv":[7.625,0,6.625,0.4375],"texture":"#0"},"west":{"uv":[7.5,0,7.625,0.4375],"texture":"#0"},"up":{"uv":[7.625,0,6.625,0.0625],"texture":"#0"},"down":{"uv":[7.625,0,6.625,0.0625],"texture":"#0"}}},{"from":[0,2,0],"to":[16,9,2],"rotation":{"angle":0,"axis":"y","origin":[8,5.5,1]},"faces":{"north":{"uv":[7.625,0,6.625,0.4375],"texture":"#0"},"east":{"uv":[7.5,0,7.625,0.4375],"texture":"#0"},"south":{"uv":[6.625,0,7.625,0.4375],"texture":"#0"},"west":{"uv":[6.625,0,6.75,0.4375],"texture":"#0"},"up":{"uv":[7.625,0,6.625,0.0625],"rotation":180,"texture":"#0"},"down":{"uv":[7.625,0,6.625,0.0625],"texture":"#0"}}},{"from":[14,2,2],"to":[16,9,14],"faces":{"north":{"uv":[6.625,0,6.75,0.4375],"texture":"#0"},"east":{"uv":[6.75,0,7.5,0.4375],"texture":"#0"},"south":{"uv":[6.625,0,6.75,0.4375],"texture":"#0"},"west":{"uv":[7.5,0,6.75,0.4375],"texture":"#0"},"up":{"uv":[7.5,0,6.75,0.0625],"rotation":90,"texture":"#0"},"down":{"uv":[7.5,0,6.75,0.0625],"rotation":90,"texture":"#0"}}},{"from":[0,2,2],"to":[2,9,14],"rotation":{"angle":0,"axis":"y","origin":[1,5.5,8]},"faces":{"north":{"uv":[6.625,0,6.75,0.4375],"texture":"#0"},"east":{"uv":[7.5,0,6.75,0.4375],"texture":"#0"},"south":{"uv":[6.625,0,6.75,0.4375],"texture":"#0"},"west":{"uv":[6.75,0,7.5,0.4375],"texture":"#0"},"up":{"uv":[7.5,0,6.75,0.0625],"rotation":270,"texture":"#0"},"down":{"uv":[7.5,0,6.75,0.0625],"rotation":270,"texture":"#0"}}},{"from":[2,7,2],"to":[14,7,14],"faces":{"north":{"uv":[0,0,16,0],"texture":"#missing"},"east":{"uv":[0,0,16,0],"texture":"#missing"},"south":{"uv":[0,0,16,0],"texture":"#missing"},"west":{"uv":[0,0,16,0],"texture":"#missing"},"up":{"uv":[2,2,14,14],"texture":"#1"},"down":{"uv":[2,14,14,2],"texture":"#1"}}}],"display":{"thirdperson_righthand":{"translation":[0,2,0],"scale":[0.3,0.3,0.3]},"thirdperson_lefthand":{"translation":[0,2,0],"scale":[0.3,0.3,0.3]},"firstperson_righthand":{"rotation":[0,38.5,0],"translation":[1.25,2.5,0],"scale":[0.5,0.5,0.5]},"firstperson_lefthand":{"rotation":[0,38.5,0],"translation":[1.25,2.5,0],"scale":[0.5,0.5,0.5]},"ground":{"translation":[0,-1.25,0],"scale":[0.3,0.3,0.3]},"gui":{"rotation":[30,35,0],"translation":[0,0.25,0],"scale":[0.5,0.5,0.5]},"head":{"translation":[0,-30.5,0],"scale":[1.6,1.6,1.6]},"fixed":{"rotation":[-90,0,0],"translation":[0,0,-16],"scale":[2,2,2]}}}