{"credit":"magic_store_official","texture_size":[256,256],"textures":{"0":"magic_store:furnitures/blacksmith_pack/blacksmith","particle":"magic_store:furnitures/blacksmith_pack/blacksmith"},"elements":[{"from":[12,0,1],"to":[15,14,4],"rotation":{"angle":0,"axis":"y","origin":[13.5,7,2.5]},"faces":{"north":{"uv":[0.1875,5.75,0,6.625],"texture":"#0"},"east":{"uv":[0,5.75,0.1875,6.625],"texture":"#0"},"south":{"uv":[0.1875,5.75,0,6.625],"texture":"#0"},"west":{"uv":[0,5.75,0.1875,6.625],"texture":"#0"},"up":{"uv":[0.1875,6.625,0.125,6.5625],"rotation":270,"texture":"#0"},"down":{"uv":[0.1875,6.625,0.125,6.5625],"rotation":270,"texture":"#0"}}},{"from":[12,0,12],"to":[15,14,15],"faces":{"north":{"uv":[0,5.75,0.1875,6.625],"texture":"#0"},"east":{"uv":[0.1875,5.75,0,6.625],"texture":"#0"},"south":{"uv":[0,5.75,0.1875,6.625],"texture":"#0"},"west":{"uv":[0.1875,5.75,0,6.625],"texture":"#0"},"up":{"uv":[0.1875,6.625,0.125,6.5625],"rotation":270,"texture":"#0"},"down":{"uv":[0.1875,6.625,0.125,6.5625],"rotation":270,"texture":"#0"}}},{"from":[-15,0,12],"to":[-12,14,15],"rotation":{"angle":0,"axis":"y","origin":[13.5,7,8]},"faces":{"north":{"uv":[0.1875,5.75,0,6.625],"texture":"#0"},"east":{"uv":[0,5.75,0.1875,6.625],"texture":"#0"},"south":{"uv":[0.1875,5.75,0,6.625],"texture":"#0"},"west":{"uv":[0,5.75,0.1875,6.625],"texture":"#0"},"up":{"uv":[0.1875,6.625,0.125,6.5625],"rotation":270,"texture":"#0"},"down":{"uv":[0.1875,6.625,0.125,6.5625],"rotation":270,"texture":"#0"}}},{"from":[-15,0,1],"to":[-12,14,4],"rotation":{"angle":0,"axis":"y","origin":[13.5,7,8]},"faces":{"north":{"uv":[0,5.75,0.1875,6.625],"texture":"#0"},"east":{"uv":[0.1875,5.75,0,6.625],"texture":"#0"},"south":{"uv":[0,5.75,0.1875,6.625],"texture":"#0"},"west":{"uv":[0.1875,5.75,0,6.625],"texture":"#0"},"up":{"uv":[0.1875,6.625,0.125,6.5625],"rotation":270,"texture":"#0"},"down":{"uv":[0.1875,6.625,0.125,6.5625],"rotation":270,"texture":"#0"}}},{"from":[-16,14,11],"to":[16,16,16],"faces":{"north":{"uv":[0,6.625,2,6.75],"texture":"#0"},"east":{"uv":[0.5,6.5,0.8125,6.625],"texture":"#0"},"south":{"uv":[0,6.625,2,6.75],"texture":"#0"},"west":{"uv":[0.5,6.5,0.8125,6.625],"texture":"#0"},"up":{"uv":[0,7.0625,2,6.75],"texture":"#0"},"down":{"uv":[0,7.0625,2,7.375],"texture":"#0"}}},{"from":[-16,14,5],"to":[16,16,10],"faces":{"north":{"uv":[2,6.625,0,6.75],"texture":"#0"},"east":{"uv":[0.5,6.5,0.8125,6.625],"texture":"#0"},"south":{"uv":[2,6.625,0,6.75],"texture":"#0"},"west":{"uv":[0.5,6.5,0.8125,6.625],"texture":"#0"},"up":{"uv":[2,7.0625,0,6.75],"texture":"#0"},"down":{"uv":[0,7.0625,2,7.375],"texture":"#0"}}},{"from":[-16,14,0],"to":[16,16,4],"faces":{"north":{"uv":[0,6.625,2,6.75],"texture":"#0"},"east":{"uv":[0.8125,6.5,1.0625,6.625],"texture":"#0"},"south":{"uv":[0,6.625,2,6.75],"texture":"#0"},"west":{"uv":[0.8125,6.5,1.0625,6.625],"texture":"#0"},"up":{"uv":[2,7.625,0,7.375],"texture":"#0"},"down":{"uv":[2,7.875,0,7.625],"texture":"#0"}}},{"from":[7,12,-1],"to":[12,14,17],"faces":{"north":{"uv":[0.1875,6.5,0.5,6.625],"texture":"#0"},"east":{"uv":[1.3125,5.75,0.1875,5.875],"texture":"#0"},"south":{"uv":[0.1875,6.5,0.5,6.625],"texture":"#0"},"west":{"uv":[0.1875,5.75,1.3125,5.875],"texture":"#0"},"up":{"uv":[1.3125,6.1875,0.1875,5.875],"rotation":90,"texture":"#0"},"down":{"uv":[1.3125,6.5,0.1875,6.1875],"rotation":90,"texture":"#0"}}},{"from":[-12,12,-1],"to":[-7,14,17],"faces":{"north":{"uv":[0.1875,6.5,0.5,6.625],"texture":"#0"},"east":{"uv":[1.3125,5.75,0.1875,5.875],"texture":"#0"},"south":{"uv":[0.1875,6.5,0.5,6.625],"texture":"#0"},"west":{"uv":[0.1875,5.75,1.3125,5.875],"texture":"#0"},"up":{"uv":[1.3125,6.1875,0.1875,5.875],"rotation":90,"texture":"#0"},"down":{"uv":[1.3125,6.5,0.1875,6.1875],"rotation":90,"texture":"#0"}}},{"from":[-2.5,12,-1],"to":[2.5,14,17],"faces":{"north":{"uv":[0.1875,6.5,0.5,6.625],"texture":"#0"},"east":{"uv":[1.3125,5.75,0.1875,5.875],"texture":"#0"},"south":{"uv":[0.1875,6.5,0.5,6.625],"texture":"#0"},"west":{"uv":[0.1875,5.75,1.3125,5.875],"texture":"#0"},"up":{"uv":[1.3125,6.1875,0.1875,5.875],"rotation":90,"texture":"#0"},"down":{"uv":[1.3125,6.5,0.1875,6.1875],"rotation":90,"texture":"#0"}}},{"from":[-13,16.1,1],"to":[0,16.1,14],"faces":{"up":{"uv":[0.375,4.9375,1.1875,5.75],"texture":"#0"},"down":{"uv":[0.375,4.9375,1.1875,5.75],"texture":"#0"}}},{"from":[0,16,1],"to":[3,19,14],"faces":{"north":{"uv":[0.1875,5.5625,0.375,5.75],"texture":"#0"},"east":{"uv":[0,4.9375,0.1875,5.75],"rotation":90,"texture":"#0"},"south":{"uv":[0.1875,5.5625,0.375,5.75],"texture":"#0"},"west":{"uv":[0,4.9375,0.1875,5.75],"rotation":90,"texture":"#0"},"up":{"uv":[1.3125,5.6875,1.5,6.5],"texture":"#0"},"down":{"uv":[1.3125,5.6875,1.5,6.5],"texture":"#0"}}},{"from":[10.04583,16,5.72605],"to":[12.04583,20,7.72605],"rotation":{"angle":45,"axis":"y","origin":[11.72521,18,4.21456]},"faces":{"north":{"uv":[1.625,6.125,1.5,6.375],"texture":"#0"},"east":{"uv":[1.625,5.625,1.5,5.875],"texture":"#0"},"south":{"uv":[1.5,6.125,1.625,6.375],"texture":"#0"},"west":{"uv":[1.5,5.625,1.625,5.875],"texture":"#0"},"up":{"uv":[1.5,6.375,1.625,6.5],"texture":"#0"},"down":{"uv":[1.5,6.375,1.625,6.5],"texture":"#0"}}},{"from":[6.04583,16,5.72605],"to":[8.04583,20,7.72605],"rotation":{"angle":45,"axis":"y","origin":[11.72521,18,4.21456]},"faces":{"north":{"uv":[1.625,6.125,1.5,6.375],"texture":"#0"},"east":{"uv":[1.625,5.625,1.5,5.875],"texture":"#0"},"south":{"uv":[1.5,6.125,1.625,6.375],"texture":"#0"},"west":{"uv":[1.5,5.625,1.625,5.875],"texture":"#0"},"up":{"uv":[1.5,6.375,1.625,6.5],"texture":"#0"},"down":{"uv":[1.5,6.375,1.625,6.5],"texture":"#0"}}},{"from":[6.04583,16,3.72605],"to":[12.04583,20,5.72605],"rotation":{"angle":45,"axis":"y","origin":[11.72521,18,4.21456]},"faces":{"north":{"uv":[1.875,6.125,1.5,6.375],"texture":"#0"},"east":{"uv":[1.625,5.625,1.5,5.875],"texture":"#0"},"south":{"uv":[1.5,6.125,1.875,6.375],"texture":"#0"},"west":{"uv":[1.5,5.625,1.625,5.875],"texture":"#0"},"up":{"uv":[1.5,6.375,1.875,6.5],"texture":"#0"},"down":{"uv":[1.5,6.375,2,6.625],"texture":"#0"}}},{"from":[7.99038,17,-3.21114],"to":[9.99038,19,3.78886],"rotation":{"angle":45,"axis":"y","origin":[11.72521,18,4.21456]},"faces":{"north":{"uv":[1.0625,6.625,1.125,6.5],"rotation":90,"texture":"#0"},"east":{"uv":[1.5,6.5,1.0625,6.625],"texture":"#0"},"south":{"uv":[1.0625,6.5,1.125,6.625],"rotation":90,"texture":"#0"},"west":{"uv":[1.0625,6.625,1.5,6.5],"texture":"#0"},"up":{"uv":[1.0625,6.5,1.5,6.625],"rotation":90,"texture":"#0"},"down":{"uv":[1.5,6.625,1.0625,6.5],"rotation":90,"texture":"#0"}}},{"from":[7.25,17,11.25],"to":[14.25,19,13.25],"rotation":{"angle":22.5,"axis":"y","origin":[9,18,7.25]},"faces":{"north":{"uv":[1.0625,6.625,1.5,6.5],"texture":"#0"},"east":{"uv":[1.0625,6.625,1.125,6.5],"rotation":90,"texture":"#0"},"south":{"uv":[1.5,6.5,1.0625,6.625],"texture":"#0"},"west":{"uv":[1.0625,6.5,1.125,6.625],"rotation":90,"texture":"#0"},"up":{"uv":[1.0625,6.5,1.5,6.625],"rotation":180,"texture":"#0"},"down":{"uv":[1.5,6.625,1.0625,6.5],"texture":"#0"}}},{"from":[3.25,16,8.25],"to":[7.25,20,16.25],"rotation":{"angle":22.5,"axis":"y","origin":[9,18,7.25]},"faces":{"north":{"uv":[1.5,5.625,1.75,5.875],"texture":"#0"},"east":{"uv":[2,6.125,1.5,6.375],"texture":"#0"},"south":{"uv":[1.75,5.625,1.5,5.875],"texture":"#0"},"west":{"uv":[1.5,6.125,2,6.375],"texture":"#0"},"up":{"uv":[1.5,6.375,2,6.625],"rotation":90,"texture":"#0"},"down":{"uv":[1.5,6.375,2,6.625],"rotation":270,"texture":"#0"}}}],"display":{"thirdperson_righthand":{"rotation":[22.75,0,0],"translation":[3,1.25,0],"scale":[0.3,0.3,0.3]},"thirdperson_lefthand":{"rotation":[22.75,0,0],"translation":[-3,1.25,0],"scale":[0.3,0.3,0.3]},"firstperson_righthand":{"rotation":[0,-38.5,0],"translation":[1.75,0,0.25],"scale":[0.4,0.4,0.4]},"firstperson_lefthand":{"rotation":[0,-38.5,0],"translation":[1.75,0,0.25],"scale":[0.4,0.4,0.4]},"ground":{"translation":[0,-1.5,0],"scale":[0.3,0.3,0.3]},"gui":{"rotation":[30,35,0],"translation":[2.5,0.5,0],"scale":[0.4,0.4,0.4]},"head":{"translation":[0,-30.5,0],"scale":[1.6,1.6,1.6]},"fixed":{"rotation":[-90,0,0],"translation":[0,0,-16],"scale":[2,2,2]}}}