{"credit":"MadewithBlockbench","textures":{"0":"ec_npcs_pack:vfxs/npcslash4","particle":"ec_npcs_pack:vfxs/npcslash4"},"elements":[{"from":[0,7,0],"to":[16,7,16],"rotation":{"angle":0,"axis":"y","origin":[10,0,0]},"faces":{"north":{"uv":[0,0,16,0],"texture":"#missing"},"east":{"uv":[0,0,16,0],"texture":"#missing"},"south":{"uv":[0,0,16,0],"texture":"#missing"},"west":{"uv":[0,0,16,0],"texture":"#missing"},"up":{"uv":[0,0,16,16],"texture":"#0"},"down":{"uv":[0,16,16,0],"texture":"#0"}}}],"gui_light":"front","display":{"thirdperson_righthand":{"rotation":[90,0,0],"translation":[-4.5,4.75,0],"scale":[2,2,2]},"thirdperson_lefthand":{"rotation":[90,0,180],"translation":[-4.5,4.5,0],"scale":[2,2,2]},"gui":{"rotation":[90,0,0]},"head":{"rotation":[1,0,0],"translation":[0,-21,-8],"scale":[3,3,3]}}}