{"credit":"Made with Blockbench by yungwilder","texture_size":[32,32],"textures":{"1":"yungwilders:guardian_shovel"},"elements":[{"from":[7,2,7],"to":[9,11,9],"faces":{"north":{"uv":[8,3,9,7.5],"texture":"#1"},"east":{"uv":[4,8,5,12.5],"texture":"#1"},"south":{"uv":[5,8,6,12.5],"texture":"#1"},"west":{"uv":[6,8,7,12.5],"texture":"#1"},"up":{"uv":[12.5,5,11.5,4],"texture":"#1"},"down":{"uv":[12.5,5,11.5,6],"texture":"#1"}}},{"from":[7,11,7],"to":[9,20,9],"faces":{"north":{"uv":[7,8,8,12.5],"texture":"#1"},"east":{"uv":[8,7.5,9,12],"texture":"#1"},"south":{"uv":[9,3,10,7.5],"texture":"#1"},"west":{"uv":[9,7.5,10,12],"texture":"#1"},"up":{"uv":[12.5,7,11.5,6],"texture":"#1"},"down":{"uv":[12.5,7,11.5,8],"texture":"#1"}}},{"from":[4,18,6.5],"to":[12,21,9.5],"rotation":{"angle":0,"axis":"z","origin":[11,16.5,8.5]},"faces":{"north":{"uv":[0,3.5,4,5],"texture":"#1"},"east":{"uv":[10,0,11.5,1.5],"texture":"#1"},"south":{"uv":[4,3.5,8,5],"texture":"#1"},"west":{"uv":[10,1.5,11.5,3],"texture":"#1"},"up":{"uv":[4,6.5,0,5],"texture":"#1"},"down":{"uv":[8,5,4,6.5],"texture":"#1"}}},{"from":[1.07089,18.38372,8],"to":[5.07089,23.38372,8.05],"rotation":{"angle":-22.5,"axis":"z","origin":[3.57089,20.88372,6.525]},"faces":{"north":{"uv":[0,8,2,10.5],"texture":"#1"},"south":{"uv":[2,8,4,10.5],"texture":"#1"}}},{"from":[10.92911,18.38372,8],"to":[14.92911,23.38372,8.05],"rotation":{"angle":22.5,"axis":"z","origin":[12.42911,20.88372,6.525]},"faces":{"north":{"uv":[2,8,0,10.5],"texture":"#1"},"south":{"uv":[4,8,2,10.5],"texture":"#1"}}},{"from":[5,21,7.5],"to":[11,28,8.55],"rotation":{"angle":0,"axis":"z","origin":[11.75,24.25,7.0375]},"faces":{"north":{"uv":[0,0,3,3.5],"texture":"#1"},"east":{"uv":[3,10.5,3.5,14],"texture":"#1"},"south":{"uv":[3,0,6,3.5],"texture":"#1"},"west":{"uv":[3.5,10.5,4,14],"texture":"#1"},"up":{"uv":[14.5,0.5,11.5,0],"texture":"#1"},"down":{"uv":[14.5,0.5,11.5,1],"texture":"#1"}}},{"from":[4,15,6.5],"to":[12,18,9.5],"rotation":{"angle":0,"axis":"z","origin":[11,16.5,8.5]},"faces":{"north":{"uv":[6,0,10,1.5],"texture":"#1"},"east":{"uv":[10,3,11.5,4.5],"texture":"#1"},"south":{"uv":[6,1.5,10,3],"texture":"#1"},"west":{"uv":[10,4.5,11.5,6],"texture":"#1"},"up":{"uv":[4,8,0,6.5],"texture":"#1"},"down":{"uv":[8,6.5,4,8],"texture":"#1"}}},{"from":[4.025,15,9.475],"to":[11.975,18,6.525],"rotation":{"angle":0,"axis":"z","origin":[11,16.5,7.5]},"faces":{"north":{"uv":[10,1.5,6,3],"texture":"#1"},"east":{"uv":[11.5,3,10,4.5],"texture":"#1"},"south":{"uv":[10,0,6,1.5],"texture":"#1"},"west":{"uv":[11.5,4.5,10,6],"texture":"#1"},"up":{"uv":[4,6.5,0,8],"texture":"#1"},"down":{"uv":[8,8,4,6.5],"texture":"#1"}}},{"from":[6.5,0,6.5],"to":[9.5,3,9.5],"rotation":{"angle":45,"axis":"z","origin":[8,1.5,8]},"faces":{"north":{"uv":[10,6,11.5,7.5],"texture":"#1"},"east":{"uv":[10,7.5,11.5,9],"texture":"#1"},"south":{"uv":[10,9,11.5,10.5],"texture":"#1"},"west":{"uv":[0,10.5,1.5,12],"texture":"#1"},"up":{"uv":[3,12,1.5,10.5],"texture":"#1"},"down":{"uv":[11.5,10.5,10,12],"texture":"#1"}}},{"from":[6.5,3,6.5],"to":[8.5,4,9.5],"rotation":{"angle":45,"axis":"z","origin":[8,1.5,8]},"faces":{"north":{"uv":[11.5,8.5,12.5,9],"texture":"#1"},"east":{"uv":[6,3,7.5,3.5],"texture":"#1"},"south":{"uv":[11.5,9,12.5,9.5],"texture":"#1"},"west":{"uv":[11.5,8,13,8.5],"texture":"#1"},"up":{"uv":[12.5,2.5,11.5,1],"texture":"#1"},"down":{"uv":[12.5,2.5,11.5,4],"texture":"#1"}}}],"gui_light":"front","display":{"thirdperson_righthand":{"rotation":[0,-90,0],"translation":[0,-1,1.5],"scale":[0.9,0.9,0.9]},"thirdperson_lefthand":{"rotation":[0,90,0],"translation":[0,-1,1.5],"scale":[0.9,0.9,0.9]},"firstperson_righthand":{"rotation":[-20,-80,0],"scale":[0.65,0.65,0.65]},"firstperson_lefthand":{"rotation":[-20,100,0],"scale":[0.65,0.65,0.65]},"ground":{"rotation":[45,0,0],"scale":[0.35,0.35,0.35]},"gui":{"rotation":[20,-20,-45],"translation":[-2.5,-2.5,0],"scale":[0.65,0.65,0.65]},"head":{"rotation":[0,0,-125],"translation":[-4,14,0]},"fixed":{"rotation":[0,0,45],"translation":[4,-4,-1],"scale":[0.8,0.8,0.8]}}}