{"credit":"Made with Blockbench by yungwilder","texture_size":[64,64],"textures":{"0":"yungwilders:guardian_sword","particle":"yungwilders:guardian_sword"},"elements":[{"from":[7.125,2,7.125],"to":[8.875,11,8.875],"faces":{"north":{"uv":[3.75,3,4.25,5.25],"texture":"#0"},"east":{"uv":[1.5,4,2,6.25],"texture":"#0"},"south":{"uv":[3.75,3,4.25,5.25],"texture":"#0"},"west":{"uv":[1.5,4,2,6.25],"texture":"#0"},"up":{"uv":[5,2,4.5,1.5],"texture":"#0"},"down":{"uv":[5.75,0.5,5.25,1],"texture":"#0"}}},{"from":[4.4375,8,7.125],"to":[6.1875,17,8.875],"rotation":{"angle":22.5,"axis":"z","origin":[3,15.5,8]},"faces":{"north":{"uv":[8.5,0,8,2.25],"texture":"#0"},"east":{"uv":[8,0,8.5,2.25],"texture":"#0"},"south":{"uv":[8.5,0,8,2.25],"texture":"#0"},"west":{"uv":[8,0,8.5,2.25],"texture":"#0"},"up":{"uv":[5,2,4.5,1.5],"texture":"#0"},"down":{"uv":[8.5,2.5,8,3],"texture":"#0"}}},{"from":[2.57193,11.23604,7.125],"to":[11.57193,12.98604,8.875],"rotation":{"angle":-22.5,"axis":"z","origin":[5.07193,13.11104,8]},"faces":{"north":{"uv":[8.5,0,8,2.25],"rotation":90,"texture":"#0"},"east":{"uv":[8.5,2.5,8,3],"rotation":270,"texture":"#0"},"south":{"uv":[8.5,0,8,2.25],"rotation":270,"texture":"#0"},"west":{"uv":[5,2,4.5,1.5],"rotation":270,"texture":"#0"},"up":{"uv":[8,0,8.5,2.25],"rotation":270,"texture":"#0"},"down":{"uv":[8,0,8.5,2.25],"rotation":270,"texture":"#0"}}},{"from":[6,13,7.5],"to":[10,30,8.5],"rotation":{"angle":0,"axis":"y","origin":[0,1,0]},"faces":{"north":{"uv":[0,0,1,4.25],"texture":"#0"},"east":{"uv":[2,4,2.25,8.25],"texture":"#0"},"south":{"uv":[1,0,0,4.25],"texture":"#0"},"west":{"uv":[2.25,4,2.5,8.25],"texture":"#0"},"up":{"uv":[6.25,1.25,5.25,1],"texture":"#0"},"down":{"uv":[6.25,1.25,5.25,1.5],"texture":"#0"}}},{"from":[6.58611,28.585,7.525],"to":[9.41611,31.415,8.475],"rotation":{"angle":45,"axis":"z","origin":[8.00111,30,8]},"faces":{"north":{"uv":[2.5,4,3.5,5],"texture":"#0"},"east":{"uv":[3.5,4,3.75,5],"texture":"#0"},"south":{"uv":[3.5,4,2.5,5],"texture":"#0"},"west":{"uv":[4.75,5,5,6],"texture":"#0"},"up":{"uv":[6.25,0.25,5.25,0],"texture":"#0"},"down":{"uv":[6.25,0.25,5.25,0.5],"texture":"#0"}}},{"from":[10,13,7.975],"to":[13,30,8.025],"rotation":{"angle":0,"axis":"y","origin":[0,1,0]},"faces":{"north":{"uv":[7.25,0,8,4.25],"texture":"#0"},"south":{"uv":[8,0,7.25,4.25],"texture":"#0"}}},{"from":[9,11,6.5],"to":[12,19,9.5],"rotation":{"angle":-45,"axis":"z","origin":[8,15,8]},"faces":{"north":{"uv":[1.5,0,2.25,2],"texture":"#0"},"east":{"uv":[1.5,2,2.25,4],"texture":"#0"},"south":{"uv":[2.25,0,1.5,2],"texture":"#0"},"west":{"uv":[2.25,0,3,2],"texture":"#0"},"up":{"uv":[1.5,5.5,0.75,4.75],"texture":"#0"},"down":{"uv":[5.75,1.5,5,2.25],"texture":"#0"}}},{"from":[12,11,6.5],"to":[15,19,9.5],"rotation":{"angle":-45,"axis":"z","origin":[8,15,8]},"faces":{"north":{"uv":[2.25,2,3,4],"texture":"#0"},"east":{"uv":[3,0,3.75,2],"texture":"#0"},"south":{"uv":[3,2,3.75,4],"texture":"#0"},"west":{"uv":[3.75,0,4.5,2],"texture":"#0"},"up":{"uv":[5.75,3,5,2.25],"texture":"#0"},"down":{"uv":[3.25,5,2.5,5.75],"texture":"#0"}}},{"from":[12,11.025,9.475],"to":[15,18.975,6.525],"rotation":{"angle":-45,"axis":"z","origin":[8,15,8]},"faces":{"north":{"uv":[3.75,2,3,4],"texture":"#0"},"east":{"uv":[3.75,0,3,2],"texture":"#0"},"south":{"uv":[3,2,2.25,4],"texture":"#0"},"west":{"uv":[4.5,0,3.75,2],"texture":"#0"},"up":{"uv":[5.75,2.25,5,3],"texture":"#0"},"down":{"uv":[3.25,5.75,2.5,5],"texture":"#0"}}},{"from":[3,11,7],"to":[8,15,9],"rotation":{"angle":45,"axis":"z","origin":[8,15,8]},"faces":{"north":{"uv":[5,2,3.75,3],"texture":"#0"},"east":{"uv":[3.25,5,3.75,6],"texture":"#0"},"south":{"uv":[3.75,2,5,3],"texture":"#0"},"west":{"uv":[5,3.5,5.5,4.5],"texture":"#0"},"up":{"uv":[1.25,4.75,0,4.25],"texture":"#0"},"down":{"uv":[5.5,3,4.25,3.5],"texture":"#0"}}},{"from":[6.5,0,6.5],"to":[9.5,3,9.5],"rotation":{"angle":45,"axis":"z","origin":[8,1.5,8]},"faces":{"north":{"uv":[4.25,3.5,5,4.25],"texture":"#0"},"east":{"uv":[4.25,4.25,5,5],"texture":"#0"},"south":{"uv":[4.25,3.5,5,4.25],"texture":"#0"},"west":{"uv":[4.5,0,5.25,0.75],"texture":"#0"},"up":{"uv":[5.25,1.5,4.5,0.75],"texture":"#0"},"down":{"uv":[0.75,4.75,0,5.5],"texture":"#0"}}},{"from":[6.5,3,6.5],"to":[8.5,4,9.5],"rotation":{"angle":45,"axis":"z","origin":[8,1.5,8]},"faces":{"north":{"uv":[3.75,5.25,4.25,5.5],"texture":"#0"},"east":{"uv":[5,5.25,5.75,5.5],"texture":"#0"},"south":{"uv":[0.75,5.5,1.25,5.75],"texture":"#0"},"west":{"uv":[0,5.5,0.75,5.75],"texture":"#0"},"up":{"uv":[4.75,5.75,4.25,5],"texture":"#0"},"down":{"uv":[5.5,4.5,5,5.25],"texture":"#0"}}}],"gui_light":"front","display":{"thirdperson_righthand":{"rotation":[0,-90,0],"translation":[0,0,1.5],"scale":[0.9,0.9,0.9]},"thirdperson_lefthand":{"rotation":[0,90,0],"translation":[0,0,1.5],"scale":[0.9,0.9,0.9]},"firstperson_righthand":{"rotation":[-20,-80,0],"scale":[0.65,0.65,0.65]},"firstperson_lefthand":{"rotation":[-20,100,0],"scale":[0.65,0.65,0.65]},"ground":{"rotation":[45,0,0],"scale":[0.35,0.35,0.35]},"gui":{"rotation":[20,-20,-45],"translation":[-2.5,-2.5,0],"scale":[0.65,0.65,0.65]},"head":{"rotation":[0,0,-125],"translation":[-4,14,0]},"fixed":{"rotation":[0,0,45],"translation":[4,-4,-1],"scale":[0.8,0.8,0.8]}}}