{"parent":"minecraft:item/handheld","textures":{"layer0":"minecraft:item/diamond_axe"},"overrides":[{"predicate":{"custom_model_data":10000},"model":"jeqo:gem_set/red_gem_axe"},{"predicate":{"custom_model_data":10001},"model":"jeqo:gem_set/blue_gem_axe"},{"predicate":{"custom_model_data":10002},"model":"jeqo:gem_set/green_gem_axe"},{"predicate":{"custom_model_data":10003},"model":"jeqo:gem_set/pink_gem_axe"},{"predicate":{"custom_model_data":10004},"model":"jeqo:gem_set/purple_gem_axe"},{"predicate":{"custom_model_data":10005},"model":"jeqo:gem_set/gray_gem_axe"},{"predicate":{"custom_model_data":10006},"model":"elitecreatures:verdant_animated/axe"},{"predicate":{"custom_model_data":10007},"model":"mimix:tools/phantom_axe"},{"predicate":{"custom_model_data":10009},"model":"guardiansset:elder_guardian_axe"},{"predicate":{"custom_model_data":10010},"model":"warden_set:ia_auto_gen/warden_axe"},{"predicate":{"custom_model_data":10011},"model":"item/diamond_axe"}]}