{"parent":"minecraft:item/generated","textures":{"layer0":"minecraft:item/golden_horse_armor"},"overrides":[{"predicate":{"custom_model_data":10001},"model":"customcrops:item/wateringcans/watering_can_1"},{"predicate":{"custom_model_data":10002},"model":"customcrops:item/wateringcans/watering_can_2"},{"predicate":{"custom_model_data":10003},"model":"customcrops:item/wateringcans/watering_can_3"},{"predicate":{"custom_model_data":10004},"model":"customcrops:item/wateringcans/watering_can_4"},{"predicate":{"custom_model_data":10005},"model":"item/golden_horse_armor"}]}