{"parent":"minecraft:item/handheld","textures":{"layer0":"minecraft:item/iron_shovel"},"overrides":[{"predicate":{"custom_model_data":10000},"model":"elitecreatures:seaturtle_animated_weapon_set/shovel"},{"predicate":{"custom_model_data":10001},"model":"elitecreatures:nature_goddess_animated_weapon_set/shovel"},{"predicate":{"custom_model_data":10002},"model":"fiendskullset:shovel"},{"predicate":{"custom_model_data":10003},"model":"protocalset:shovel"},{"predicate":{"custom_model_data":10004},"model":"evergreenset:shovel"},{"predicate":{"custom_model_data":10005},"model":"piratepack:shovel"},{"predicate":{"custom_model_data":10006},"model":"oceanset:shovel"},{"predicate":{"custom_model_data":10007},"model":"discordnitroset:shovel"},{"predicate":{"custom_model_data":10008},"model":"octopus_animated_weapon_set:shovel"},{"predicate":{"custom_model_data":10009},"model":"summerset:shovel"},{"predicate":{"custom_model_data":10010},"model":"islander_set:shovel"},{"predicate":{"custom_model_data":10011},"model":"tools_and_armours_2:ia_auto_gen/rogue_shovel"},{"predicate":{"custom_model_data":10012},"model":"tools_and_armours_2:ia_auto_gen/titansteel_shovel"},{"predicate":{"custom_model_data":10013},"model":"tools_and_armours_2:ia_auto_gen/ultragold_shovel"},{"predicate":{"custom_model_data":10014},"model":"item/iron_shovel"}]}