{"parent":"minecraft:item/handheld","textures":{"layer0":"minecraft:item/iron_pickaxe"},"overrides":[{"predicate":{"custom_model_data":10000},"model":"elitecreatures:seaturtle_animated_weapon_set/pickaxe"},{"predicate":{"custom_model_data":10001},"model":"elitecreatures:nature_goddess_animated_weapon_set/pickaxe"},{"predicate":{"custom_model_data":10002},"model":"fiendskullset:pickaxe"},{"predicate":{"custom_model_data":10003},"model":"protocalset:pickaxe"},{"predicate":{"custom_model_data":10004},"model":"evergreenset:pickaxe"},{"predicate":{"custom_model_data":10005},"model":"piratepack:pickaxe"},{"predicate":{"custom_model_data":10006},"model":"oceanset:pickaxe"},{"predicate":{"custom_model_data":10007},"model":"discordnitroset:pickaxe"},{"predicate":{"custom_model_data":10008},"model":"octopus_animated_weapon_set:pickaxe"},{"predicate":{"custom_model_data":10009},"model":"summerset:pickaxe"},{"predicate":{"custom_model_data":10010},"model":"islander_set:pickaxe"},{"predicate":{"custom_model_data":10011},"model":"tools_and_armours_2:ia_auto_gen/rogue_pickaxe"},{"predicate":{"custom_model_data":10012},"model":"tools_and_armours_2:ia_auto_gen/titansteel_pickaxe"},{"predicate":{"custom_model_data":10013},"model":"tools_and_armours_2:ia_auto_gen/ultragold_pickaxe"},{"predicate":{"custom_model_data":10014},"model":"item/iron_pickaxe"}]}