{"parent":"minecraft:item/generated","textures":{"layer0":"minecraft:item/kelp"},"overrides":[{"predicate":{"custom_model_data":10000},"model":"elitecreatures:verdant_animated/backpack"},{"predicate":{"custom_model_data":10001},"model":"elitecreatures:verdant_animated/backpack_normal"},{"predicate":{"custom_model_data":10002},"model":"elitecreatures:verdant_animated/backpack_normal_2"},{"predicate":{"custom_model_data":10003},"model":"elitecreatures:verdant_animated/backpack_self"},{"predicate":{"custom_model_data":10004},"model":"elitecreatures:verdant_animated/backpack_self_2"},{"predicate":{"custom_model_data":10005},"model":"elitecreatures:verdant_animated/helmet"},{"predicate":{"custom_model_data":10006},"model":"elitecreatures:verdant_animated/key"},{"predicate":{"custom_model_data":10007},"model":"elitecreatures:verdant_animated/wings"},{"predicate":{"custom_model_data":10008},"model":"elitecreatures:verdant_animated/wings_self_2"},{"predicate":{"custom_model_data":10009},"model":"elitecreatures:verdant_animated/wings_normal"},{"predicate":{"custom_model_data":10010},"model":"elitecreatures:verdant_animated/wings_normal_2"},{"predicate":{"custom_model_data":10011},"model":"elitecreatures:verdant_animated/wings_self"},{"predicate":{"custom_model_data":10012},"model":"item/kelp"}]}