{"parent":"item/generated","textures":{"layer0":"item/leather_helmet","layer1":"item/leather_helmet_overlay"},"overrides":[{"predicate":{"custom_model_data":2051},"model":"elitecreatures:ia_auto_gen/seaturtle_animated_weapon_set_helmet"},{"predicate":{"custom_model_data":2052},"model":"elitecreatures:ia_auto_gen/nature_goddess_animated_weapon_set_helmet"},{"predicate":{"custom_model_data":2053},"model":"fiendskullset:ia_auto_gen/fiendskullhelmet"},{"predicate":{"custom_model_data":2054},"model":"protocalset:ia_auto_gen/protocalhat"},{"predicate":{"custom_model_data":2055},"model":"discordnitroset:ia_auto_gen/discordnitro_helmet_icon"},{"predicate":{"custom_model_data":2056},"model":"octopus_animated_weapon_set:ia_auto_gen/octopushelmet"},{"predicate":{"custom_model_data":2057},"model":"elitecreatures:ia_auto_gen/verdant_animated-helmet"},{"predicate":{"custom_model_data":2058},"model":"mimix:ia_auto_gen/phantom_helmet"},{"predicate":{"custom_model_data":2059},"model":"summerset:ia_auto_gen/summerhelmet"},{"predicate":{"custom_model_data":91302},"model":"res_class_set_2:ia_auto_gen/martial_artist_helmet"},{"predicate":{"custom_model_data":91303},"model":"tools_and_armours_2:ia_auto_gen/rogue_helmet"},{"predicate":{"custom_model_data":91304},"model":"tools_and_armours_2:ia_auto_gen/titansteel_helmet"},{"predicate":{"custom_model_data":91305},"model":"tools_and_armours_2:ia_auto_gen/ultragold_helmet"},{"predicate":{"custom_model_data":91306},"model":"warden_set:ia_auto_gen/warden_helmet"},{"predicate":{"custom_model_data":91307},"model":"yungwilders:elder_guardian_helmet"},{"predicate":{"custom_model_data":91308},"model":"yungwilders:guardian_helmet"},{"predicate":{"custom_model_data":91392},"model":"res_class_set_2:ia_auto_gen/dragon_warrior_helmet"},{"predicate":{"custom_model_data":91501},"model":"res_class_set_2:ia_auto_gen/necromancer_helmet"},{"predicate":{"custom_model_data":91503},"model":"res_class_set_2:ia_auto_gen/shaman_helmet"},{"predicate":{"custom_model_data":91504},"model":"item/leather_helmet"}]}