{"parent":"minecraft:item/handheld","textures":{"layer0":"minecraft:item/netherite_axe"},"overrides":[{"predicate":{"custom_model_data":10000},"model":"adventurer_waraxes:item/axe_of_entombed"},{"predicate":{"custom_model_data":10001},"model":"adventurer_waraxes:item/axe_of_the_forest"},{"predicate":{"custom_model_data":10002},"model":"adventurer_waraxes:item/basalt_axe"},{"predicate":{"custom_model_data":10003},"model":"adventurer_waraxes:item/cleric_axe"},{"predicate":{"custom_model_data":10004},"model":"adventurer_waraxes:item/demonic_axe"},{"predicate":{"custom_model_data":10005},"model":"adventurer_waraxes:item/flamaxe"},{"predicate":{"custom_model_data":10006},"model":"adventurer_waraxes:item/flame_axe"},{"predicate":{"custom_model_data":10007},"model":"adventurer_waraxes:item/gatekeeper_axe"},{"predicate":{"custom_model_data":10008},"model":"adventurer_waraxes:item/gem_axe"},{"predicate":{"custom_model_data":10009},"model":"adventurer_waraxes:item/geode_axe"},{"predicate":{"custom_model_data":10010},"model":"yungwilders:elder_guardian_axe"},{"predicate":{"custom_model_data":10011},"model":"yungwilders:guardian_axe"},{"predicate":{"custom_model_data":10012},"model":"item/netherite_axe"}]}