{"parent":"minecraft:item/generated","textures":{"layer0":"minecraft:item/sugar"},"overrides":[{"predicate":{"custom_model_data":1000},"model":"daily_quest:ia_auto_gen/reward"},{"predicate":{"custom_model_data":1001},"model":"daily_quest:ia_auto_gen/easy_quest"},{"predicate":{"custom_model_data":1002},"model":"daily_quest:ia_auto_gen/medium_quest"},{"predicate":{"custom_model_data":1003},"model":"daily_quest:ia_auto_gen/hard_quest"},{"predicate":{"custom_model_data":1004},"model":"daily_quest:ia_auto_gen/rookie_badge"},{"predicate":{"custom_model_data":1005},"model":"daily_quest:ia_auto_gen/beginner_badge"},{"predicate":{"custom_model_data":1006},"model":"daily_quest:ia_auto_gen/advanced_badge"},{"predicate":{"custom_model_data":1008},"model":"daily_quest:ia_auto_gen/locked_badge"},{"predicate":{"custom_model_data":1009},"model":"daily_quest:ia_auto_gen/pro_badge"},{"predicate":{"custom_model_data":1010},"model":"daily_quest:ia_auto_gen/expert_badge"},{"predicate":{"custom_model_data":1011},"model":"daily_quest:ia_auto_gen/skilled_badge"},{"predicate":{"custom_model_data":1012},"model":"daily_quest:ia_auto_gen/legend_badge"},{"predicate":{"custom_model_data":1013},"model":"daily_quest:ia_auto_gen/master_badge"},{"predicate":{"custom_model_data":1101},"model":"daily_quest:ia_auto_gen/button_leaderboard"},{"predicate":{"custom_model_data":1102},"model":"daily_quest:ia_auto_gen/button_badges"},{"predicate":{"custom_model_data":1103},"model":"daily_quest:ia_auto_gen/arrow_left"},{"predicate":{"custom_model_data":1104},"model":"daily_quest:ia_auto_gen/arrow_right"},{"predicate":{"custom_model_data":1105},"model":"item/sugar"}]}