{"credit":"Made with Blockbench","texture_size":[32,32],"textures":{"0":"pirates_cosmetic:hands/bottle","1":"pirates_cosmetic:particles/bubbles","particle":"pirates_cosmetic:hands/bottle"},"elements":[{"from":[2,0,1.9],"to":[11,5,1.9],"faces":{"north":{"uv":[0,5,4.5,7.5],"texture":"#0"},"east":{"uv":[0,0,0,2.5],"texture":"#missing"},"south":{"uv":[0,5,4.5,7.5],"texture":"#0"},"west":{"uv":[0,0,0,2.5],"texture":"#missing"},"up":{"uv":[0,0,4.5,0],"texture":"#missing"},"down":{"uv":[0,0,4.5,0],"texture":"#missing"}}},{"from":[2,0,11.01],"to":[11,5,11.01],"faces":{"north":{"uv":[0,5,4.5,7.5],"texture":"#0"},"east":{"uv":[0,0,0,2.5],"texture":"#missing"},"south":{"uv":[0,5,4.5,7.5],"texture":"#0"},"west":{"uv":[0,0,0,2.5],"texture":"#missing"},"up":{"uv":[0,0,4.5,0],"texture":"#missing"},"down":{"uv":[0,0,4.5,0],"texture":"#missing"}}},{"from":[2,-3,2],"to":[11,9,11],"faces":{"north":{"uv":[5,4,9.5,10],"texture":"#0"},"east":{"uv":[5,4,9.5,10],"texture":"#0"},"south":{"uv":[5,4,9.5,10],"texture":"#0"},"west":{"uv":[5,4,9.5,10],"texture":"#0"},"up":{"uv":[5,6,9.5,10],"texture":"#0"},"down":{"uv":[5,5.5,9.5,9.5],"texture":"#0"}}},{"from":[3,9,3],"to":[10,10,10],"faces":{"north":{"uv":[5.5,3.5,9,4],"texture":"#0"},"east":{"uv":[5.5,3.5,9,4],"texture":"#0"},"south":{"uv":[5.5,3.5,9,4],"texture":"#0"},"west":{"uv":[5.5,3.5,9,4],"texture":"#0"},"up":{"uv":[5.5,4.5,9,8],"texture":"#0"},"down":{"uv":[9,0.5,12.5,4],"texture":"#0"}}},{"from":[5,10,5],"to":[8,16,8],"faces":{"north":{"uv":[6.5,0,8,3.5],"texture":"#0"},"east":{"uv":[6.5,0,8,3.5],"texture":"#0"},"south":{"uv":[6.5,0,8,3.5],"texture":"#0"},"west":{"uv":[6.5,0,8,3.5],"texture":"#0"},"up":{"uv":[6.5,0,8,3.5],"texture":"#0"},"down":{"uv":[6.5,0,8,3.5],"texture":"#0"}}},{"from":[5.1,15,5.1],"to":[7.9,18,7.9],"faces":{"north":{"uv":[4,0,5.5,1.5],"texture":"#0"},"east":{"uv":[4,0,5.5,1.5],"texture":"#0"},"south":{"uv":[4,0,5.5,1.5],"texture":"#0"},"west":{"uv":[4,0,5.5,1.5],"texture":"#0"},"up":{"uv":[4,0,5.5,1.5],"texture":"#0"},"down":{"uv":[4,0,5.5,1.5],"texture":"#0"}}},{"from":[3,-2,3],"to":[10,7,10],"faces":{"north":{"uv":[0.5,0.5,4,5],"texture":"#0"},"east":{"uv":[0.5,0.5,4,5],"texture":"#0"},"south":{"uv":[0.5,0.5,4,5],"texture":"#0"},"west":{"uv":[0.5,0.5,4,5],"texture":"#0"},"up":{"uv":[0.5,0.5,4,4],"texture":"#0"},"down":{"uv":[0.5,0.5,4,3.5],"texture":"#0"}}},{"from":[4,7,4],"to":[9,8,9],"faces":{"north":{"uv":[1.5,0,3,0.5],"texture":"#0"},"east":{"uv":[1.5,0,3,0.5],"texture":"#0"},"south":{"uv":[1.5,0,3,0.5],"texture":"#0"},"west":{"uv":[1.5,0,3,0.5],"texture":"#0"},"up":{"uv":[1.5,0,3,1.5],"texture":"#0"},"down":{"uv":[1.5,0,3,0.5],"texture":"#0"}}},{"from":[5,7,5],"to":[8,9,8],"faces":{"north":{"uv":[1.5,0,3,0.5],"texture":"#0"},"east":{"uv":[1.5,0,3,0.5],"texture":"#0"},"south":{"uv":[1.5,0,3,0.5],"texture":"#0"},"west":{"uv":[1.5,0,3,0.5],"texture":"#0"},"up":{"uv":[1.5,0,3,1.5],"texture":"#0"},"down":{"uv":[1.5,0,3,0.5],"texture":"#0"}}},{"from":[6,5,6],"to":[7,11,7],"faces":{"north":{"uv":[1.5,0,3,0.5],"texture":"#0"},"east":{"uv":[1.5,0,3,0.5],"texture":"#0"},"south":{"uv":[1.5,0,3,0.5],"texture":"#0"},"west":{"uv":[1.5,0,3,0.5],"texture":"#0"},"up":{"uv":[1.5,0,3,1.5],"texture":"#0"},"down":{"uv":[1.5,0,3,0.5],"texture":"#0"}}},{"from":[11.01,0,2],"to":[11.01,5,11],"faces":{"north":{"uv":[0,5,4.5,7.5],"texture":"#0"},"east":{"uv":[0,5,4.5,7.5],"texture":"#0"},"south":{"uv":[0,5,4.5,7.5],"texture":"#0"},"west":{"uv":[0,5,4.5,7.5],"texture":"#0"},"up":{"uv":[0,5,4.5,7.5],"texture":"#0"},"down":{"uv":[0,5,4.5,7.5],"texture":"#0"}}},{"from":[1.99,0,2],"to":[1.99,5,11],"faces":{"north":{"uv":[0,5,4.5,7.5],"texture":"#0"},"east":{"uv":[0,5,4.5,7.5],"texture":"#0"},"south":{"uv":[0,5,4.5,7.5],"texture":"#0"},"west":{"uv":[0,5,4.5,7.5],"texture":"#0"},"up":{"uv":[0,5,4.5,7.5],"texture":"#0"},"down":{"uv":[0,5,4.5,7.5],"texture":"#0"}}},{"from":[3,15,6],"to":[10,22,6],"faces":{"north":{"uv":[16,0,0,16],"texture":"#1"},"east":{"uv":[0,0,16,16],"texture":"#1"},"south":{"uv":[0,0,16,16],"texture":"#1"},"west":{"uv":[0,0,16,16],"texture":"#1"},"up":{"uv":[0,0,16,16],"texture":"#1"},"down":{"uv":[0,0,16,16],"texture":"#1"}}},{"from":[-2,21,6],"to":[8,31,6],"rotation":{"angle":-22.5,"axis":"z","origin":[6.5,25,6]},"faces":{"north":{"uv":[16,0,0,16],"texture":"#1"},"east":{"uv":[0,0,16,16],"texture":"#1"},"south":{"uv":[0,0,16,16],"texture":"#1"},"west":{"uv":[0,0,16,16],"texture":"#1"},"up":{"uv":[0,0,16,16],"texture":"#1"},"down":{"uv":[0,0,16,16],"texture":"#1"}}},{"from":[6.5,19,1.5],"to":[6.5,27,10.5],"rotation":{"angle":0,"axis":"y","origin":[6.5,25,6]},"faces":{"north":{"uv":[0,0,16,16],"texture":"#1"},"east":{"uv":[16,0,0,16],"texture":"#1"},"south":{"uv":[0,0,16,16],"texture":"#1"},"west":{"uv":[0,0,16,16],"texture":"#1"},"up":{"uv":[0,0,16,16],"rotation":90,"texture":"#1"},"down":{"uv":[0,0,16,16],"rotation":270,"texture":"#1"}}}],"gui_light":"front","display":{"thirdperson_righthand":{"rotation":[129.01,88.54,-91.64],"translation":[1,1.25,0],"scale":[0.45898,0.45898,0.4707]},"thirdperson_lefthand":{"rotation":[105.66,-86.45,64.67],"translation":[-0.5,2,0.25],"scale":[0.45898,0.45898,0.4707]},"firstperson_righthand":{"rotation":[-159.72,79.71,148.74],"translation":[10,1,-6],"scale":[0.35156,0.35156,0.35156]},"firstperson_lefthand":{"rotation":[175.83,-82.98,-146.71],"translation":[8.75,-1.25,-6],"scale":[0.35156,0.35156,0.35156]},"ground":{"rotation":[-8.26,-51.11,-0.97],"translation":[0,6,0],"scale":[0.41602,0.41602,0.41602]},"gui":{"rotation":[-177.99,-69.67,-178.66],"translation":[-1.5,-0.5,0],"scale":[0.5332,0.5332,0.5332]},"head":{"translation":[0,15.75,0]},"fixed":{"rotation":[0,89.75,0],"translation":[-0.75,-6.25,-0.5],"scale":[0.72461,0.72461,0.72461]}}}