{"credit":"Made with Blockbench","texture_size":[64,64],"textures":{"0":"pirates_cosmetic:hands/flag","particle":"pirates_cosmetic:hands/flag"},"elements":[{"from":[-0.8,-16,0.4],"to":[1.5,-4,2.7],"faces":{"north":{"uv":[0.5,10.5,1.25,14.25],"texture":"#0"},"east":{"uv":[0.5,10.5,1.25,14.25],"texture":"#0"},"south":{"uv":[0.5,10.5,1.25,14.25],"texture":"#0"},"west":{"uv":[0.5,10.5,1.25,14.25],"texture":"#0"},"up":{"uv":[0.5,13.5,1.25,14.25],"texture":"#0"},"down":{"uv":[0.5,10.5,1.25,14.25],"texture":"#0"}}},{"from":[0,-13,1],"to":[1,32,2],"faces":{"north":{"uv":[0.75,0.25,1,14.25],"texture":"#0"},"east":{"uv":[0.75,0.25,1,14.25],"texture":"#0"},"south":{"uv":[0.75,0.25,1,14.25],"texture":"#0"},"west":{"uv":[0.75,0.25,1,14.25],"texture":"#0"},"up":{"uv":[0.75,0.25,1,14.25],"texture":"#0"},"down":{"uv":[0.75,0.25,1,14.25],"texture":"#0"}}},{"from":[-2,-16,-1],"to":[3,-13,4],"faces":{"north":{"uv":[0,14.25,1.75,15.5],"texture":"#0"},"east":{"uv":[0,14.25,1.75,15.5],"texture":"#0"},"south":{"uv":[0,14.25,1.75,15.5],"texture":"#0"},"west":{"uv":[0,14.25,1.75,15.5],"texture":"#0"},"up":{"uv":[0,14.25,1.75,15.5],"texture":"#0"},"down":{"uv":[0,15.25,0.25,15.5],"texture":"#0"}}},{"from":[0,25,-11],"to":[1,26,14],"rotation":{"angle":0,"axis":"y","origin":[0,-6,0]},"faces":{"north":{"uv":[1.5,3.25,8,3.5],"texture":"#0"},"east":{"uv":[1.5,3.25,8,3.5],"texture":"#0"},"south":{"uv":[1.5,3.25,8,3.5],"texture":"#0"},"west":{"uv":[1.5,3.25,8,3.5],"texture":"#0"},"up":{"uv":[0.75,1,1,6.5],"texture":"#0"},"down":{"uv":[0.75,0.75,1,6],"texture":"#0"}}},{"from":[2,17,-12],"to":[2,25,14],"rotation":{"angle":22.5,"axis":"z","origin":[1,21.5,1]},"faces":{"north":{"uv":[1.5,3.75,8,5.75],"texture":"#0"},"east":{"uv":[1.5,3.75,8,5.75],"texture":"#0"},"south":{"uv":[1.5,3.75,8,5.75],"texture":"#0"},"west":{"uv":[1.5,3.75,8,5.75],"texture":"#0"},"up":{"uv":[1.5,3.75,8,5.75],"texture":"#0"},"down":{"uv":[1.5,3.75,8,5.75],"texture":"#0"}}},{"from":[3.7,8.8,-12],"to":[3.7,17.8,14],"rotation":{"angle":0,"axis":"y","origin":[0,-6,0]},"faces":{"north":{"uv":[1.5,5.75,8,8],"texture":"#0"},"east":{"uv":[1.5,5.75,8,8],"texture":"#0"},"south":{"uv":[1.5,5.75,8,8],"texture":"#0"},"west":{"uv":[1.5,5.75,8,8],"texture":"#0"},"up":{"uv":[1.5,5.75,8,8],"texture":"#0"},"down":{"uv":[1.5,5.75,8,8],"texture":"#0"}}},{"from":[2.4,1.6,-12],"to":[2.4,8.6,14],"rotation":{"angle":-22.5,"axis":"z","origin":[3.7,5.3,1]},"faces":{"north":{"uv":[1.5,8.25,8,10],"texture":"#0"},"east":{"uv":[1.5,8.25,8,10],"texture":"#0"},"south":{"uv":[1.5,8.25,8,10],"texture":"#0"},"west":{"uv":[1.5,8.25,8,10],"texture":"#0"},"up":{"uv":[1.5,8.25,8,10],"texture":"#0"},"down":{"uv":[1.5,8.25,8,10],"texture":"#0"}}},{"from":[1,26,-10],"to":[1,32,13],"faces":{"north":{"uv":[2,1.75,7.5,3.25],"texture":"#0"},"east":{"uv":[2,1.75,7.5,3.25],"texture":"#0"},"south":{"uv":[2,1.75,7.5,3.25],"texture":"#0"},"west":{"uv":[2,1.75,7.5,3.25],"texture":"#0"},"up":{"uv":[2,1.75,7.5,3.25],"texture":"#0"},"down":{"uv":[2,1.75,7.5,3.25],"texture":"#0"}}},{"from":[1,-4,-10],"to":[1,2,13],"faces":{"north":{"uv":[2,3.25,7.5,1.75],"texture":"#0"},"east":{"uv":[2,3.25,7.5,1.75],"texture":"#0"},"south":{"uv":[2,3.25,7.5,1.75],"texture":"#0"},"west":{"uv":[2,3.25,7.5,1.75],"texture":"#0"},"up":{"uv":[2,3.25,7.5,1.75],"texture":"#0"},"down":{"uv":[2,3.25,7.5,1.75],"texture":"#0"}}}],"gui_light":"front","display":{"thirdperson_righthand":{"rotation":[157.03,51.07,-91.75],"translation":[12.25,7.75,5.25],"scale":[0.75976,0.75976,0.75976]},"thirdperson_lefthand":{"rotation":[-16.85,-61.92,-86.44],"translation":[2.75,9.75,13.25],"scale":[0.75976,0.75976,0.75976]},"firstperson_righthand":{"rotation":[-34.47,-87,-26.76],"translation":[11.25,6.25,-5.75],"scale":[0.33008,0.52344,0.33008]},"firstperson_lefthand":{"rotation":[-34.47,-87,-26.76],"translation":[7.5,6.25,-5.75],"scale":[0.33008,0.52344,0.33008]},"ground":{"rotation":[-8.26,-51.11,-0.97],"translation":[0,8.75,0],"scale":[0.41602,0.41602,0.41602]},"gui":{"rotation":[107.32,-57.69,109.01],"translation":[-2.25,-1.25,0],"scale":[0.30077,0.30077,0.30077]},"head":{"rotation":[-180,88.5,180],"translation":[6.5,21.5,-6.75]},"fixed":{"rotation":[0,88.25,0],"translation":[5,-2,-7.25],"scale":[0.72461,0.72461,0.72461]}}}