{"credit":"Made with Blockbench","texture_size":[32,32],"textures":{"0":"mimix:items/sword/phantom_sword","particle":"mimix:items/sword/phantom_sword"},"elements":[{"from":[7.25,0.5,7.75],"to":[8.25,1.5,8.75],"rotation":{"angle":-45,"axis":"x","origin":[7.75,1.25,8.5]},"faces":{"north":{"uv":[8.5,1,9,1.5],"texture":"#0"},"east":{"uv":[9,2.5,8.5,3],"texture":"#0"},"south":{"uv":[3,8.5,3.5,9],"texture":"#0"},"west":{"uv":[8.5,2.5,9,3],"texture":"#0"},"up":{"uv":[3.5,9,3,8.5],"texture":"#0"},"down":{"uv":[8.5,1,9,1.5],"texture":"#0"}}},{"from":[7,8.75,7.75],"to":[8.5,10.25,9.25],"rotation":{"angle":-45,"axis":"x","origin":[7.75,9.5,8.5]},"faces":{"north":{"uv":[8.25,2,7.5,2.75],"texture":"#0"},"east":{"uv":[8.25,0,7.5,0.75],"texture":"#0"},"south":{"uv":[7,6.5,7.75,7.25],"texture":"#0"},"west":{"uv":[7.5,0,8.25,0.75],"texture":"#0"},"up":{"uv":[7,6.5,7.75,7.25],"texture":"#0"},"down":{"uv":[8.25,2,7.5,2.75],"texture":"#0"}}},{"from":[7.75,7.75,1.75],"to":[7.75,11.25,8.25],"rotation":{"angle":45,"axis":"x","origin":[8.5,9.5,5.5]},"faces":{"north":{"uv":[0,0,0,1.75],"texture":"#0"},"east":{"uv":[6.75,2,3.5,3.75],"texture":"#0"},"south":{"uv":[0,0,0,1.75],"texture":"#0"},"west":{"uv":[3.5,2,6.75,3.75],"texture":"#0"},"up":{"uv":[0,3.25,0,0],"texture":"#0"},"down":{"uv":[0,0,0,3.25],"texture":"#0"}}},{"from":[7.5,9.00671,4.2903],"to":[8,9.50671,6.2903],"rotation":{"angle":-45,"axis":"x","origin":[7.75,10.45671,5.7903]},"faces":{"north":{"uv":[0.5,10,0.75,10.25],"texture":"#0"},"east":{"uv":[8.5,4,9.5,4.25],"texture":"#0"},"south":{"uv":[0.5,10,0.75,10.25],"texture":"#0"},"west":{"uv":[8.5,4,9.5,4.25],"texture":"#0"},"up":{"uv":[8.5,4,9.5,4.25],"texture":"#0"},"down":{"uv":[8.5,4,9.5,4.25],"texture":"#0"}}},{"from":[7.25,9,6.6],"to":[8.25,10,8.6],"rotation":{"angle":22.5,"axis":"x","origin":[7.75,9.5,8.1]},"faces":{"north":{"uv":[8.5,7.5,9,8],"texture":"#0"},"east":{"uv":[8.5,3.5,7.5,4],"texture":"#0"},"south":{"uv":[8.5,8,9,8.5],"texture":"#0"},"west":{"uv":[7.5,3.5,8.5,4],"texture":"#0"},"up":{"uv":[4,8,3.5,7],"texture":"#0"},"down":{"uv":[7.5,7.5,7,8.5],"texture":"#0"}}},{"from":[7.275,10.98335,4.905],"to":[8.225,11.48335,7.405],"rotation":{"angle":45,"axis":"x","origin":[7.75,10.78335,5.655]},"faces":{"north":{"uv":[7,9.5,7.5,9.75],"texture":"#0"},"east":{"uv":[8,6,9.25,6.25],"texture":"#0"},"south":{"uv":[7,9.5,7.5,9.75],"texture":"#0"},"west":{"uv":[8,6,9.25,6.25],"texture":"#0"},"up":{"uv":[7.5,1.25,7,0],"texture":"#0"},"down":{"uv":[7.5,0,7,1.25],"texture":"#0"}}},{"from":[7.5,11.41221,3.91254],"to":[8,11.91221,6.16254],"rotation":{"angle":22.5,"axis":"x","origin":[7.75,12.16221,4.91254]},"faces":{"north":{"uv":[1,10,1.25,10.25],"texture":"#0"},"east":{"uv":[10,1,9,1.25],"texture":"#0"},"south":{"uv":[10,1,10.25,1.25],"texture":"#0"},"west":{"uv":[9,1,10,1.25],"texture":"#0"},"up":{"uv":[2.25,10,2,9],"texture":"#0"},"down":{"uv":[2.25,9,2,10],"texture":"#0"}}},{"from":[7.5,9.00671,10.7097],"to":[8,9.50671,12.7097],"rotation":{"angle":45,"axis":"x","origin":[7.75,10.45671,11.2097]},"faces":{"north":{"uv":[0.75,10,0.5,10.25],"texture":"#0"},"east":{"uv":[9.5,4,8.5,4.25],"texture":"#0"},"south":{"uv":[0.75,10,0.5,10.25],"texture":"#0"},"west":{"uv":[9.5,4,8.5,4.25],"texture":"#0"},"up":{"uv":[8.5,4.25,9.5,4],"texture":"#0"},"down":{"uv":[8.5,4.25,9.5,4],"texture":"#0"}}},{"from":[7.275,10.98335,9.595],"to":[8.225,11.48335,12.095],"rotation":{"angle":-45,"axis":"x","origin":[7.75,10.78335,11.345]},"faces":{"north":{"uv":[7.5,9.5,7,9.75],"texture":"#0"},"east":{"uv":[9.25,6,8,6.25],"texture":"#0"},"south":{"uv":[7.5,9.5,7,9.75],"texture":"#0"},"west":{"uv":[9.25,6,8,6.25],"texture":"#0"},"up":{"uv":[7.5,0,7,1.25],"texture":"#0"},"down":{"uv":[7.5,1.25,7,0],"texture":"#0"}}},{"from":[7.25,9,8.4],"to":[8.25,10,10.4],"rotation":{"angle":-22.5,"axis":"x","origin":[7.75,9.5,8.9]},"faces":{"north":{"uv":[9,8,8.5,8.5],"texture":"#0"},"east":{"uv":[7.5,3.5,8.5,4],"texture":"#0"},"south":{"uv":[9,7.5,8.5,8],"texture":"#0"},"west":{"uv":[8.5,3.5,7.5,4],"texture":"#0"},"up":{"uv":[4,7,3.5,8],"texture":"#0"},"down":{"uv":[7.5,8.5,7,7.5],"texture":"#0"}}},{"from":[7.5,11.41221,10.83746],"to":[8,11.91221,13.08746],"rotation":{"angle":-22.5,"axis":"x","origin":[7.75,12.16221,12.08746]},"faces":{"north":{"uv":[10.25,1,10,1.25],"texture":"#0"},"east":{"uv":[9,1,10,1.25],"texture":"#0"},"south":{"uv":[1.25,10,1,10.25],"texture":"#0"},"west":{"uv":[10,1,9,1.25],"texture":"#0"},"up":{"uv":[2.25,9,2,10],"texture":"#0"},"down":{"uv":[2.25,10,2,9],"texture":"#0"}}},{"from":[7.75,7.75,8.75],"to":[7.75,11.25,15.25],"rotation":{"angle":-45,"axis":"x","origin":[8.5,9.5,11.5]},"faces":{"north":{"uv":[0,0,0,1.75],"texture":"#0"},"east":{"uv":[3.5,2,6.75,3.75],"texture":"#0"},"south":{"uv":[0,0,0,1.75],"texture":"#0"},"west":{"uv":[6.75,2,3.5,3.75],"texture":"#0"},"up":{"uv":[0,0,0,3.25],"texture":"#0"},"down":{"uv":[0,3.25,0,0],"texture":"#0"}}},{"from":[7.5,1,8],"to":[8,9,9],"faces":{"north":{"uv":[5,4,5.25,8],"texture":"#0"},"east":{"uv":[2.5,4,2,8],"texture":"#0"},"south":{"uv":[5.5,4,5.75,8],"texture":"#0"},"west":{"uv":[2,4,2.5,8],"texture":"#0"},"up":{"uv":[2.75,10,2.5,9.5],"texture":"#0"},"down":{"uv":[9.75,2.5,9.5,3],"texture":"#0"}}},{"from":[7.25,7.75,7.75],"to":[8.25,8.25,9.25],"rotation":{"angle":0,"axis":"y","origin":[0,6.5,0]},"faces":{"north":{"uv":[9.5,6,10,6.25],"texture":"#0"},"east":{"uv":[1,9.5,1.75,9.75],"texture":"#0"},"south":{"uv":[9.5,6,10,6.25],"texture":"#0"},"west":{"uv":[1,9.5,1.75,9.75],"texture":"#0"},"up":{"uv":[4,8.75,3.5,8],"texture":"#0"},"down":{"uv":[4,8.75,3.5,8],"texture":"#0"}}},{"from":[7.25,1.75,7.75],"to":[8.25,2.25,9.25],"rotation":{"angle":0,"axis":"y","origin":[0,0.5,0]},"faces":{"north":{"uv":[9.5,6,10,6.25],"texture":"#0"},"east":{"uv":[1,9.5,1.75,9.75],"texture":"#0"},"south":{"uv":[9.5,6,10,6.25],"texture":"#0"},"west":{"uv":[1,9.5,1.75,9.75],"texture":"#0"},"up":{"uv":[4,8.75,3.5,8],"texture":"#0"},"down":{"uv":[4,8.75,3.5,8],"texture":"#0"}}},{"from":[7.5,0.2,8.5],"to":[8,0.7,9.5],"rotation":{"angle":22.5,"axis":"x","origin":[7.75,0.20711,9.64645]},"faces":{"north":{"uv":[9.5,9,9.75,9.25],"texture":"#0"},"east":{"uv":[4,9.5,3.5,9.75],"texture":"#0"},"south":{"uv":[9.5,9.5,9.75,9.75],"texture":"#0"},"west":{"uv":[3.5,9.5,4,9.75],"texture":"#0"},"up":{"uv":[4,10,4.25,9.5],"texture":"#0"},"down":{"uv":[4.25,9.5,4,10],"texture":"#0"}}},{"from":[7.5,0.2,7.5],"to":[8,0.7,8.5],"rotation":{"angle":-22.5,"axis":"x","origin":[7.75,0.20711,7.35355]},"faces":{"north":{"uv":[9.5,9.5,9.75,9.75],"texture":"#0"},"east":{"uv":[3.5,9.5,4,9.75],"texture":"#0"},"south":{"uv":[9.5,9,9.75,9.25],"texture":"#0"},"west":{"uv":[4,9.5,3.5,9.75],"texture":"#0"},"up":{"uv":[4.25,9.5,4,10],"texture":"#0"},"down":{"uv":[4,10,4.25,9.5],"texture":"#0"}}},{"from":[7.5,9.75,7.5],"to":[8,20.75,9.5],"rotation":{"angle":0,"axis":"y","origin":[0,0,0.25]},"faces":{"north":{"uv":[4,4,4.25,9.5],"texture":"#0"},"east":{"uv":[2,4,1,9.5],"texture":"#0"},"south":{"uv":[4.5,4,4.75,9.5],"texture":"#0"},"west":{"uv":[1,4,2,9.5],"texture":"#0"},"up":{"uv":[5.75,10,5.5,9],"texture":"#0"},"down":{"uv":[6.25,9,6,10],"texture":"#0"}}},{"from":[7.525,19.95,7.5],"to":[7.975,21.95,9.5],"rotation":{"angle":45,"axis":"x","origin":[7.75,20.95,8.5]},"faces":{"north":{"uv":[6.5,9,6.75,10],"texture":"#0"},"east":{"uv":[7,5,6,6],"texture":"#0"},"south":{"uv":[9,7.5,9.25,8.5],"texture":"#0"},"west":{"uv":[6,5,7,6],"texture":"#0"},"up":{"uv":[8.75,10,8.5,9],"texture":"#0"},"down":{"uv":[9.25,9,9,10],"texture":"#0"}}}],"display":{"thirdperson_righthand":{"translation":[0.25,2,0.5],"scale":[1.25,1.25,1.25]},"thirdperson_lefthand":{"translation":[-0.25,2,0.5],"scale":[1.25,1.25,1.25]},"firstperson_righthand":{"rotation":[-5,0,0],"translation":[0.75,0.75,0]},"firstperson_lefthand":{"rotation":[-5,0,0],"translation":[0.75,0.75,0]},"ground":{"rotation":[-45,0,0],"translation":[0,-0.75,0],"scale":[0.85,0.85,0.85]},"gui":{"rotation":[-90,-45,-90],"translation":[-1.25,-2,0],"scale":[0.85,0.85,0.85]},"head":{"scale":[0,0,0]},"fixed":{"rotation":[90,-45,90],"translation":[2.25,-1.75,-0.5]}}}