{"providers":[{"file":"char/black.png","chars":[""],"height":1,"ascent":-5000,"type":"bitmap"},{"file":"char/black.png","chars":[""],"height":2,"ascent":-5000,"type":"bitmap"},{"file":"char/black.png","chars":[""],"height":3,"ascent":-5000,"type":"bitmap"},{"file":"char/black.png","chars":[""],"height":4,"ascent":-5000,"type":"bitmap"},{"file":"char/black.png","chars":[""],"height":5,"ascent":-5000,"type":"bitmap"},{"file":"char/black.png","chars":[""],"height":6,"ascent":-5000,"type":"bitmap"},{"file":"char/black.png","chars":[""],"height":7,"ascent":-5000,"type":"bitmap"},{"file":"char/black.png","chars":[""],"height":15,"ascent":-5000,"type":"bitmap"},{"file":"char/black.png","chars":[""],"height":31,"ascent":-5000,"type":"bitmap"},{"file":"char/black.png","chars":[""],"height":63,"ascent":-5000,"type":"bitmap"},{"file":"char/black.png","chars":[""],"height":127,"ascent":-5000,"type":"bitmap"},{"file":"char/black.png","chars":[""],"height":256,"ascent":-5000,"type":"bitmap"},{"file":"char/black.png","chars":[""],"height":512,"ascent":-5000,"type":"bitmap"},{"file":"char/black.png","chars":[""],"height":1024,"ascent":-5000,"type":"bitmap"},{"file":"char/black.png","chars":[""],"height":-3,"ascent":-5000,"type":"bitmap"},{"file":"char/black.png","chars":[""],"height":-4,"ascent":-5000,"type":"bitmap"},{"file":"char/black.png","chars":[""],"height":-5,"ascent":-5000,"type":"bitmap"},{"file":"char/black.png","chars":[""],"height":-6,"ascent":-5000,"type":"bitmap"},{"file":"char/black.png","chars":[""],"height":-7,"ascent":-5000,"type":"bitmap"},{"file":"char/black.png","chars":[""],"height":-8,"ascent":-5000,"type":"bitmap"},{"file":"char/black.png","chars":[""],"height":-9,"ascent":-5000,"type":"bitmap"},{"file":"char/black.png","chars":[""],"height":-10,"ascent":-5000,"type":"bitmap"},{"file":"char/black.png","chars":[""],"height":-18,"ascent":-5000,"type":"bitmap"},{"file":"char/black.png","chars":[""],"height":-34,"ascent":-5000,"type":"bitmap"},{"file":"char/black.png","chars":[""],"height":-66,"ascent":-5000,"type":"bitmap"},{"file":"char/black.png","chars":[""],"height":-130,"ascent":-5000,"type":"bitmap"},{"file":"char/black.png","chars":[""],"height":-259,"ascent":-5000,"type":"bitmap"},{"file":"char/black.png","chars":[""],"height":-515,"ascent":-5000,"type":"bitmap"},{"file":"char/black.png","chars":[""],"height":-1027,"ascent":-5000,"type":"bitmap"},{"file":"pirates_cosmetic:fonts/piratas_cosmetic_ico.png","chars":[""],"height":9,"ascent":8,"type":"bitmap"},{"file":"pirates_cosmetic:fonts/piratas_cosmetic_menu.png","chars":[""],"height":255,"ascent":45,"type":"bitmap"},{"file":"pirates_cosmetic:fonts/piratas_cosmetic_menu2.png","chars":[""],"height":255,"ascent":59,"type":"bitmap"},{"file":"pirates_cosmetic:fonts/pirates_cosmetic_trade.png","chars":[""],"height":255,"ascent":98,"type":"bitmap"},{"file":"rankicons:icons/1.png","chars":[""],"height":10,"ascent":8,"type":"bitmap"},{"file":"rankicons:icons/2.png","chars":[""],"height":10,"ascent":8,"type":"bitmap"},{"file":"rankicons:icons/3.png","chars":[""],"height":10,"ascent":8,"type":"bitmap"},{"file":"rankicons:icons/4.png","chars":[""],"height":10,"ascent":8,"type":"bitmap"},{"file":"rankicons:icons/5.png","chars":[""],"height":10,"ascent":8,"type":"bitmap"},{"file":"rankicons:icons/6.png","chars":[""],"height":10,"ascent":8,"type":"bitmap"},{"file":"rankicons:icons/7.png","chars":[""],"height":10,"ascent":8,"type":"bitmap"},{"file":"rankicons:icons/8.png","chars":[""],"height":10,"ascent":8,"type":"bitmap"},{"file":"rankicons:icons/9.png","chars":[""],"height":10,"ascent":8,"type":"bitmap"},{"file":"rankicons:icons/12.png","chars":[""],"height":10,"ascent":8,"type":"bitmap"},{"file":"rankicons:icons/13.png","chars":[""],"height":10,"ascent":8,"type":"bitmap"},{"file":"rankicons:icons/10.png","chars":[""],"height":10,"ascent":8,"type":"bitmap"},{"file":"rankicons:icons/15.png","chars":[""],"height":10,"ascent":8,"type":"bitmap"},{"file":"rankicons:icons/16.png","chars":[""],"height":10,"ascent":8,"type":"bitmap"},{"file":"rankicons:icons/17.png","chars":[""],"height":10,"ascent":8,"type":"bitmap"},{"file":"rankicons:icons/18.png","chars":[""],"height":10,"ascent":8,"type":"bitmap"},{"file":"rankicons:icons/20.png","chars":[""],"height":10,"ascent":8,"type":"bitmap"},{"file":"rankicons:icons/21.png","chars":[""],"height":10,"ascent":8,"type":"bitmap"},{"file":"rankicons:icons/22.png","chars":[""],"height":10,"ascent":8,"type":"bitmap"},{"file":"rankicons:icons/23.png","chars":[""],"height":10,"ascent":8,"type":"bitmap"},{"file":"rankicons:icons/24.png","chars":[""],"height":10,"ascent":8,"type":"bitmap"},{"file":"rankicons:icons/25.png","chars":[""],"height":10,"ascent":8,"type":"bitmap"},{"file":"rankicons:icons/26.png","chars":[""],"height":10,"ascent":8,"type":"bitmap"},{"file":"rankicons:icons/27.png","chars":[""],"height":10,"ascent":8,"type":"bitmap"},{"file":"rankicons:icons/28.png","chars":[""],"height":10,"ascent":8,"type":"bitmap"},{"file":"rankicons:icons/30.png","chars":[""],"height":10,"ascent":8,"type":"bitmap"},{"file":"rankicons:icons/31.png","chars":[""],"height":10,"ascent":8,"type":"bitmap"},{"file":"rankicons:icons/32.png","chars":[""],"height":10,"ascent":8,"type":"bitmap"},{"file":"rankicons:icons/33.png","chars":[""],"height":10,"ascent":8,"type":"bitmap"},{"file":"rankicons:icons/34.png","chars":[""],"height":10,"ascent":8,"type":"bitmap"},{"file":"rankicons:icons/35.png","chars":[""],"height":10,"ascent":8,"type":"bitmap"},{"file":"rankicons:icons/36.png","chars":[""],"height":10,"ascent":8,"type":"bitmap"},{"file":"rankicons:icons/37.png","chars":[""],"height":10,"ascent":8,"type":"bitmap"},{"file":"rankicons:icons/38.png","chars":[""],"height":10,"ascent":8,"type":"bitmap"},{"file":"rankicons:icons/40.png","chars":[""],"height":10,"ascent":8,"type":"bitmap"},{"file":"rankicons:icons/41.png","chars":[""],"height":10,"ascent":8,"type":"bitmap"},{"file":"rankicons:icons/42.png","chars":[""],"height":10,"ascent":8,"type":"bitmap"},{"file":"rankicons:icons/43.png","chars":[""],"height":10,"ascent":8,"type":"bitmap"},{"file":"rankicons:icons/44.png","chars":[""],"height":10,"ascent":8,"type":"bitmap"},{"file":"rankicons:icons/45.png","chars":[""],"height":10,"ascent":8,"type":"bitmap"},{"file":"rankicons:icons/46.png","chars":[""],"height":10,"ascent":8,"type":"bitmap"},{"file":"rankicons:icons/47.png","chars":[""],"height":10,"ascent":8,"type":"bitmap"},{"file":"rankicons:icons/48.png","chars":[""],"height":10,"ascent":8,"type":"bitmap"},{"file":"rankicons:icons/50.png","chars":[""],"height":10,"ascent":8,"type":"bitmap"},{"file":"rankicons:icons/51.png","chars":[""],"height":10,"ascent":8,"type":"bitmap"},{"file":"rankicons:icons/52.png","chars":[""],"height":10,"ascent":8,"type":"bitmap"},{"file":"rankicons:icons/53.png","chars":[""],"height":10,"ascent":8,"type":"bitmap"},{"file":"rankicons:icons/54.png","chars":[""],"height":10,"ascent":8,"type":"bitmap"},{"file":"rankicons:icons/55.png","chars":[""],"height":10,"ascent":8,"type":"bitmap"},{"file":"rankicons:icons/56.png","chars":[""],"height":10,"ascent":8,"type":"bitmap"},{"file":"rankicons:icons/57.png","chars":[""],"height":10,"ascent":8,"type":"bitmap"},{"file":"rankicons:icons/58.png","chars":[""],"height":10,"ascent":8,"type":"bitmap"},{"file":"rankicons:icons/60.png","chars":[""],"height":10,"ascent":8,"type":"bitmap"},{"file":"rankicons:icons/61.png","chars":[""],"height":10,"ascent":8,"type":"bitmap"},{"file":"rankicons:icons/62.png","chars":[""],"height":10,"ascent":8,"type":"bitmap"},{"file":"rankicons:icons/63.png","chars":[""],"height":10,"ascent":8,"type":"bitmap"},{"file":"rankicons:icons/64.png","chars":[""],"height":10,"ascent":8,"type":"bitmap"},{"file":"rankicons:icons/65.png","chars":[""],"height":10,"ascent":8,"type":"bitmap"},{"file":"rankicons:icons/66.png","chars":[""],"height":10,"ascent":8,"type":"bitmap"},{"file":"rankicons:icons/67.png","chars":[""],"height":10,"ascent":8,"type":"bitmap"},{"file":"rankicons:icons/68.png","chars":[""],"height":10,"ascent":8,"type":"bitmap"},{"file":"rankicons:icons/70.png","chars":[""],"height":10,"ascent":8,"type":"bitmap"},{"file":"lostisland:font/emoji/cubevert.png","chars":[""],"height":9,"ascent":8,"type":"bitmap"},{"file":"lostisland:font/emoji/diamant.png","chars":["☫"],"height":9,"ascent":8,"type":"bitmap"},{"file":"lostisland:font/emoji/discord.png","chars":[""],"height":9,"ascent":8,"type":"bitmap"},{"file":"lostisland:font/emoji/down.png","chars":[""],"height":9,"ascent":8,"type":"bitmap"},{"file":"lostisland:font/emoji/parametre.png","chars":[""],"height":9,"ascent":8,"type":"bitmap"},{"file":"lostisland:font/emoji/terre.png","chars":[""],"height":9,"ascent":8,"type":"bitmap"},{"file":"lostisland:font/emoji/chevron.png","chars":[""],"height":10,"ascent":5,"type":"bitmap"},{"file":"lostisland:font/emoji/prestige.png","chars":[""],"height":10,"ascent":5,"type":"bitmap"},{"file":"lostisland:font/emoji/gloire.png","chars":[""],"height":10,"ascent":8,"type":"bitmap"},{"file":"lostisland:font/emoji/money.png","chars":["㊋"],"height":10,"ascent":8,"type":"bitmap"},{"file":"lostisland:font/emoji/pieces.png","chars":[""],"height":10,"ascent":5,"type":"bitmap"},{"file":"lostisland:font/emoji/piece.png","chars":[""],"height":10,"ascent":8,"type":"bitmap"},{"file":"lostisland:font/emoji/niveau.png","chars":[""],"height":10,"ascent":8,"type":"bitmap"},{"file":"lostisland:font/emoji/membre.png","chars":[""],"height":10,"ascent":8,"type":"bitmap"},{"file":"lostisland:font/emoji/flyicon.png","chars":[""],"height":10,"ascent":8,"type":"bitmap"},{"file":"lostisland:font/emoji/flyicon.png","chars":[""],"height":10,"ascent":5,"type":"bitmap"},{"file":"lostisland:font/emoji/minecraftemojis/1.png","chars":[""],"height":10,"ascent":5,"type":"bitmap"},{"file":"lostisland:font/emoji/minecraftemojis/2.png","chars":[""],"height":10,"ascent":5,"type":"bitmap"},{"file":"lostisland:font/emoji/minecraftemojis/3.png","chars":[""],"height":10,"ascent":5,"type":"bitmap"},{"file":"lostisland:font/emoji/minecraftemojis/4.png","chars":[""],"height":10,"ascent":5,"type":"bitmap"},{"file":"lostisland:font/emoji/minecraftemojis/5.png","chars":[""],"height":10,"ascent":5,"type":"bitmap"},{"file":"lostisland:font/emoji/minecraftemojis/6.png","chars":[""],"height":10,"ascent":5,"type":"bitmap"},{"file":"lostisland:font/emoji/minecraftemojis/7.png","chars":[""],"height":10,"ascent":5,"type":"bitmap"},{"file":"lostisland:font/emoji/minecraftemojis/8.png","chars":[""],"height":10,"ascent":5,"type":"bitmap"},{"file":"lostisland:font/emoji/minecraftemojis/9.png","chars":[""],"height":10,"ascent":5,"type":"bitmap"},{"file":"lostisland:font/emoji/minecraftemojis/10.png","chars":[""],"height":10,"ascent":5,"type":"bitmap"},{"file":"lostisland:font/emoji/minecraftemojis/11.png","chars":[""],"height":10,"ascent":5,"type":"bitmap"},{"file":"lostisland:font/emoji/minecraftemojis/12.png","chars":[""],"height":10,"ascent":5,"type":"bitmap"},{"file":"lostisland:font/emoji/minecraftemojis/13.png","chars":[""],"height":10,"ascent":5,"type":"bitmap"},{"file":"lostisland:font/emoji/minecraftemojis/14.png","chars":[""],"height":10,"ascent":5,"type":"bitmap"},{"file":"lostisland:font/emoji/minecraftemojis/15.png","chars":[""],"height":10,"ascent":5,"type":"bitmap"},{"file":"lostisland:font/emoji/fragment.png","chars":[""],"height":10,"ascent":8,"type":"bitmap"},{"file":"lostisland:font/emoji/crane.png","chars":[""],"height":10,"ascent":5,"type":"bitmap"},{"file":"lostisland:font/emoji/classementile.png","chars":[""],"height":10,"ascent":5,"type":"bitmap"},{"file":"lostisland:font/emoji/argent.png","chars":[""],"height":10,"ascent":5,"type":"bitmap"},{"file":"lostisland:font/emoji/zone.png","chars":[""],"height":10,"ascent":8,"type":"bitmap"},{"file":"lostisland:font/emoji/mine.png","chars":[""],"height":10,"ascent":8,"type":"bitmap"},{"file":"lostisland:font/emoji/donjon.png","chars":[""],"height":10,"ascent":8,"type":"bitmap"},{"file":"lostisland:font/emoji/foret.png","chars":[""],"height":10,"ascent":8,"type":"bitmap"},{"file":"lostisland:font/emoji/etoile.png","chars":["鄿"],"height":10,"ascent":5,"type":"bitmap"},{"file":"lostisland:font/emoji/etoilegris.png","chars":["㊊"],"height":10,"ascent":8,"type":"bitmap"},{"file":"lostisland:font/emoji/items.png","chars":["㊌"],"height":10,"ascent":8,"type":"bitmap"},{"file":"lostisland:font/emoji/utilisation.png","chars":["㊍"],"height":10,"ascent":8,"type":"bitmap"},{"file":"lostisland:font/emoji/multiplicateur.png","chars":["㊎"],"height":10,"ascent":8,"type":"bitmap"},{"file":"lostisland:font/emoji/icons/icon_coeur.png","chars":[""],"height":10,"ascent":8,"type":"bitmap"},{"file":"lostisland:font/emoji/icons/voteparty.png","chars":[""],"height":10,"ascent":5,"type":"bitmap"},{"file":"_iainternal:gui/no_recipe.png","chars":[""],"height":170,"ascent":47,"type":"bitmap"},{"file":"_iainternal:gui/crafting.png","chars":[""],"height":170,"ascent":47,"type":"bitmap"},{"file":"_iainternal:gui/cooking.png","chars":[""],"height":170,"ascent":47,"type":"bitmap"},{"file":"_iainternal:gui/blank_menu.png","chars":[""],"height":170,"ascent":47,"type":"bitmap"},{"file":"_iainternal:gui/anvil_repair.png","chars":[""],"height":170,"ascent":47,"type":"bitmap"},{"file":"_iainternal:gui/smithing.png","chars":[""],"height":170,"ascent":47,"type":"bitmap"},{"file":"rank_icons:ranks/bronze.png","chars":[""],"height":15,"ascent":11,"type":"bitmap"},{"file":"rank_icons:ranks/silver.png","chars":[""],"height":15,"ascent":11,"type":"bitmap"},{"file":"rank_icons:ranks/gold.png","chars":[""],"height":15,"ascent":11,"type":"bitmap"},{"file":"rank_icons:ranks/platinum.png","chars":[""],"height":15,"ascent":11,"type":"bitmap"},{"file":"rank_icons:ranks/amethyst.png","chars":[""],"height":15,"ascent":11,"type":"bitmap"},{"file":"rank_icons:ranks/diamond.png","chars":[""],"height":15,"ascent":11,"type":"bitmap"},{"file":"rank_icons:ranks/emerald.png","chars":[""],"height":15,"ascent":11,"type":"bitmap"},{"file":"rank_icons:ranks/ruby.png","chars":[""],"height":15,"ascent":11,"type":"bitmap"},{"file":"rank_icons:ranks/bronze.png","chars":["☷"],"height":15,"ascent":7,"type":"bitmap"},{"file":"rank_icons:ranks/silver.png","chars":["☵"],"height":15,"ascent":7,"type":"bitmap"},{"file":"rank_icons:ranks/gold.png","chars":["☶"],"height":15,"ascent":7,"type":"bitmap"},{"file":"rank_icons:ranks/platinum.png","chars":["☋"],"height":15,"ascent":7,"type":"bitmap"},{"file":"rank_icons:ranks/amethyst.png","chars":["☌"],"height":15,"ascent":7,"type":"bitmap"},{"file":"rank_icons:ranks/diamond.png","chars":["♜"],"height":15,"ascent":7,"type":"bitmap"},{"file":"rank_icons:ranks/emerald.png","chars":["♕"],"height":15,"ascent":7,"type":"bitmap"},{"file":"rank_icons:ranks/ruby.png","chars":["♡"],"height":15,"ascent":7,"type":"bitmap"},{"file":"lostisland:font/emoji/grades/fondateur.png","chars":[""],"height":9,"ascent":8,"type":"bitmap"},{"file":"lostisland:font/emoji/grades/administrateur.png","chars":[""],"height":9,"ascent":8,"type":"bitmap"},{"file":"lostisland:font/emoji/grades/responsable.png","chars":[""],"height":9,"ascent":8,"type":"bitmap"},{"file":"lostisland:font/emoji/grades/supermodo.png","chars":[""],"height":9,"ascent":8,"type":"bitmap"},{"file":"lostisland:font/emoji/grades/moderateur.png","chars":[""],"height":9,"ascent":8,"type":"bitmap"},{"file":"lostisland:font/emoji/grades/guide.png","chars":[""],"height":9,"ascent":8,"type":"bitmap"},{"file":"lostisland:font/emoji/grades/streamer.png","chars":[""],"height":9,"ascent":8,"type":"bitmap"},{"file":"lostisland:font/emoji/grades/youtubeur.png","chars":[""],"height":9,"ascent":8,"type":"bitmap"},{"file":"lostisland:font/emoji/grades/partenaire.png","chars":[""],"height":9,"ascent":8,"type":"bitmap"},{"file":"lostisland:font/emoji/grades/capitaine.png","chars":[""],"height":9,"ascent":8,"type":"bitmap"},{"file":"lostisland:font/emoji/grades/lieutenant.png","chars":[""],"height":9,"ascent":8,"type":"bitmap"},{"file":"lostisland:font/emoji/grades/matelot.png","chars":[""],"height":9,"ascent":8,"type":"bitmap"},{"file":"lostisland:font/emoji/grades/mercenaire.png","chars":[""],"height":9,"ascent":8,"type":"bitmap"},{"file":"lostisland:font/emoji/grades/pirate.png","chars":[""],"height":9,"ascent":8,"type":"bitmap"},{"file":"lostisland:font/emoji/grades/joueur.png","chars":[""],"height":9,"ascent":8,"type":"bitmap"},{"file":"lostisland:font/gui/grimoire.png","chars":[""],"height":256,"ascent":38,"type":"bitmap"},{"file":"lostisland:font/gui/zonegui.png","chars":[""],"height":256,"ascent":38,"type":"bitmap"},{"file":"lostisland:font/gui/classement.png","chars":[""],"height":256,"ascent":38,"type":"bitmap"},{"file":"lostisland:font/gui/metier.png","chars":[""],"height":256,"ascent":26,"type":"bitmap"},{"file":"lostisland:font/gui/prestiges.png","chars":[""],"height":256,"ascent":55,"type":"bitmap"},{"file":"lostisland:font/gui/quetes.png","chars":[""],"height":256,"ascent":55,"type":"bitmap"},{"file":"lostisland:font/gui/prestiges6.png","chars":[""],"height":256,"ascent":34,"type":"bitmap"},{"file":"lostisland:font/gui/kits.png","chars":[""],"height":256,"ascent":38,"type":"bitmap"},{"file":"lostisland:font/gui/options.png","chars":[""],"height":256,"ascent":38,"type":"bitmap"},{"file":"lostisland:font/gui/shops.png","chars":[""],"height":256,"ascent":38,"type":"bitmap"},{"file":"lostisland:font/gui/warps.png","chars":[""],"height":256,"ascent":38,"type":"bitmap"},{"file":"lostisland:font/gui/ile.png","chars":[""],"height":256,"ascent":38,"type":"bitmap"},{"file":"lostisland:font/gui/crafts.png","chars":[""],"height":256,"ascent":38,"type":"bitmap"},{"file":"lostisland:font/gui/boss.png","chars":[""],"height":256,"ascent":38,"type":"bitmap"},{"file":"lostisland:font/gui/recompenses.png","chars":[""],"height":256,"ascent":38,"type":"bitmap"},{"file":"lostisland:font/gui/box.png","chars":[""],"height":256,"ascent":74,"type":"bitmap"},{"file":"lostisland:font/gui/boutiques.png","chars":[""],"height":256,"ascent":38,"type":"bitmap"},{"file":"lostisland:font/gui/fly.png","chars":[""],"height":256,"ascent":38,"type":"bitmap"},{"file":"lostisland:font/gui/lostislandlogo.png","chars":[""],"height":65,"ascent":26,"type":"bitmap"},{"file":"lostisland:font/gui/lostislandscoreboard.png","chars":[""],"height":60,"ascent":26,"type":"bitmap"},{"file":"lostisland:font/gui/poissonnerie.png","chars":[""],"height":256,"ascent":74,"type":"bitmap"},{"file":"lostisland:font/gui/lostisland/skills.png","chars":[""],"height":256,"ascent":38,"type":"bitmap"},{"file":"lostisland:font/gui/lostisland/jobs.png","chars":[""],"height":256,"ascent":38,"type":"bitmap"},{"file":"lostisland:font/gui/lostisland/mainmenu.png","chars":[""],"height":256,"ascent":38,"type":"bitmap"},{"file":"lostisland:font/gui/lostisland/boutique.png","chars":[""],"height":256,"ascent":38,"type":"bitmap"},{"file":"lostisland:font/gui/lostisland/aquamancier.png","chars":[""],"height":256,"ascent":38,"type":"bitmap"},{"file":"lostisland:font/gui/ahmenu.png","chars":[""],"height":256,"ascent":38,"type":"bitmap"},{"file":"lostisland:font/gui/lostisland/pyromancier.png","chars":[""],"height":256,"ascent":38,"type":"bitmap"},{"file":"lostisland:font/gui/lostisland/naturaliste.png","chars":[""],"height":256,"ascent":38,"type":"bitmap"},{"file":"lostisland:font/gui/codex.png","chars":[""],"height":256,"ascent":56,"type":"bitmap"},{"file":"lostisland:font/gui/ranking.png","chars":[""],"height":256,"ascent":38,"type":"bitmap"},{"file":"lostisland:font/gui/progression.png","chars":[""],"height":256,"ascent":38,"type":"bitmap"},{"file":"lostisland:font/gui/statistiques.png","chars":[""],"height":256,"ascent":38,"type":"bitmap"},{"file":"lostisland:font/gui/biomes.png","chars":[""],"height":256,"ascent":74,"type":"bitmap"},{"file":"lostisland:font/gui/warps4.png","chars":[""],"height":256,"ascent":74,"type":"bitmap"},{"file":"lostisland:font/gui/membres.png","chars":[""],"height":256,"ascent":74,"type":"bitmap"},{"file":"lostisland:font/gui/pirate.png","chars":[""],"height":256,"ascent":38,"type":"bitmap"},{"file":"lostisland:font/gui/tonneau.png","chars":[""],"height":256,"ascent":38,"type":"bitmap"},{"file":"lostisland:font/gui/coffre.png","chars":[""],"height":256,"ascent":38,"type":"bitmap"},{"file":"lostisland:font/gui/commercant.png","chars":[""],"height":256,"ascent":38,"type":"bitmap"},{"file":"lostisland:font/gui/bank.png","chars":[""],"height":256,"ascent":92,"type":"bitmap"},{"file":"lostisland:font/gui/bank4.png","chars":[""],"height":256,"ascent":74,"type":"bitmap"},{"file":"lostisland:font/gui/garage.png","chars":[""],"height":256,"ascent":92,"type":"bitmap"},{"file":"lostisland:font/gui/farmpoints.png","chars":[""],"height":256,"ascent":92,"type":"bitmap"},{"file":"lostisland:font/gui/tournois.png","chars":[""],"height":256,"ascent":92,"type":"bitmap"},{"file":"lostisland:font/gui/ilemenu.png","chars":[""],"height":256,"ascent":74,"type":"bitmap"},{"file":"lostisland:font/gui/paratmetre.png","chars":[""],"height":256,"ascent":38,"type":"bitmap"},{"file":"lostisland:font/gui/warpsiles.png","chars":[""],"height":256,"ascent":74,"type":"bitmap"},{"file":"lostisland:font/gui/vosarticles.png","chars":[""],"height":256,"ascent":38,"type":"bitmap"},{"file":"lostisland:font/gui/categories.png","chars":[""],"height":256,"ascent":38,"type":"bitmap"},{"file":"lostisland:font/gui/expirees.png","chars":[""],"height":256,"ascent":38,"type":"bitmap"},{"file":"lostisland:font/gui/vote.png","chars":[""],"height":256,"ascent":38,"type":"bitmap"},{"file":"lostisland:font/gui/palierile.png","chars":[""],"height":256,"ascent":38,"type":"bitmap"},{"file":"lostisland:font/gui/achat3.png","chars":[""],"height":256,"ascent":92,"type":"bitmap"},{"file":"lostisland:font/gui/confirmation3.png","chars":[""],"height":256,"ascent":92,"type":"bitmap"},{"file":"lostisland:font/gui/generateur3.png","chars":[""],"height":256,"ascent":92,"type":"bitmap"},{"file":"lostisland:font/gui/vente3.png","chars":[""],"height":256,"ascent":92,"type":"bitmap"},{"file":"littleroom_piratepack:empty_character.png","chars":[""],"height":-6,"ascent":-32768,"type":"bitmap"},{"file":"littleroom_piratepack:empty_character.png","chars":[""],"height":6,"ascent":-65536,"type":"bitmap"},{"type":"bitmap","file":"littleroom_piratepack:captain_speech_banner.png","height":256,"ascent":128,"chars":["⛵"]}]}