{"display":{"thirdperson_righthand":{"rotation":[75,45,0],"translation":[0,2.5,0],"scale":[0.375,0.375,0.375]},"thirdperson_lefthand":{"rotation":[75,45,0],"translation":[0,2.5,0],"scale":[0.375,0.375,0.375]},"firstperson_righthand":{"rotation":[0,45,0],"translation":[0,3,0],"scale":[0.4,0.4,0.4]},"firstperson_lefthand":{"rotation":[0,225,0],"translation":[0,3,0],"scale":[0.4,0.4,0.4]},"ground":{"translation":[0,0.75,0],"scale":[0.5,0.5,0.5]},"gui":{"rotation":[30,225,0],"scale":[0.625,0.625,0.625]},"fixed":{"rotation":[-90,0,0],"translation":[0,0,-15],"scale":[2,2,2]}},"texture_size":[32,32],"textures":{"0":"rpg_village_pack:furniture_basket_1","particle":"rpg_village_pack:furniture_basket_1"},"elements":[{"from":[3,0,3],"to":[13,14,13],"faces":{"north":{"uv":[0,0,5,7],"texture":"#0"},"east":{"uv":[0,0,5,7],"texture":"#0"},"south":{"uv":[0,0,5,7],"texture":"#0"},"west":{"uv":[0,0,5,7],"texture":"#0"},"up":{"uv":[10,5,5,0],"texture":"#0"},"down":{"uv":[10,5,5,10],"texture":"#0"}}},{"from":[12,9,6],"to":[14,13,10],"rotation":{"angle":22.5,"axis":"z","origin":[13,13,8]},"faces":{"north":{"uv":[1,7,2,9],"texture":"#0"},"east":{"uv":[0,9,2,11],"texture":"#0"},"south":{"uv":[2,7,1,9],"texture":"#0"},"west":{"uv":[2,9,4,11],"texture":"#0"},"up":{"uv":[3,9,2,7],"texture":"#0"},"down":{"uv":[4,7,3,9],"texture":"#0"}}},{"from":[2,9,6],"to":[4,13,10],"rotation":{"angle":-22.5,"axis":"z","origin":[3,13,8]},"faces":{"north":{"uv":[2,7,1,9],"texture":"#0"},"east":{"uv":[2,9,4,11],"texture":"#0"},"south":{"uv":[1,7,2,9],"texture":"#0"},"west":{"uv":[0,9,2,11],"texture":"#0"},"up":{"uv":[3,9,2,7],"texture":"#0"},"down":{"uv":[4,7,3,9],"texture":"#0"}}},{"from":[11.5,14,11.5],"to":[4.5,7,4.5],"faces":{"north":{"uv":[0.75,7,4.25,3.5],"texture":"#0"},"east":{"uv":[0.75,7,4.25,3.5],"texture":"#0"},"south":{"uv":[0.75,7,4.25,3.5],"texture":"#0"},"west":{"uv":[0.75,7,4.25,3.5],"texture":"#0"},"up":{"uv":[5.75,9.25,9.25,5.75],"texture":"#0"},"down":{"uv":[5.75,4.25,9.25,0.75],"texture":"#0"}}}]}