{"credit":"MadewithBlockbench","textures":{"0":"piratepack:crossbow","particle":"piratepack:crossbow"},"elements":[{"from":[7.5,7.5,2.5],"to":[8.5,8.5,8.5],"rotation":{"angle":0,"axis":"y","origin":[7.5,7.5,7.5]},"faces":{"north":{"uv":[10,9,11,10],"texture":"#0"},"east":{"uv":[0,6,6,7],"texture":"#0"},"south":{"uv":[4,12,5,13],"texture":"#0"},"west":{"uv":[6,6,12,7],"texture":"#0"},"up":{"uv":[1,13,0,7],"texture":"#0"},"down":{"uv":[2,7,1,13],"texture":"#0"}}},{"from":[6,8.05,1.85],"to":[7,9.05,2.85],"rotation":{"angle":0,"axis":"y","origin":[2,8.05,1.85]},"faces":{"north":{"uv":[8,12,9,13],"texture":"#0"},"south":{"uv":[12,8,13,9],"texture":"#0"},"west":{"uv":[9,12,10,13],"texture":"#0"},"up":{"uv":[11,13,10,12],"texture":"#0"},"down":{"uv":[1,13,0,14],"texture":"#0"}}},{"from":[4.2294,8.075,2.02828],"to":[6.2294,9.025,2.90328],"rotation":{"angle":22.5,"axis":"y","origin":[5.7294,8.55,2.50328]},"faces":{"north":{"uv":[2,9,4,10],"texture":"#0"},"south":{"uv":[4,9,6,10],"texture":"#0"},"west":{"uv":[1,13,2,14],"texture":"#0"},"up":{"uv":[8,10,6,9],"texture":"#0"},"down":{"uv":[10,9,8,10],"texture":"#0"}}},{"from":[3.01897,8.075,3.10803],"to":[3.89397,9.025,5.10803],"rotation":{"angle":22.5,"axis":"y","origin":[2.48147,8.55,3.80803]},"faces":{"north":{"uv":[4,13,5,14],"texture":"#0"},"east":{"uv":[10,0,12,1],"texture":"#0"},"south":{"uv":[13,4,14,5],"texture":"#0"},"west":{"uv":[10,1,12,2],"texture":"#0"},"up":{"uv":[3,12,2,10],"texture":"#0"},"down":{"uv":[11,2,10,4],"texture":"#0"}}},{"from":[3.76406,8.1,3.24243],"to":[4.76406,9,3.99243],"rotation":{"angle":45,"axis":"y","origin":[3.76406,8.55,3.65493]},"faces":{"north":{"uv":[13,2,14,3],"texture":"#0"},"south":{"uv":[13,3,14,4],"texture":"#0"},"up":{"uv":[14,9.75,13,9],"texture":"#0"},"down":{"uv":[11,13,10,13.75],"texture":"#0"}}},{"from":[7,7.525,0.8],"to":[9,8.475,2.8],"rotation":{"angle":-45,"axis":"y","origin":[8,8,1.8]},"faces":{"north":{"uv":[8,2,10,3],"texture":"#0"},"east":{"uv":[8,3,10,4],"texture":"#0"},"south":{"uv":[8,7,10,8],"texture":"#0"},"west":{"uv":[8,8,10,9],"texture":"#0"},"up":{"uv":[4,9,2,7],"texture":"#0"},"down":{"uv":[6,7,4,9],"texture":"#0"}}},{"from":[7,8,1.8],"to":[7.5,9.1,2.9],"rotation":{"angle":0,"axis":"y","origin":[7,8,4.9]},"faces":{"north":{"uv":[14,1,14.5,2],"texture":"#0"},"east":{"uv":[7,12,8,13],"texture":"#0"},"south":{"uv":[2,14,2.5,15],"texture":"#0"},"west":{"uv":[12,7,13,8],"texture":"#0"},"up":{"uv":[14.5,3,14,2],"texture":"#0"},"down":{"uv":[3.5,14,3,15],"texture":"#0"}}},{"from":[8.5,8,1.8],"to":[9,9.1,2.9],"rotation":{"angle":0,"axis":"y","origin":[9,8,4.9]},"faces":{"north":{"uv":[14.5,1,14,2],"texture":"#0"},"east":{"uv":[13,7,12,8],"texture":"#0"},"south":{"uv":[2.5,14,2,15],"texture":"#0"},"west":{"uv":[8,12,7,13],"texture":"#0"},"up":{"uv":[14,3,14.5,2],"texture":"#0"},"down":{"uv":[3,14,3.5,15],"texture":"#0"}}},{"from":[9,8.05,1.85],"to":[10,9.05,2.85],"rotation":{"angle":0,"axis":"y","origin":[14,8.05,1.85]},"faces":{"north":{"uv":[9,12,8,13],"texture":"#0"},"east":{"uv":[10,12,9,13],"texture":"#0"},"south":{"uv":[13,8,12,9],"texture":"#0"},"up":{"uv":[10,13,11,12],"texture":"#0"},"down":{"uv":[0,13,1,14],"texture":"#0"}}},{"from":[9.7706,8.075,2.02828],"to":[11.7706,9.025,2.90328],"rotation":{"angle":-22.5,"axis":"y","origin":[10.2706,8.55,2.50328]},"faces":{"north":{"uv":[4,9,2,10],"texture":"#0"},"east":{"uv":[2,13,1,14],"texture":"#0"},"south":{"uv":[6,9,4,10],"texture":"#0"},"up":{"uv":[6,10,8,9],"texture":"#0"},"down":{"uv":[8,9,10,10],"texture":"#0"}}},{"from":[11.23594,8.1,3.24243],"to":[12.23594,9,3.99243],"rotation":{"angle":-45,"axis":"y","origin":[12.23594,8.55,3.65493]},"faces":{"north":{"uv":[14,2,13,3],"texture":"#0"},"south":{"uv":[14,3,13,4],"texture":"#0"},"up":{"uv":[13,9.75,14,9],"texture":"#0"},"down":{"uv":[10,13,11,13.75],"texture":"#0"}}},{"from":[12.10603,8.075,3.10803],"to":[12.98103,9.025,5.10803],"rotation":{"angle":-22.5,"axis":"y","origin":[13.51853,8.55,3.80803]},"faces":{"north":{"uv":[5,13,4,14],"texture":"#0"},"east":{"uv":[12,1,10,2],"texture":"#0"},"south":{"uv":[14,4,13,5],"texture":"#0"},"west":{"uv":[12,0,10,1],"texture":"#0"},"up":{"uv":[2,12,3,10],"texture":"#0"},"down":{"uv":[10,2,11,4],"texture":"#0"}}},{"from":[7.59,7.49,8.29],"to":[8.41,8.31,9.11],"rotation":{"angle":22.5,"axis":"x","origin":[8,7.9,8.7]},"faces":{"east":{"uv":[12,13,12.75,13.75],"texture":"#0"},"west":{"uv":[13,12,13.75,12.75],"texture":"#0"},"up":{"uv":[13.75,13.75,13,13],"texture":"#0"},"down":{"uv":[0.75,14,0,14.75],"texture":"#0"}}},{"from":[7.4998,6.71712,8.89868],"to":[8.5002,7.71752,9.89908],"rotation":{"angle":45,"axis":"x","origin":[8,7.51732,9.62388]},"faces":{"north":{"uv":[12,4,13,5],"texture":"#0"},"east":{"uv":[5,12,6,13],"texture":"#0"},"west":{"uv":[12,5,13,6],"texture":"#0"},"up":{"uv":[7,13,6,12],"texture":"#0"},"down":{"uv":[13,6,12,7],"texture":"#0"}}},{"from":[7.41977,6.30194,9.10452],"to":[8.58023,7.46241,10.26499],"rotation":{"angle":-22.5,"axis":"x","origin":[8,6.75718,9.95976]},"faces":{"north":{"uv":[3,10,4.25,11.25],"texture":"#0"},"east":{"uv":[10,4,11.25,5.25],"texture":"#0"},"south":{"uv":[5,10,6.25,11.25],"texture":"#0"},"west":{"uv":[7,10,8.25,11.25],"texture":"#0"},"up":{"uv":[11.25,8.25,10,7],"texture":"#0"}}},{"from":[7.31533,5.15887,9.08086],"to":[8.68467,6.52822,10.45021],"rotation":{"angle":0,"axis":"x","origin":[8,5.84354,10.04054]},"faces":{"north":{"uv":[9,10,10.25,11.25],"texture":"#0"},"east":{"uv":[11,2,12.25,3.25],"texture":"#0"},"south":{"uv":[11,9,12.25,10.25],"texture":"#0"},"west":{"uv":[11,11,12.25,12.25],"texture":"#0"},"up":{"uv":[13.25,1.25,12,0],"texture":"#0"},"down":{"uv":[3.25,12,2,13.25],"texture":"#0"}}},{"from":[7.21533,5.38952,8.98086],"to":[8.78467,5.85887,10.55021],"rotation":{"angle":0,"axis":"x","origin":[8,5.9742,10.04054]},"faces":{"north":{"uv":[6,13,7.5,13.5],"texture":"#0"},"east":{"uv":[13,7,14.5,7.5],"texture":"#0"},"south":{"uv":[8,13,9.5,13.5],"texture":"#0"},"west":{"uv":[13,8,14.5,8.5],"texture":"#0"},"up":{"uv":[7.5,8.5,6,7],"texture":"#0"},"down":{"uv":[9.5,0,8,1.5],"texture":"#0"}}},{"from":[7.5,8.4,7.7],"to":[8.2,9.1,8.2],"rotation":{"angle":45,"axis":"z","origin":[8,8.9,7.95]},"faces":{"north":{"uv":[14,0,14.75,0.75],"texture":"#0"},"east":{"uv":[4,14,4.5,14.75],"texture":"#0"},"south":{"uv":[1,14,1.75,14.75],"texture":"#0"},"west":{"uv":[14,5,14.5,5.75],"texture":"#0"},"up":{"uv":[6.75,14.5,6,14],"texture":"#0"},"down":{"uv":[14.75,6,14,6.5],"texture":"#0"}}},{"from":[7.75,6.42426,7.11716],"to":[8.25,7.92426,7.31716],"rotation":{"angle":-45,"axis":"x","origin":[8,6.92426,7.21716]},"faces":{"north":{"uv":[13,10,13.5,11.5],"texture":"#0"},"east":{"uv":[7,14,7.25,15.5],"texture":"#0"},"south":{"uv":[11,13,11.5,14.5],"texture":"#0"},"west":{"uv":[8,14,8.25,15.5],"texture":"#0"},"up":{"uv":[14.5,11.25,14,11],"texture":"#0"},"down":{"uv":[12.5,14,12,14.25],"texture":"#0"}}},{"from":[7.75,6.5,7.5],"to":[8.25,6.7,9.2],"rotation":{"angle":0,"axis":"x","origin":[8,6.6,7.5]},"faces":{"north":{"uv":[14,12,14.5,12.25],"texture":"#0"},"east":{"uv":[14,3,15.75,3.25],"texture":"#0"},"south":{"uv":[13,14,13.5,14.25],"texture":"#0"},"west":{"uv":[14,4,15.75,4.25],"texture":"#0"},"up":{"uv":[5.5,14.75,5,13],"texture":"#0"},"down":{"uv":[13.5,5,13,6.75],"texture":"#0"}}},{"from":[7.75,7,7.9],"to":[8.25,7.7,8.1],"rotation":{"angle":22.5,"axis":"x","origin":[8,7.1,7.8]},"faces":{"north":{"uv":[9,14,9.5,14.75],"texture":"#0"},"east":{"uv":[10,14,10.25,14.75],"texture":"#0"},"south":{"uv":[14,9,14.5,9.75],"texture":"#0"},"west":{"uv":[14,10,14.25,10.75],"texture":"#0"},"up":{"uv":[14.5,13.25,14,13],"texture":"#0"},"down":{"uv":[14.5,14,14,14.25],"texture":"#0"}}},{"from":[4,8.625,3.96853],"to":[12,8.625,7.96853],"rotation":{"angle":0,"axis":"y","origin":[4.5,8.025,4.46853]},"faces":{"north":{"uv":[0,0,8,0],"texture":"#0"},"east":{"uv":[0,0,4,0],"texture":"#0"},"south":{"uv":[0,0,8,0],"texture":"#0"},"west":{"uv":[0,0,4,0],"texture":"#0"},"up":{"uv":[8,4,0,0],"texture":"#0"},"down":{"uv":[0,0,8,4],"texture":"#0"}}}],"gui_light":"front","display":{"thirdperson_righthand":{"translation":[0,0.75,5],"scale":[1.46094,1.46094,1.46094]},"thirdperson_lefthand":{"translation":[0,0.75,5],"scale":[1.46094,1.46094,1.46094]},"firstperson_righthand":{"rotation":[4.75,0,25],"translation":[-3.5,4.5,7]},"firstperson_lefthand":{"rotation":[4.75,0,25],"translation":[-3.5,4.5,7]},"ground":{"rotation":[-13,0,0],"translation":[0,2.75,4.75],"scale":[1.62891,1.62891,1.62891]},"gui":{"rotation":[45,-39,0],"translation":[-3,-1.75,0],"scale":[1.3,1.3,1.3]},"head":{"scale":[0,0,0]},"fixed":{"rotation":[-102,0,0],"translation":[0,6.25,-8.25],"scale":[3.48242,3.48242,3.48242]}}}