{"credit":"MadewithBlockbench","texture_size":[12,12],"textures":{"1":"piratepack:melee"},"elements":[{"from":[7.5,-0.35,7.5],"to":[8.5,0.65,8.5],"rotation":{"angle":0,"axis":"y","origin":[7.5,-0.35,7.5]},"faces":{"north":{"uv":[8,2.66667,9.33333,4],"texture":"#1"},"east":{"uv":[4,8,5.33333,9.33333],"texture":"#1"},"south":{"uv":[8,4,9.33333,5.33333],"texture":"#1"},"west":{"uv":[5.33333,8,6.66667,9.33333],"texture":"#1"},"up":{"uv":[9.33333,6.66667,8,5.33333],"texture":"#1"},"down":{"uv":[8,8,6.66667,9.33333],"texture":"#1"}}},{"from":[7.5,3.65,7.5],"to":[8.5,4.65,8.5],"rotation":{"angle":0,"axis":"y","origin":[7.5,3.65,7.5]},"faces":{"north":{"uv":[8,2.66667,9.33333,4],"texture":"#1"},"east":{"uv":[4,8,5.33333,9.33333],"texture":"#1"},"south":{"uv":[8,4,9.33333,5.33333],"texture":"#1"},"west":{"uv":[5.33333,8,6.66667,9.33333],"texture":"#1"},"up":{"uv":[9.33333,6.66667,8,5.33333],"texture":"#1"},"down":{"uv":[8,8,6.66667,9.33333],"texture":"#1"}}},{"from":[7.6,-1.15,7.5],"to":[8.4,-0.15,8.5],"rotation":{"angle":-45,"axis":"x","origin":[8,-0.65,8]},"faces":{"north":{"uv":[9.33333,2.66667,10.33333,4],"texture":"#1"},"east":{"uv":[8,6.66667,9.33333,8],"texture":"#1"},"south":{"uv":[4,9.33333,5,10.66667],"texture":"#1"},"west":{"uv":[8,8,9.33333,9.33333],"texture":"#1"},"up":{"uv":[10.33333,5.33333,9.33333,4],"texture":"#1"},"down":{"uv":[6.33333,9.33333,5.33333,10.66667],"texture":"#1"}}},{"from":[7.6,0.65,7.6],"to":[8.4,3.65,8.4],"rotation":{"angle":0,"axis":"y","origin":[7.5,-0.35,7.5]},"faces":{"north":{"uv":[4,0,5,4],"texture":"#1"},"east":{"uv":[4,4,5,8],"texture":"#1"},"south":{"uv":[5.33333,0,6.33333,4],"texture":"#1"},"west":{"uv":[5.33333,4,6.33333,8],"texture":"#1"},"up":{"uv":[10.33333,6.33333,9.33333,5.33333],"texture":"#1"},"down":{"uv":[7.66667,9.33333,6.66667,10.33333],"texture":"#1"}}},{"from":[7.5125,4.225,7],"to":[8.4875,5.225,9],"rotation":{"angle":0,"axis":"x","origin":[8,4.725,8]},"faces":{"north":{"uv":[9.33333,0,10.66667,1.33333],"texture":"#1"},"east":{"uv":[6.66667,0,9.33333,1.33333],"texture":"#1"},"south":{"uv":[9.33333,1.33333,10.66667,2.66667],"texture":"#1"},"west":{"uv":[6.66667,1.33333,9.33333,2.66667],"texture":"#1"},"up":{"uv":[8,5.33333,6.66667,2.66667],"texture":"#1"},"down":{"uv":[8,5.33333,6.66667,8],"texture":"#1"}}},{"from":[8,4.65,6.5],"to":[8,14.65,9.5],"rotation":{"angle":0,"axis":"y","origin":[8,4.65,6.5]},"faces":{"north":{"uv":[0,0,0,13.33333],"texture":"#1"},"east":{"uv":[4,0,0,13.33333],"texture":"#1"},"south":{"uv":[0,0,0,13.33333],"texture":"#1"},"west":{"uv":[0,0,4,13.33333],"texture":"#1"},"up":{"uv":[0,4,0,0],"texture":"#1"},"down":{"uv":[0,0,0,4],"texture":"#1"}}}],"gui_light":"front","display":{"thirdperson_righthand":{"rotation":[0.57,-12.43,-67.73],"translation":[5.5,0.75,2]},"thirdperson_lefthand":{"rotation":[0.57,-12.43,-67.73],"translation":[5.5,0.75,2]},"firstperson_righthand":{"rotation":[-4.88,12.45,-70.77],"translation":[-1.5,3.75,1.75],"scale":[1.14648,1.14648,1.14648]},"firstperson_lefthand":{"rotation":[-4.88,12.45,-70.77],"translation":[-1.5,3.75,1.75],"scale":[1.14648,1.14648,1.14648]},"ground":{"rotation":[8.65,19.4,-69.76],"translation":[1.5,0.75,0],"scale":[1.05469,1.05469,1.05469]},"gui":{"rotation":[90,-135,90],"translation":[1,1,0],"scale":[0.93945,0.93945,0.93945]},"head":{"scale":[0,0,0]},"fixed":{"rotation":[0,90,0],"translation":[0.5,3.75,-2.5],"scale":[2.42773,2.42773,2.42773]}}}