{"credit":"MadewithBlockbench","texture_size":[20,20],"textures":{"0":"piratepack:oldshipcanon","particle":"piratepack:oldshipcanon"},"elements":[{"from":[10.226,0.01758,10.65707],"to":[12.866,5.29758,15.93707],"rotation":{"angle":0,"axis":"y","origin":[12.514,2.65758,13.29707]},"faces":{"north":{"uv":[11.6,0,10.4,2.4],"texture":"#0"},"east":{"uv":[8,0,5.6,2.4],"texture":"#0"},"south":{"uv":[3.6,10.4,2.4,12.8],"texture":"#0"},"west":{"uv":[7.2,4.8,4.8,7.2],"texture":"#0"},"up":{"uv":[10.4,4.8,11.6,2.4],"texture":"#0"},"down":{"uv":[12,0,13.2,2.4],"texture":"#0"}}},{"from":[12.866,1.24958,11.88907],"to":[13.746,4.06558,14.70507],"rotation":{"angle":0,"axis":"x","origin":[13.834,3.00958,12.94507]},"faces":{"north":{"uv":[14,4,13.6,5.2],"texture":"#0"},"east":{"uv":[10.8,12,9.6,13.2],"texture":"#0"},"south":{"uv":[14,5.6,13.6,6.8],"texture":"#0"},"west":{"uv":[13.2,8,12,9.2],"texture":"#0"},"up":{"uv":[13.6,8.4,14,7.2],"texture":"#0"},"down":{"uv":[8,13.6,8.4,14.8],"texture":"#0"}}},{"from":[2.482,1.24958,11.88907],"to":[3.362,4.06558,14.70507],"rotation":{"angle":0,"axis":"x","origin":[2.394,3.00958,12.94507]},"faces":{"north":{"uv":[13.6,4,14,5.2],"texture":"#0"},"east":{"uv":[12,8,13.2,9.2],"texture":"#0"},"south":{"uv":[13.6,5.6,14,6.8],"texture":"#0"},"west":{"uv":[9.6,12,10.8,13.2],"texture":"#0"},"up":{"uv":[14,8.4,13.6,7.2],"texture":"#0"},"down":{"uv":[8.4,13.6,8,14.8],"texture":"#0"}}},{"from":[3.362,0.01758,10.65707],"to":[6.002,5.29758,15.93707],"rotation":{"angle":0,"axis":"y","origin":[3.714,2.65758,13.29707]},"faces":{"north":{"uv":[10.4,0,11.6,2.4],"texture":"#0"},"east":{"uv":[4.8,4.8,7.2,7.2],"texture":"#0"},"south":{"uv":[2.4,10.4,3.6,12.8],"texture":"#0"},"west":{"uv":[5.6,0,8,2.4],"texture":"#0"},"up":{"uv":[11.6,4.8,10.4,2.4],"texture":"#0"},"down":{"uv":[13.2,0,12,2.4],"texture":"#0"}}},{"from":[5.474,1.84139,6.24],"to":[10.754,7.12139,18.56],"rotation":{"angle":0,"axis":"x","origin":[8.114,6.98139,8]},"faces":{"north":{"uv":[5.6,2.4,8,4.8],"texture":"#0"},"east":{"uv":[0,0,5.6,2.4],"texture":"#0"},"south":{"uv":[4.8,7.2,7.2,9.6],"texture":"#0"},"west":{"uv":[0,2.4,5.6,4.8],"texture":"#0"},"up":{"uv":[2.4,10.4,0,4.8],"texture":"#0"},"down":{"uv":[4.8,4.8,2.4,10.4],"texture":"#0"}}},{"from":[6.002,2.36939,18.56],"to":[10.226,6.59339,19.44],"rotation":{"angle":0,"axis":"x","origin":[8.114,6.98139,8]},"faces":{"north":{"uv":[7.2,4.8,9.2,6.8],"texture":"#0"},"east":{"uv":[0,12.8,0.4,14.8],"texture":"#0"},"south":{"uv":[7.2,7.2,9.2,9.2],"texture":"#0"},"west":{"uv":[0.8,12.8,1.2,14.8],"texture":"#0"},"up":{"uv":[14,11.6,12,11.2],"texture":"#0"},"down":{"uv":[3.6,12.8,1.6,13.2],"texture":"#0"}}},{"from":[6.002,2.36939,1.84],"to":[10.226,6.59339,6.24],"rotation":{"angle":0,"axis":"x","origin":[8.114,6.98139,8]},"faces":{"north":{"uv":[8,0,10,2],"texture":"#0"},"east":{"uv":[8,2.4,10,4.4],"texture":"#0"},"south":{"uv":[4.8,9.6,6.8,11.6],"texture":"#0"},"west":{"uv":[9.6,4.8,11.6,6.8],"texture":"#0"},"up":{"uv":[9.2,11.6,7.2,9.6],"texture":"#0"},"down":{"uv":[11.6,7.2,9.6,9.2],"texture":"#0"}}},{"from":[6.53,2.89738,-2.55999],"to":[9.698,6.06538,1.84001],"rotation":{"angle":0,"axis":"x","origin":[8.114,6.98139,8]},"faces":{"north":{"uv":[12,6.4,13.4,7.8],"texture":"#0"},"east":{"uv":[12,2.4,14,3.8],"texture":"#0"},"south":{"uv":[8,12,9.4,13.4],"texture":"#0"},"west":{"uv":[4,12,6,13.4],"texture":"#0"},"up":{"uv":[13.4,6,12,4],"texture":"#0"},"down":{"uv":[7.8,12,6.4,14],"texture":"#0"}}},{"from":[6.002,2.36939,-3.44],"to":[10.226,6.59339,-2.56],"rotation":{"angle":0,"axis":"x","origin":[8.114,6.98139,8]},"faces":{"north":{"uv":[9.6,9.6,11.6,11.6],"texture":"#0"},"east":{"uv":[12.8,12,13.2,14],"texture":"#0"},"south":{"uv":[0,10.4,2,12.4],"texture":"#0"},"west":{"uv":[13.6,0,14,2],"texture":"#0"},"up":{"uv":[3.6,14,1.6,13.6],"texture":"#0"},"down":{"uv":[6,13.6,4,14],"texture":"#0"}}},{"from":[6.882,7.12139,14.248],"to":[9.346,8.00139,16.712],"rotation":{"angle":0,"axis":"x","origin":[8.114,6.98139,8]},"faces":{"north":{"uv":[8.8,13.6,10,14],"texture":"#0"},"east":{"uv":[13.6,8.8,14.8,9.2],"texture":"#0"},"south":{"uv":[13.6,9.6,14.8,10],"texture":"#0"},"west":{"uv":[10.4,13.6,11.6,14],"texture":"#0"},"up":{"uv":[13.2,10.8,12,9.6],"texture":"#0"},"down":{"uv":[12.4,12,11.2,13.2],"texture":"#0"}}},{"from":[8.114,8.00139,14.6],"to":[8.114,9.76139,16.36],"rotation":{"angle":0,"axis":"x","origin":[8.114,6.98139,8]},"faces":{"north":{"uv":[0,0,0,0.8],"texture":"#0"},"east":{"uv":[4.8,10.4,4,11.2],"texture":"#0"},"south":{"uv":[0,0,0,0.8],"texture":"#0"},"west":{"uv":[4,10.4,4.8,11.2],"texture":"#0"},"up":{"uv":[0,0.8,0,0],"texture":"#0"},"down":{"uv":[0,0,0,0.8],"texture":"#0"}}}],"gui_light":"front","display":{"thirdperson_righthand":{"rotation":[34,0,0],"translation":[0,5.75,-0.25],"scale":[0.6,0.6,0.6]},"thirdperson_lefthand":{"rotation":[34,0,0],"translation":[0,5.75,-0.25],"scale":[0.6,0.6,0.6]},"firstperson_righthand":{"translation":[-1.5,7.5,-0.25]},"firstperson_lefthand":{"translation":[-1.5,7.5,-0.25]},"ground":{"translation":[0,7.25,0],"scale":[0.99609,0.99609,0.99609]},"gui":{"rotation":[0,90,0],"translation":[0,0.5,0],"scale":[0.67578,0.67578,0.67578]},"head":{"translation":[0,-20.5,-16.75],"scale":[3,3,3]},"fixed":{"rotation":[-90,0,0],"translation":[0,-14,-30.5],"scale":[4,4,4]}}}