{"credit":"MadewithBlockbench","texture_size":[24,24],"textures":{"0":"piratepack:shield","particle":"piratepack:shield"},"elements":[{"from":[7,4.5,7.5],"to":[8,11.5,8.5],"rotation":{"angle":0,"axis":"y","origin":[7,9.5,7.5]},"faces":{"north":{"uv":[6,0.66667,6.66667,5.33333],"texture":"#0"},"east":{"uv":[2,6,2.66667,10.66667],"texture":"#0"},"south":{"uv":[2.66667,6,3.33333,10.66667],"texture":"#0"},"west":{"uv":[3.33333,6,4,10.66667],"texture":"#0"},"up":{"uv":[10,8.66667,9.33333,8],"texture":"#0"},"down":{"uv":[10.66667,2.66667,10,3.33333],"texture":"#0"}}},{"from":[6,4,7.4],"to":[7,12,8.4],"rotation":{"angle":0,"axis":"y","origin":[7,9.7,7.5]},"faces":{"north":{"uv":[2.66667,0,3.33333,5.33333],"texture":"#0"},"east":{"uv":[3.33333,0,4,5.33333],"texture":"#0"},"south":{"uv":[4,0,4.66667,5.33333],"texture":"#0"},"west":{"uv":[4.66667,0,5.33333,5.33333],"texture":"#0"},"up":{"uv":[10.66667,4.66667,10,4],"texture":"#0"},"down":{"uv":[5.33333,10,4.66667,10.66667],"texture":"#0"}}},{"from":[5,5,7.5],"to":[6,11,8.5],"rotation":{"angle":0,"axis":"y","origin":[7,9.7,7.5]},"faces":{"north":{"uv":[4,6,4.66667,10],"texture":"#0"},"east":{"uv":[4.66667,6,5.33333,10],"texture":"#0"},"south":{"uv":[5.33333,6,6,10],"texture":"#0"},"west":{"uv":[6,6,6.66667,10],"texture":"#0"},"up":{"uv":[0.66667,11.33333,0,10.66667],"texture":"#0"},"down":{"uv":[11.33333,0,10.66667,0.66667],"texture":"#0"}}},{"from":[10,5,7.5],"to":[11,11,8.5],"rotation":{"angle":0,"axis":"y","origin":[7,9.7,7.5]},"faces":{"north":{"uv":[6.66667,0.66667,7.33333,4.66667],"texture":"#0"},"east":{"uv":[6.66667,4.66667,7.33333,8.66667],"texture":"#0"},"south":{"uv":[7.33333,0.66667,8,4.66667],"texture":"#0"},"west":{"uv":[7.33333,4.66667,8,8.66667],"texture":"#0"},"up":{"uv":[1.33333,11.33333,0.66667,10.66667],"texture":"#0"},"down":{"uv":[2,10.66667,1.33333,11.33333],"texture":"#0"}}},{"from":[11,6,7.4],"to":[12,10,8.4],"rotation":{"angle":0,"axis":"y","origin":[8,9.7,7.4]},"faces":{"north":{"uv":[8,0.66667,8.66667,3.33333],"texture":"#0"},"east":{"uv":[8,3.33333,8.66667,6],"texture":"#0"},"south":{"uv":[8,6,8.66667,8.66667],"texture":"#0"},"west":{"uv":[8.66667,0.66667,9.33333,3.33333],"texture":"#0"},"up":{"uv":[11.33333,4,10.66667,3.33333],"texture":"#0"},"down":{"uv":[4.66667,10.66667,4,11.33333],"texture":"#0"}}},{"from":[4,6,7.4],"to":[5,10,8.4],"rotation":{"angle":0,"axis":"y","origin":[1,9.7,7.4]},"faces":{"north":{"uv":[8.66667,3.33333,9.33333,6],"texture":"#0"},"east":{"uv":[8.66667,6,9.33333,8.66667],"texture":"#0"},"south":{"uv":[6.66667,8.66667,7.33333,11.33333],"texture":"#0"},"west":{"uv":[8,8.66667,7.33333,11.33333],"texture":"#0"},"up":{"uv":[11.33333,4.66667,10.66667,4],"texture":"#0"},"down":{"uv":[5.33333,10.66667,4.66667,11.33333],"texture":"#0"}}},{"from":[8,4.5,7.45],"to":[9,12.5,8.45],"rotation":{"angle":0,"axis":"y","origin":[7,9.5,7.65]},"faces":{"north":{"uv":[0,0,0.66667,5.33333],"texture":"#0"},"east":{"uv":[0.66667,0,1.33333,5.33333],"texture":"#0"},"south":{"uv":[1.33333,0,2,5.33333],"texture":"#0"},"west":{"uv":[2,0,2.66667,5.33333],"texture":"#0"},"up":{"uv":[10.66667,4,10,3.33333],"texture":"#0"},"down":{"uv":[4.66667,10,4,10.66667],"texture":"#0"}}},{"from":[7.43934,11.85355,7.4625],"to":[8.43934,12.85355,8.4375],"rotation":{"angle":45,"axis":"z","origin":[7.93934,12.85355,7.9375]},"faces":{"north":{"uv":[10,6,10.66667,5.33333],"texture":"#0"},"east":{"uv":[6,10.66667,6.66667,10],"texture":"#0"},"south":{"uv":[10,6.66667,10.66667,6],"texture":"#0"},"west":{"uv":[10,8.66667,10.66667,8],"texture":"#0"},"up":{"uv":[10.66667,10,10,9.33333],"texture":"#0"},"down":{"uv":[10.66667,10,10,10.66667],"texture":"#0"}}},{"from":[5.85355,3.35355,7.4125],"to":[6.85355,4.35355,8.3875],"rotation":{"angle":45,"axis":"z","origin":[6.35355,4.35355,7.8875]},"faces":{"north":{"uv":[10.66667,1.33333,11.33333,2],"texture":"#0"},"east":{"uv":[2,10.66667,2.66667,11.33333],"texture":"#0"},"south":{"uv":[10.66667,2,11.33333,2.66667],"texture":"#0"},"west":{"uv":[2.66667,10.66667,3.33333,11.33333],"texture":"#0"},"up":{"uv":[11.33333,3.33333,10.66667,2.66667],"texture":"#0"},"down":{"uv":[4,10.66667,3.33333,11.33333],"texture":"#0"}}},{"from":[9,3.5,7.4],"to":[10,11.5,8.4],"rotation":{"angle":0,"axis":"y","origin":[7,9.5,7.5]},"faces":{"north":{"uv":[0,5.33333,0.66667,10.66667],"texture":"#0"},"east":{"uv":[5.33333,0,6,5.33333],"texture":"#0"},"south":{"uv":[0.66667,5.33333,1.33333,10.66667],"texture":"#0"},"west":{"uv":[1.33333,5.33333,2,10.66667],"texture":"#0"},"up":{"uv":[10.66667,5.33333,10,4.66667],"texture":"#0"},"down":{"uv":[6,10,5.33333,10.66667],"texture":"#0"}}},{"from":[7.5,9.9,8.4],"to":[8.5,10.9,10.4],"rotation":{"angle":0,"axis":"y","origin":[7.5,9.9,8.4]},"faces":{"north":{"uv":[10.66667,4.66667,11.33333,5.33333],"texture":"#0"},"east":{"uv":[9.33333,6.66667,10.66667,7.33333],"texture":"#0"},"south":{"uv":[5.33333,10.66667,6,11.33333],"texture":"#0"},"west":{"uv":[9.33333,7.33333,10.66667,8],"texture":"#0"},"up":{"uv":[10,10.66667,9.33333,9.33333],"texture":"#0"},"down":{"uv":[10.66667,1.33333,10,2.66667],"texture":"#0"}}},{"from":[7.5,5.1,8.4],"to":[8.5,6.1,10.4],"rotation":{"angle":0,"axis":"y","origin":[7.5,6.1,8.4]},"faces":{"north":{"uv":[10.66667,5.33333,11.33333,4.66667],"texture":"#0"},"east":{"uv":[9.33333,7.33333,10.66667,6.66667],"texture":"#0"},"south":{"uv":[5.33333,11.33333,6,10.66667],"texture":"#0"},"west":{"uv":[9.33333,8,10.66667,7.33333],"texture":"#0"},"up":{"uv":[10.66667,2.66667,10,1.33333],"texture":"#0"},"down":{"uv":[10,9.33333,9.33333,10.66667],"texture":"#0"}}},{"from":[7.6,6,9.5],"to":[8.4,10,10.3],"rotation":{"angle":0,"axis":"y","origin":[7.5,6,8.4]},"faces":{"north":{"uv":[9.33333,1.33333,9.83333,4],"texture":"#0"},"east":{"uv":[9.33333,4,9.83333,6.66667],"texture":"#0"},"south":{"uv":[8,9.33333,8.5,12],"texture":"#0"},"west":{"uv":[8.66667,9.33333,9.16667,12],"texture":"#0"},"up":{"uv":[11.16667,5.83333,10.66667,5.33333],"texture":"#0"},"down":{"uv":[6.5,10.66667,6,11.16667],"texture":"#0"}}},{"from":[4.5,8.75,7.2],"to":[11.5,9.75,7.6],"rotation":{"angle":0,"axis":"y","origin":[5,8.75,7.2]},"faces":{"north":{"uv":[2,5.33333,6.66667,6],"texture":"#0"},"east":{"uv":[10.66667,6,11,6.66667],"texture":"#0"},"south":{"uv":[6,0,10.66667,0.66667],"texture":"#0"},"west":{"uv":[10.66667,6.66667,11,7.33333],"texture":"#0"},"up":{"uv":[12.66667,9,8,8.66667],"texture":"#0"},"down":{"uv":[14,0.66667,9.33333,1],"texture":"#0"}}},{"from":[4.5,7.5,8.3],"to":[11.5,8.5,8.7],"rotation":{"angle":0,"axis":"y","origin":[5,7.5,8.7]},"faces":{"north":{"uv":[10.66667,0,6,0.66667],"texture":"#0"},"east":{"uv":[11,6,10.66667,6.66667],"texture":"#0"},"south":{"uv":[6.66667,5.33333,2,6],"texture":"#0"},"west":{"uv":[11,6.66667,10.66667,7.33333],"texture":"#0"},"up":{"uv":[12.66667,8.66667,8,9],"texture":"#0"},"down":{"uv":[14,1,9.33333,0.66667],"texture":"#0"}}},{"from":[4.5,6.25,7.2],"to":[11.5,7.25,7.6],"rotation":{"angle":0,"axis":"y","origin":[5,6.25,7.2]},"faces":{"north":{"uv":[2,5.33333,6.66667,6],"texture":"#0"},"east":{"uv":[10.66667,6,11,6.66667],"texture":"#0"},"south":{"uv":[6,0,10.66667,0.66667],"texture":"#0"},"west":{"uv":[10.66667,6.66667,11,7.33333],"texture":"#0"},"up":{"uv":[12.66667,9,8,8.66667],"texture":"#0"},"down":{"uv":[14,0.66667,9.33333,1],"texture":"#0"}}}],"gui_light":"front","display":{"thirdperson_righthand":{"rotation":[0,-90,0],"translation":[3,-2.25,2],"scale":[1.5,1.5,1.5]},"thirdperson_lefthand":{"rotation":[0,-90,0],"translation":[3,-2.25,2],"scale":[1.5,1.5,1.5]},"firstperson_righthand":{"translation":[-3.75,2.5,4]},"firstperson_lefthand":{"translation":[-3.75,2.5,4]},"ground":{"rotation":[65,19.4,-69.76],"translation":[1.5,0.75,0],"scale":[1.28516,1.28516,1.28516]},"gui":{"translation":[0,-0.25,0],"scale":[1.48672,1.48672,1.48672]},"head":{"scale":[0,0,0]},"fixed":{"translation":[0,0,-2.75],"scale":[3.80469,3.80469,3.80469]}}}