{"credit":"MadewithBlockbench","texture_size":[12,12],"textures":{"1":"piratepack:shovel"},"elements":[{"from":[7.5,-0.35,7.5],"to":[8.5,0.65,8.5],"rotation":{"angle":0,"axis":"y","origin":[7.5,-0.35,7.5]},"faces":{"north":{"uv":[0,8,1.33333,9.33333],"texture":"#1"},"east":{"uv":[8,0,9.33333,1.33333],"texture":"#1"},"south":{"uv":[1.33333,8,2.66667,9.33333],"texture":"#1"},"west":{"uv":[8,1.33333,9.33333,2.66667],"texture":"#1"},"up":{"uv":[4,9.33333,2.66667,8],"texture":"#1"},"down":{"uv":[9.33333,2.66667,8,4],"texture":"#1"}}},{"from":[7.5,2.65,7.5],"to":[8.5,3.65,8.5],"rotation":{"angle":0,"axis":"y","origin":[7.5,-0.35,7.5]},"faces":{"north":{"uv":[0,8,1.33333,9.33333],"texture":"#1"},"east":{"uv":[8,0,9.33333,1.33333],"texture":"#1"},"south":{"uv":[1.33333,8,2.66667,9.33333],"texture":"#1"},"west":{"uv":[8,1.33333,9.33333,2.66667],"texture":"#1"},"up":{"uv":[4,9.33333,2.66667,8],"texture":"#1"},"down":{"uv":[9.33333,2.66667,8,4],"texture":"#1"}}},{"from":[7.5,5.65,7.5],"to":[8.5,6.65,8.5],"rotation":{"angle":0,"axis":"y","origin":[7.5,-0.35,7.5]},"faces":{"north":{"uv":[0,8,1.33333,9.33333],"texture":"#1"},"east":{"uv":[8,0,9.33333,1.33333],"texture":"#1"},"south":{"uv":[1.33333,8,2.66667,9.33333],"texture":"#1"},"west":{"uv":[8,1.33333,9.33333,2.66667],"texture":"#1"},"up":{"uv":[4,9.33333,2.66667,8],"texture":"#1"},"down":{"uv":[9.33333,2.66667,8,4],"texture":"#1"}}},{"from":[7.5,7.65,7.5],"to":[8.5,9.65,8.5],"rotation":{"angle":0,"axis":"y","origin":[7.5,7.65,7.5]},"faces":{"north":{"uv":[4,0,5.33333,2.66667],"texture":"#1"},"east":{"uv":[4,2.66667,5.33333,5.33333],"texture":"#1"},"south":{"uv":[0,5.33333,1.33333,8],"texture":"#1"},"west":{"uv":[5.33333,0,6.66667,2.66667],"texture":"#1"},"up":{"uv":[6.66667,9.33333,5.33333,8],"texture":"#1"},"down":{"uv":[9.33333,5.33333,8,6.66667],"texture":"#1"}}},{"from":[7.6,-1.15,7.5],"to":[8.4,-0.15,8.5],"rotation":{"angle":-45,"axis":"x","origin":[8,-0.65,8]},"faces":{"north":{"uv":[2.66667,9.33333,3.66667,10.66667],"texture":"#1"},"east":{"uv":[4,8,5.33333,9.33333],"texture":"#1"},"south":{"uv":[9.33333,2.66667,10.33333,4],"texture":"#1"},"west":{"uv":[8,4,9.33333,5.33333],"texture":"#1"},"up":{"uv":[5,10.66667,4,9.33333],"texture":"#1"},"down":{"uv":[10.33333,4,9.33333,5.33333],"texture":"#1"}}},{"from":[7.6,0.65,7.6],"to":[8.4,2.65,8.4],"rotation":{"angle":0,"axis":"y","origin":[7.5,-0.35,7.5]},"faces":{"north":{"uv":[1.33333,5.33333,2.33333,8],"texture":"#1"},"east":{"uv":[2.66667,5.33333,3.66667,8],"texture":"#1"},"south":{"uv":[5.33333,2.66667,6.33333,5.33333],"texture":"#1"},"west":{"uv":[4,5.33333,5,8],"texture":"#1"},"up":{"uv":[10.33333,9,9.33333,8],"texture":"#1"},"down":{"uv":[10.33333,9.33333,9.33333,10.33333],"texture":"#1"}}},{"from":[7.6,3.65,7.6],"to":[8.4,5.65,8.4],"rotation":{"angle":0,"axis":"y","origin":[7.5,-0.35,7.5]},"faces":{"north":{"uv":[5.33333,5.33333,6.33333,8],"texture":"#1"},"east":{"uv":[6.66667,0,7.66667,2.66667],"texture":"#1"},"south":{"uv":[6.66667,2.66667,7.66667,5.33333],"texture":"#1"},"west":{"uv":[6.66667,5.33333,7.66667,8],"texture":"#1"},"up":{"uv":[11.66667,1,10.66667,0],"texture":"#1"},"down":{"uv":[11.66667,1.33333,10.66667,2.33333],"texture":"#1"}}},{"from":[7.6,6.65,7.6],"to":[8.4,7.65,8.4],"rotation":{"angle":0,"axis":"y","origin":[7.5,2.65,7.5]},"faces":{"north":{"uv":[5.33333,9.33333,6.33333,10.66667],"texture":"#1"},"east":{"uv":[9.33333,5.33333,10.33333,6.66667],"texture":"#1"},"south":{"uv":[6.66667,9.33333,7.66667,10.66667],"texture":"#1"},"west":{"uv":[9.33333,6.66667,10.33333,8],"texture":"#1"}}},{"from":[7.6,9.65,7.6],"to":[8.4,9.85,8.4],"rotation":{"angle":0,"axis":"y","origin":[8,13.15,8]},"faces":{"north":{"uv":[10.66667,6.66667,11.66667,7],"texture":"#1"},"east":{"uv":[8,10.66667,9,11],"texture":"#1"},"south":{"uv":[10.66667,8,11.66667,8.33333],"texture":"#1"},"west":{"uv":[9.33333,10.66667,10.33333,11],"texture":"#1"},"up":{"uv":[3.66667,11.66667,2.66667,10.66667],"texture":"#1"}}},{"from":[7.75,8.65,6.5],"to":[8.25,9.65,7.5],"rotation":{"angle":0,"axis":"y","origin":[8,10.15,8]},"faces":{"north":{"uv":[10.66667,2.66667,11.33333,4],"texture":"#1"},"east":{"uv":[6.66667,8,8,9.33333],"texture":"#1"},"south":{"uv":[4,10.66667,4.66667,12],"texture":"#1"},"west":{"uv":[8,6.66667,9.33333,8],"texture":"#1"},"up":{"uv":[11.33333,5.33333,10.66667,4],"texture":"#1"},"down":{"uv":[6,10.66667,5.33333,12],"texture":"#1"}}},{"from":[7.75,9.65,6.5],"to":[8.25,11.65,7],"rotation":{"angle":0,"axis":"y","origin":[8,10.15,8]},"faces":{"north":{"uv":[8,8,8.66667,10.66667],"texture":"#1"},"east":{"uv":[0,9.33333,0.66667,12],"texture":"#1"},"south":{"uv":[9.33333,0,10,2.66667],"texture":"#1"},"west":{"uv":[1.33333,9.33333,2,12],"texture":"#1"},"up":{"uv":[11.33333,6,10.66667,5.33333],"texture":"#1"},"down":{"uv":[7.33333,10.66667,6.66667,11.33333],"texture":"#1"}}},{"from":[7.75,9.65,9],"to":[8.25,11.65,9.5],"rotation":{"angle":0,"axis":"y","origin":[8,10.15,8]},"faces":{"north":{"uv":[10,0,9.33333,2.66667],"texture":"#1"},"east":{"uv":[0.66667,9.33333,0,12],"texture":"#1"},"south":{"uv":[8.66667,8,8,10.66667],"texture":"#1"},"west":{"uv":[2,9.33333,1.33333,12],"texture":"#1"},"up":{"uv":[11.33333,5.33333,10.66667,6],"texture":"#1"},"down":{"uv":[7.33333,11.33333,6.66667,10.66667],"texture":"#1"}}},{"from":[7.75,8.65,8.5],"to":[8.25,9.65,9.5],"rotation":{"angle":0,"axis":"y","origin":[8,10.15,8]},"faces":{"north":{"uv":[4.66667,10.66667,4,12],"texture":"#1"},"east":{"uv":[8,8,6.66667,9.33333],"texture":"#1"},"south":{"uv":[11.33333,2.66667,10.66667,4],"texture":"#1"},"west":{"uv":[9.33333,6.66667,8,8],"texture":"#1"},"up":{"uv":[11.33333,4,10.66667,5.33333],"texture":"#1"},"down":{"uv":[6,12,5.33333,10.66667],"texture":"#1"}}},{"from":[8.05,9.65,6.5],"to":[8.05,13.65,9.5],"rotation":{"angle":0,"axis":"y","origin":[7,9.65,6.5]},"faces":{"north":{"uv":[0,0,0,5.33333],"texture":"#1"},"east":{"uv":[4,0,0,5.33333],"texture":"#1"},"south":{"uv":[0,0,0,5.33333],"texture":"#1"},"west":{"uv":[0,0,4,5.33333],"texture":"#1"},"up":{"uv":[0,4,0,0],"texture":"#1"},"down":{"uv":[0,0,0,4],"texture":"#1"}}}],"gui_light":"front","display":{"thirdperson_righthand":{"translation":[0,4.5,0.75],"scale":[1.32227,1.32227,1.32227]},"thirdperson_lefthand":{"translation":[0,4.5,0.75],"scale":[1.32227,1.32227,1.32227]},"firstperson_righthand":{"rotation":[-15,0,0],"translation":[-0.5,6.25,2.25],"scale":[1.1543,1.1543,1.1543]},"firstperson_lefthand":{"rotation":[-15,0,0],"translation":[-0.5,6.25,2.25],"scale":[1.1543,1.1543,1.1543]},"ground":{"rotation":[8.65,19.4,-69.76],"translation":[1.5,0.75,0],"scale":[1.05469,1.05469,1.05469]},"gui":{"rotation":[90,-135,90],"translation":[1,0.75,0]},"head":{"scale":[0,0,0]},"fixed":{"rotation":[0,90,0],"translation":[0.5,5.5,-2.5],"scale":[2.90234,2.90234,2.90234]}}}