{"credit":"Made with Blockbench","texture_size":[64,64],"textures":{"1":"pirates_cosmetic:particles/drops","2":"pirates_cosmetic:backpack/rudder","3":"pirates_cosmetic:backpack/anchor","particle":"pirates_cosmetic:particles/drops"},"elements":[{"from":[8.9,-6.9,3.24],"to":[12.4,-3.1,3.68],"rotation":{"angle":45,"axis":"z","origin":[14.05,-9.35,3.26]},"faces":{"north":{"uv":[0,0,16,16],"texture":"#1"},"east":{"uv":[0,0,0.25,5.5],"texture":"#1"},"south":{"uv":[16,0,0,16],"texture":"#1"},"west":{"uv":[0,0,0.25,5.5],"texture":"#1"},"up":{"uv":[0,0,0.25,3.25],"texture":"#1"},"down":{"uv":[0,0,1.25,2.25],"texture":"#1"}}},{"from":[7.3,-12.1,3.24],"to":[10.8,-8.6,3.68],"rotation":{"angle":45,"axis":"z","origin":[14.25,-10.15,3.26]},"faces":{"north":{"uv":[16,0,0,16],"texture":"#1"},"east":{"uv":[0,0,0.25,5.5],"texture":"#1"},"south":{"uv":[0,0,16,16],"texture":"#1"},"west":{"uv":[0,0,0.25,5.5],"texture":"#1"},"up":{"uv":[0,0,0.25,3.25],"texture":"#1"},"down":{"uv":[0,0,1.25,2.25],"texture":"#1"}}},{"from":[3.8,-9.19583,4.38995],"to":[10.6,-8.39583,4.78995],"rotation":{"angle":45,"axis":"z","origin":[7.2,-8.94778,7.29498]},"faces":{"north":{"uv":[1.75,9,2.25,11.75],"rotation":270,"texture":"#2"},"east":{"uv":[3.25,7,3.75,7],"rotation":270,"texture":"#2"},"south":{"uv":[3.25,4.25,3.75,8.5],"rotation":270,"texture":"#2"},"west":{"uv":[3.25,6.5,3.75,7],"rotation":270,"texture":"#2"},"up":{"uv":[3.25,4.25,3.5,8.5],"rotation":270,"texture":"#2"},"down":{"uv":[3.25,4.25,3.75,7],"rotation":270,"texture":"#2"}}},{"from":[2.75332,-9.09972,4],"to":[11.55332,-8.69972,4.4],"rotation":{"angle":45,"axis":"z","origin":[7.2,-8.94778,7.29498]},"faces":{"north":{"uv":[5.25,6.25,10.75,6.5],"texture":"#2"},"east":{"uv":[5.25,6.25,5.5,6.5],"texture":"#2"},"south":{"uv":[5.25,6.25,10.75,6.5],"texture":"#2"},"west":{"uv":[5.25,6.25,5.5,6.5],"texture":"#2"},"up":{"uv":[5.25,6.25,10.75,6.5],"texture":"#2"},"down":{"uv":[5.25,6.25,10.75,6.5],"texture":"#2"}}},{"from":[2.75332,-9.49972,4],"to":[11.55332,-9.09972,4.4],"rotation":{"angle":45,"axis":"z","origin":[7.2,-8.94778,7.29498]},"faces":{"north":{"uv":[5.25,6.25,10.75,6.5],"texture":"#2"},"east":{"uv":[5.25,6.25,5.5,6.5],"texture":"#2"},"south":{"uv":[5.25,6.25,10.75,6.5],"texture":"#2"},"west":{"uv":[5.25,6.25,5.5,6.5],"texture":"#2"},"up":{"uv":[5.25,6.25,10.75,6.5],"texture":"#2"},"down":{"uv":[5.25,6.25,10.75,6.5],"texture":"#2"}}},{"from":[4.2,-8.79583,4.78995],"to":[5,-8.39583,6.38995],"rotation":{"angle":45,"axis":"z","origin":[7.2,-8.94778,7.29498]},"faces":{"north":{"uv":[3.25,6.75,4,7.25],"rotation":270,"texture":"#2"},"east":{"uv":[3.25,6.75,4,7.25],"rotation":270,"texture":"#2"},"south":{"uv":[3.25,6.75,3.75,7.25],"rotation":270,"texture":"#2"},"west":{"uv":[3.25,6.5,3.5,7.25],"rotation":270,"texture":"#2"},"up":{"uv":[3.25,6.75,4,7.25],"rotation":270,"texture":"#2"},"down":{"uv":[3.25,6.75,4,7.25],"rotation":270,"texture":"#2"}}},{"from":[9.4,-8.79583,4.78995],"to":[10.2,-8.39583,6.38995],"rotation":{"angle":45,"axis":"z","origin":[7.2,-8.94778,7.29498]},"faces":{"north":{"uv":[3.25,6.75,4,7.25],"rotation":270,"texture":"#2"},"east":{"uv":[3.5,6.75,3.75,7.25],"rotation":270,"texture":"#2"},"south":{"uv":[3.25,6.75,3.5,7.25],"rotation":270,"texture":"#2"},"west":{"uv":[3.25,6.75,3.75,7.25],"rotation":270,"texture":"#2"},"up":{"uv":[3.25,6.75,4,7.25],"rotation":270,"texture":"#2"},"down":{"uv":[3.25,6.75,4,7.25],"rotation":270,"texture":"#2"}}},{"from":[6.8,-14.6,2.84],"to":[7.6,-5,3.96],"rotation":{"angle":0,"axis":"y","origin":[4,-13,0]},"faces":{"north":{"uv":[2.25,7.75,2.75,13.75],"texture":"#3"},"east":{"uv":[2.25,7.75,2.95,13.75],"texture":"#3"},"south":{"uv":[2.25,7.75,2.75,13.75],"texture":"#3"},"west":{"uv":[2.3,7.75,3,13.75],"texture":"#3"},"up":{"uv":[2,8.5,3,13.75],"texture":"#3"},"down":{"uv":[2,8.5,2.5,9.2],"texture":"#3"}}},{"from":[4.4,-7,2.8],"to":[10,-6.6,4],"rotation":{"angle":0,"axis":"y","origin":[4,-13,0]},"faces":{"north":{"uv":[0.5,2.5,4,2.75],"texture":"#3"},"east":{"uv":[0.5,2.5,1.25,2.75],"texture":"#3"},"south":{"uv":[0.5,2.5,4,2.75],"texture":"#3"},"west":{"uv":[0.5,2.5,1.25,2.75],"texture":"#3"},"up":{"uv":[0.75,13.25,4.25,12.75],"texture":"#3"},"down":{"uv":[0.5,2.5,4,2.75],"texture":"#3"}}},{"from":[6,-7.4,2.8],"to":[8.4,-7,4],"rotation":{"angle":0,"axis":"y","origin":[4,-13,0]},"faces":{"north":{"uv":[0.5,2.5,2,2.75],"texture":"#3"},"east":{"uv":[0.5,2.75,1.25,2.75],"texture":"#3"},"south":{"uv":[0.5,2.5,2,2.75],"texture":"#3"},"west":{"uv":[0.5,2.5,1.25,2.75],"texture":"#3"},"up":{"uv":[0.5,2.5,4.25,2.75],"texture":"#3"},"down":{"uv":[1,12.75,2.5,13.5],"texture":"#3"}}},{"from":[4.8,-13.4,2.8],"to":[9.6,-12.6,3.996],"rotation":{"angle":0,"axis":"y","origin":[4,-13,0]},"faces":{"north":{"uv":[1,13,4,13.5],"texture":"#3"},"east":{"uv":[0.75,13.25,1.75,13.25],"texture":"#3"},"south":{"uv":[0.75,12.75,4,13.25],"texture":"#3"},"west":{"uv":[0.75,13.25,1.75,13.75],"texture":"#3"},"up":{"uv":[0.75,13,4,13.75],"texture":"#3"},"down":{"uv":[0.75,13,3.75,13.7475],"texture":"#3"}}},{"from":[6.4,-13.8,2.86],"to":[8,-12.2,4.1],"rotation":{"angle":0,"axis":"y","origin":[4,-13,0]},"faces":{"north":{"uv":[2,12.75,3,13.75],"texture":"#3"},"east":{"uv":[1.75,12.75,2.75,13.75],"texture":"#3"},"south":{"uv":[2,12.75,3,13.75],"texture":"#3"},"west":{"uv":[1.75,12.5,3,13.75],"texture":"#3"},"up":{"uv":[2,12.75,3,13.525],"texture":"#3"},"down":{"uv":[1.75,12.5,2.75,13.275],"texture":"#3"}}},{"from":[6.4,-5,2.8],"to":[8,-4.6,4],"rotation":{"angle":0,"axis":"y","origin":[4,-13,0]},"faces":{"north":{"uv":[1.75,2.75,2.75,2.5],"texture":"#3"},"east":{"uv":[1.75,2.75,2.5,2.5],"texture":"#3"},"south":{"uv":[1.75,2.75,2.75,2.5],"texture":"#3"},"west":{"uv":[1.75,2.75,2.5,2.5],"texture":"#3"},"up":{"uv":[3,13.5,4.25,12.75],"texture":"#3"},"down":{"uv":[1.75,2.75,3,2.5],"texture":"#3"}}},{"from":[6.4,-3.8,2.8],"to":[8,-3.4,4],"rotation":{"angle":0,"axis":"y","origin":[4,-13,0]},"faces":{"north":{"uv":[1.75,2.75,2.75,2.5],"texture":"#3"},"east":{"uv":[1.75,2.75,2.5,2.5],"texture":"#3"},"south":{"uv":[1.75,2.75,3,2.5],"texture":"#3"},"west":{"uv":[1.75,2.75,2.5,2.5],"texture":"#3"},"up":{"uv":[3,13.5,4,12.75],"texture":"#3"},"down":{"uv":[1.75,2.75,3,2.5],"texture":"#3"}}},{"from":[7.6,-4.6,2.8],"to":[8.4,-3.8,4],"rotation":{"angle":0,"axis":"y","origin":[4,-13,0]},"faces":{"north":{"uv":[3.25,13.75,3.75,13.25],"texture":"#3"},"east":{"uv":[2.25,9,3,8.5],"texture":"#3"},"south":{"uv":[2.25,8.75,2.75,8.5],"texture":"#3"},"west":{"uv":[2.25,9,3,8.5],"texture":"#3"},"up":{"uv":[2.25,9.25,2.75,8.5],"texture":"#3"},"down":{"uv":[2.25,9.25,3,8.5],"texture":"#3"}}},{"from":[6,-4.6,2.8],"to":[6.8,-3.8,4],"rotation":{"angle":0,"axis":"y","origin":[4,-13,0]},"faces":{"north":{"uv":[2,9,2.5,8.5],"texture":"#3"},"east":{"uv":[2,9,2.75,8.5],"texture":"#3"},"south":{"uv":[2,9,2.5,8.5],"texture":"#3"},"west":{"uv":[2,9,2.75,8.5],"texture":"#3"},"up":{"uv":[2,9.25,2.75,8.5],"texture":"#3"},"down":{"uv":[2,9.25,2.75,8.5],"texture":"#3"}}},{"from":[8.8,-13,2.84],"to":[10,-11.8,4.08],"rotation":{"angle":0,"axis":"y","origin":[4,-13,0]},"faces":{"north":{"uv":[3.25,13,4,13.75],"texture":"#3"},"east":{"uv":[3.25,13,4,13.75],"texture":"#3"},"south":{"uv":[3.25,13,4,13.75],"texture":"#3"},"west":{"uv":[3.25,13,4,13.75],"texture":"#3"},"up":{"uv":[3.25,13,4,13.75],"texture":"#3"},"down":{"uv":[3.25,13,4,13.75],"texture":"#3"}}},{"from":[4.4,-13,2.84],"to":[5.6,-11.8,4.04],"rotation":{"angle":0,"axis":"y","origin":[4,-13,0]},"faces":{"north":{"uv":[3.25,13,4,13.75],"texture":"#3"},"east":{"uv":[3.25,13,4,13.75],"texture":"#3"},"south":{"uv":[3.25,13,4,13.75],"texture":"#3"},"west":{"uv":[3.25,13,4,13.75],"texture":"#3"},"up":{"uv":[3.25,13,4,13.75],"texture":"#3"},"down":{"uv":[3.25,13,4,13.75],"texture":"#3"}}},{"from":[9.6,-12.2,2.8],"to":[10.8,-11,4],"rotation":{"angle":0,"axis":"y","origin":[4,-13,0]},"faces":{"north":{"uv":[3.25,13,4,13.75],"texture":"#3"},"east":{"uv":[3.25,13,4,13.75],"texture":"#3"},"south":{"uv":[3.25,13,4,13.75],"texture":"#3"},"west":{"uv":[3.25,13,4,13.75],"texture":"#3"},"up":{"uv":[3.25,13,4,13.75],"texture":"#3"},"down":{"uv":[3.25,13,4,13.75],"texture":"#3"}}},{"from":[3.6,-12.2,2.8],"to":[4.8,-11,4],"rotation":{"angle":0,"axis":"y","origin":[4,-13,0]},"faces":{"north":{"uv":[3.25,13,4,13.75],"texture":"#3"},"east":{"uv":[3.25,13,4,13.75],"texture":"#3"},"south":{"uv":[3.25,13,4,13.75],"texture":"#3"},"west":{"uv":[3.25,13,4,13.75],"texture":"#3"},"up":{"uv":[3.25,13,4,13.75],"texture":"#3"},"down":{"uv":[3.25,13,4,13.75],"texture":"#3"}}},{"from":[10.4,-11,2.8],"to":[11.2,-10.6,4],"rotation":{"angle":0,"axis":"y","origin":[4,-13,0]},"faces":{"north":{"uv":[3.25,13.5,3.75,13.75],"texture":"#3"},"east":{"uv":[3.25,13.5,4,13.75],"texture":"#3"},"south":{"uv":[3.25,13.5,3.75,13.75],"texture":"#3"},"west":{"uv":[3.25,13,4,13.75],"texture":"#3"},"up":{"uv":[3.25,13,3.75,13.75],"texture":"#3"},"down":{"uv":[3.25,13,4,13.75],"texture":"#3"}}},{"from":[3.2,-11,2.8],"to":[4,-10.6,4],"rotation":{"angle":0,"axis":"y","origin":[4,-13,0]},"faces":{"north":{"uv":[3.25,13.5,3.75,13.75],"texture":"#3"},"east":{"uv":[3.25,13.5,4,13.75],"texture":"#3"},"south":{"uv":[3.25,13.5,3.75,13.75],"texture":"#3"},"west":{"uv":[3.25,13.5,4,13.75],"texture":"#3"},"up":{"uv":[3.25,12.75,3.75,13.75],"texture":"#3"},"down":{"uv":[3.25,13,4,13.75],"texture":"#3"}}},{"from":[2.88,-15.36,3.2],"to":[11.6,-7.4,3.2],"rotation":{"angle":45,"axis":"z","origin":[7.4,-9.4,4.4]},"faces":{"north":{"uv":[16,4,4.5,16],"texture":"#3"},"east":{"uv":[0,0,0.25,4.5],"texture":"#3"},"south":{"uv":[4.5,4,8,5.75],"texture":"#3"},"west":{"uv":[0,0,0.25,4.5],"texture":"#3"},"up":{"uv":[0,0,4.25,0.25],"texture":"#3"},"down":{"uv":[0,0,4.25,0.25],"texture":"#3"}}}],"gui_light":"front","display":{"thirdperson_righthand":{"rotation":[66.75,0,0],"translation":[-11.25,0,-3.75],"scale":[0.63867,0.63867,0.63867]},"thirdperson_lefthand":{"rotation":[66.75,0,0],"translation":[-15,0,-3.75],"scale":[0.63867,0.63867,0.63867]},"firstperson_righthand":{"translation":[5.75,0,0],"scale":[0.35156,0.35156,0.35156]},"firstperson_lefthand":{"translation":[3.75,0,0],"scale":[0.35156,0.35156,0.35156]},"ground":{"scale":[0.41602,0.41602,0.41602]},"gui":{"rotation":[-176.43,24.92,135.15],"translation":[0.25,0.75,0],"scale":[0.44531,0.44531,0.44531]},"head":{"rotation":[-180,-0.25,135.75],"translation":[-39.5,-62.25,-5.25],"scale":[3.1836,3.1836,3.1836]},"fixed":{"translation":[0,-5,-4.25]}}}