{"credit":"Made with Blockbench","texture_size":[64,64],"textures":{"2":"pirates_cosmetic:backpack/rudder","3":"pirates_cosmetic:backpack/baggage","4":"pirates_cosmetic:backpack/black_flag","particle":"pirates_cosmetic:backpack/black_flag"},"elements":[{"from":[-0.5,9.51043,16.97488],"to":[20.5,11.51043,17.97488],"rotation":{"angle":0,"axis":"y","origin":[12,23.51043,16.47488]},"faces":{"north":{"uv":[1.75,9,2.25,11.75],"rotation":270,"texture":"#2"},"east":{"uv":[3.25,7,3.75,7],"rotation":270,"texture":"#2"},"south":{"uv":[3.25,4.25,3.75,8.5],"rotation":270,"texture":"#2"},"west":{"uv":[3.25,6.5,3.75,7],"rotation":270,"texture":"#2"},"up":{"uv":[3.25,4.25,3.5,8.5],"rotation":270,"texture":"#2"},"down":{"uv":[3.25,4.25,3.75,7],"rotation":270,"texture":"#2"}}},{"from":[-3.11669,9.75069,16],"to":[22.88331,10.75069,17],"rotation":{"angle":0,"axis":"y","origin":[8.88331,17.75069,17]},"faces":{"north":{"uv":[5.25,6.25,10.75,6.5],"texture":"#2"},"east":{"uv":[5.25,6.25,5.5,6.5],"texture":"#2"},"south":{"uv":[5.25,6.25,10.75,6.5],"texture":"#2"},"west":{"uv":[5.25,6.25,5.5,6.5],"texture":"#2"},"up":{"uv":[5.25,6.25,10.75,6.5],"texture":"#2"},"down":{"uv":[5.25,6.25,10.75,6.5],"texture":"#2"}}},{"from":[-3.11669,1.75069,16],"to":[21.88331,2.75069,17],"rotation":{"angle":0,"axis":"y","origin":[8.88331,17.75069,17]},"faces":{"north":{"uv":[5.25,6.25,10.75,6.5],"texture":"#2"},"east":{"uv":[5.25,6.25,5.5,6.5],"texture":"#2"},"south":{"uv":[5.25,6.25,10.75,6.5],"texture":"#2"},"west":{"uv":[5.25,6.25,5.5,6.5],"texture":"#2"},"up":{"uv":[5.25,6.25,10.75,6.5],"texture":"#2"},"down":{"uv":[5.25,6.25,10.75,6.5],"texture":"#2"}}},{"from":[0.5,10.51043,17.97488],"to":[2.5,11.51043,21.97488],"rotation":{"angle":0,"axis":"y","origin":[12,23.51043,16.47488]},"faces":{"north":{"uv":[3.25,6.75,4,7.25],"rotation":270,"texture":"#2"},"east":{"uv":[3.25,6.75,4,7.25],"rotation":270,"texture":"#2"},"south":{"uv":[3.25,6.75,3.75,7.25],"rotation":270,"texture":"#2"},"west":{"uv":[3.25,6.5,3.5,7.25],"rotation":270,"texture":"#2"},"up":{"uv":[3.25,6.75,4,7.25],"rotation":270,"texture":"#2"},"down":{"uv":[3.25,6.75,4,7.25],"rotation":270,"texture":"#2"}}},{"from":[17.5,10.51043,17.97488],"to":[19.5,11.51043,21.97488],"rotation":{"angle":0,"axis":"y","origin":[12,23.51043,16.47488]},"faces":{"north":{"uv":[3.25,6.75,4,7.25],"rotation":270,"texture":"#2"},"east":{"uv":[3.5,6.75,3.75,7.25],"rotation":270,"texture":"#2"},"south":{"uv":[3.25,6.75,3.5,7.25],"rotation":270,"texture":"#2"},"west":{"uv":[3.25,6.75,3.75,7.25],"rotation":270,"texture":"#2"},"up":{"uv":[3.25,6.75,4,7.25],"rotation":270,"texture":"#2"},"down":{"uv":[3.25,6.75,4,7.25],"rotation":270,"texture":"#2"}}},{"from":[-2,12,16],"to":[22,14,17],"faces":{"north":{"uv":[0.75,0.25,5.75,0.75],"texture":"#4"},"east":{"uv":[0.75,0.25,1,0.75],"texture":"#4"},"south":{"uv":[0.75,0.25,5.75,0.75],"texture":"#4"},"west":{"uv":[0.75,0.25,1,0.75],"texture":"#4"},"up":{"uv":[0.75,0.25,5.75,0.5],"texture":"#4"},"down":{"uv":[0.75,0.5,5.75,0.75],"texture":"#4"}}},{"from":[-3,12,16],"to":[-2,15,17],"faces":{"north":{"uv":[6.5,2.5,7,3.25],"texture":"#4"},"east":{"uv":[6.5,2.5,7,3.25],"texture":"#4"},"south":{"uv":[6.5,2.5,7,3.25],"texture":"#4"},"west":{"uv":[6.5,2.5,7,3.25],"texture":"#4"},"up":{"uv":[6.5,2.5,7,3.25],"texture":"#4"},"down":{"uv":[6.5,2.5,7,3.25],"texture":"#4"}}},{"from":[22,12,16],"to":[23,15,17],"faces":{"north":{"uv":[8,2.75,7.75,2.25],"texture":"#4"},"east":{"uv":[8,2.75,7.75,2.25],"texture":"#4"},"south":{"uv":[8,2.75,7.75,2.25],"texture":"#4"},"west":{"uv":[8,2.75,7.75,2.25],"texture":"#4"},"up":{"uv":[8,2.75,7.75,2.25],"texture":"#4"},"down":{"uv":[8,2.75,7.75,2.25],"texture":"#4"}}},{"from":[21,-11,16],"to":[22,12,17],"faces":{"north":{"uv":[1.25,0.75,1.5,1.25],"texture":"#4"},"east":{"uv":[1.25,0.75,1.5,1.25],"texture":"#4"},"south":{"uv":[1.25,0.75,1.5,1.25],"texture":"#4"},"west":{"uv":[1.25,0.75,1.5,1.25],"texture":"#4"},"up":{"uv":[1.25,0.75,1.5,1.25],"texture":"#4"},"down":{"uv":[1.25,0.75,1.5,1.25],"texture":"#4"}}},{"from":[-2,-11,16],"to":[-1,12,17],"faces":{"north":{"uv":[1.25,0.75,1.5,1.25],"texture":"#4"},"east":{"uv":[1.25,0.75,1.5,1.25],"texture":"#4"},"south":{"uv":[1.25,0.75,1.5,1.25],"texture":"#4"},"west":{"uv":[1.25,0.75,1.5,1.25],"texture":"#4"},"up":{"uv":[1.25,0.75,1.5,1.25],"texture":"#4"},"down":{"uv":[1.25,0.75,1.5,1.25],"texture":"#4"}}},{"from":[20,-8,6],"to":[23,-6,23],"rotation":{"angle":0,"axis":"y","origin":[19,0,-2.5]},"faces":{"north":{"uv":[7.75,10.25,8.25,11],"rotation":180,"texture":"#4"},"east":{"uv":[7.75,10.25,8.25,14.5],"rotation":270,"texture":"#4"},"south":{"uv":[7.75,10.25,8.25,11],"texture":"#4"},"west":{"uv":[7.75,10.25,8.25,14.5],"rotation":90,"texture":"#4"},"up":{"uv":[7.75,10.25,8.25,14.5],"rotation":180,"texture":"#4"},"down":{"uv":[7.75,10.25,8.25,14.5],"texture":"#4"}}},{"from":[-3,-8,6],"to":[0,-6,23],"rotation":{"angle":0,"axis":"y","origin":[19,0,-2.5]},"faces":{"north":{"uv":[7.75,10.25,8.25,10.75],"rotation":180,"texture":"#4"},"east":{"uv":[7.75,10.25,8.25,14.5],"rotation":270,"texture":"#4"},"south":{"uv":[7.75,10.25,8.25,14.5],"texture":"#4"},"west":{"uv":[7.75,10.25,8.25,14.5],"rotation":90,"texture":"#4"},"up":{"uv":[7.75,10.25,8.25,14.5],"rotation":180,"texture":"#4"},"down":{"uv":[7.75,10.25,8.25,14.5],"texture":"#4"}}},{"from":[0,-9.5,-2],"to":[20,-4,16],"faces":{"north":{"uv":[6,12.25,11.25,14.5],"texture":"#4"},"east":{"uv":[6,12.25,11.25,14.5],"texture":"#4"},"south":{"uv":[6,12.25,11.25,14.5],"texture":"#4"},"west":{"uv":[6,12.25,11.25,14.5],"texture":"#4"},"up":{"uv":[2.25,6,4.25,7.5],"texture":"#4"},"down":{"uv":[6,12.25,11.25,14.5],"texture":"#4"}}},{"from":[-1.37112,-4,2.19546],"to":[3.62888,1,6.94546],"rotation":{"angle":-22.5,"axis":"y","origin":[0.12888,6.87197,10.5]},"faces":{"north":{"uv":[6.25,2.25,10.75,6.75],"texture":"#4"},"east":{"uv":[6.25,2.25,10.75,6.75],"texture":"#4"},"south":{"uv":[6.25,2.25,10.75,6.75],"texture":"#4"},"west":{"uv":[6.25,2.25,10.75,6.75],"texture":"#4"},"up":{"uv":[6.25,2.25,10.75,6.75],"rotation":270,"texture":"#4"},"down":{"uv":[6.25,2.25,10.75,6.75],"rotation":90,"texture":"#4"}}},{"from":[-0.37112,1,3.19546],"to":[2.62888,2,5.94546],"rotation":{"angle":-22.5,"axis":"y","origin":[0.12888,6.87197,10.5]},"faces":{"north":{"uv":[6.25,2.25,7.75,2.5],"texture":"#4"},"east":{"uv":[6.25,2.25,7.75,2.5],"texture":"#4"},"south":{"uv":[6.25,2.25,7.75,2.5],"texture":"#4"},"west":{"uv":[6.25,2.25,7.75,2.5],"texture":"#4"},"up":{"uv":[6.25,2.25,7.75,3.75],"rotation":270,"texture":"#4"},"down":{"uv":[6.25,2.25,7.75,3.75],"rotation":90,"texture":"#4"}}},{"from":[0.62888,2,3.92953],"to":[1.62888,3,4.92953],"rotation":{"angle":-22.5,"axis":"y","origin":[0.12888,6.87197,10.5]},"faces":{"north":{"uv":[8.75,1.75,9,1.75],"texture":"#4"},"east":{"uv":[8.75,1.75,9,1.75],"texture":"#4"},"south":{"uv":[8.75,1.75,9,1.75],"texture":"#4"},"west":{"uv":[8.75,1.75,9,1.75],"texture":"#4"},"up":{"uv":[8.75,1.75,9,1.75],"rotation":270,"texture":"#4"},"down":{"uv":[8.75,1.75,9,1.75],"rotation":90,"texture":"#4"}}},{"from":[0.62888,3,4.92953],"to":[1.62888,4,5.92953],"rotation":{"angle":-22.5,"axis":"y","origin":[0.12888,6.87197,10.5]},"faces":{"north":{"uv":[9.5,1,9.75,1.25],"texture":"#4"},"east":{"uv":[9.5,1,9.75,1.25],"texture":"#4"},"south":{"uv":[9.5,1,9.75,1.25],"texture":"#4"},"west":{"uv":[9.5,1,9.75,1.25],"texture":"#4"},"up":{"uv":[9.5,1,9.75,1.25],"rotation":270,"texture":"#4"},"down":{"uv":[9.5,1,9.75,1.25],"rotation":90,"texture":"#4"}}},{"from":[10,4,1],"to":[22,5,15],"rotation":{"angle":-22.5,"axis":"z","origin":[13.5,4.75,7.5]},"faces":{"north":{"uv":[5.5,8.5,9.75,8.25],"texture":"#3"},"east":{"uv":[5.5,8.5,9.75,8.25],"texture":"#3"},"south":{"uv":[5.5,8.5,9.75,8.25],"texture":"#3"},"west":{"uv":[5.5,8.5,9.75,8.25],"texture":"#3"},"up":{"uv":[5.5,8,5.5,7.75],"texture":"#3"},"down":{"uv":[5.5,8.5,5.75,8.25],"texture":"#3"}}},{"from":[9,5,0],"to":[23,7,1],"rotation":{"angle":-22.5,"axis":"z","origin":[13.5,4.75,7.5]},"faces":{"north":{"uv":[7.5,8,11.5,7.5],"texture":"#3"},"east":{"uv":[7.5,8,11.5,7.5],"texture":"#3"},"south":{"uv":[7.5,8,11.5,7.5],"texture":"#3"},"west":{"uv":[7.5,8,11.5,7.5],"texture":"#3"},"up":{"uv":[6.75,8.75,10.75,8.25],"texture":"#3"},"down":{"uv":[7.5,8,11.5,7.5],"texture":"#3"}}},{"from":[11,7,0],"to":[22,9,1],"rotation":{"angle":-22.5,"axis":"z","origin":[13.5,4.75,7.5]},"faces":{"north":{"uv":[6.5,9.25,9.5,8.75],"texture":"#3"},"east":{"uv":[6.5,9.25,10.5,8.75],"texture":"#3"},"south":{"uv":[6.5,9.25,10.5,8.75],"texture":"#3"},"west":{"uv":[6.5,9.25,10.5,8.75],"texture":"#3"},"up":{"uv":[6.5,9.25,10.5,8.75],"texture":"#3"},"down":{"uv":[6.5,9.25,10.5,8.75],"texture":"#3"}}},{"from":[22,5,1],"to":[23,7,15],"rotation":{"angle":-22.5,"axis":"z","origin":[13.5,4.75,7.5]},"faces":{"north":{"uv":[7,8,10.5,7.5],"texture":"#3"},"east":{"uv":[7,8,10.5,7.5],"texture":"#3"},"south":{"uv":[7,8,10.5,7.5],"texture":"#3"},"west":{"uv":[7,8,10.5,7.5],"texture":"#3"},"up":{"uv":[7,8.75,10.5,8.25],"texture":"#3"},"down":{"uv":[7,8,10.5,7.5],"texture":"#3"}}},{"from":[9,5,1],"to":[10,7,15],"rotation":{"angle":-22.5,"axis":"z","origin":[13.5,4.75,7.5]},"faces":{"north":{"uv":[7,8,7.25,7.5],"texture":"#3"},"east":{"uv":[7,8,10.5,7.5],"texture":"#3"},"south":{"uv":[7,8,10.5,7.5],"texture":"#3"},"west":{"uv":[7,8,10.5,7.5],"texture":"#3"},"up":{"uv":[7,8.75,10.5,8.25],"texture":"#3"},"down":{"uv":[7,8,10.5,7.5],"texture":"#3"}}},{"from":[10,5,14],"to":[23,7,15],"rotation":{"angle":-22.5,"axis":"z","origin":[13.5,4.75,7.5]},"faces":{"north":{"uv":[7,8,10.5,7.5],"texture":"#3"},"east":{"uv":[7,8,10.5,7.5],"texture":"#3"},"south":{"uv":[7,8,10.5,7.5],"texture":"#3"},"west":{"uv":[7,8,10.5,7.5],"texture":"#3"},"up":{"uv":[7,8.75,10.5,8.25],"rotation":90,"texture":"#3"},"down":{"uv":[7,8,10.5,7.5],"rotation":270,"texture":"#3"}}},{"from":[12,9,0],"to":[21,11,1],"rotation":{"angle":-22.5,"axis":"z","origin":[13.5,4.75,7.5]},"faces":{"north":{"uv":[6.5,9.25,9,8.75],"texture":"#3"},"east":{"uv":[6.5,9.25,10.5,8.75],"texture":"#3"},"south":{"uv":[6.5,9.25,10.5,8.75],"texture":"#3"},"west":{"uv":[6.5,9.25,10.5,8.75],"texture":"#3"},"up":{"uv":[6.5,9.25,10.5,8.75],"texture":"#3"},"down":{"uv":[6.5,9.25,10.5,8.75],"texture":"#3"}}},{"from":[14,8,-1],"to":[19,14,0],"rotation":{"angle":-22.5,"axis":"z","origin":[13.5,4.75,7.5]},"faces":{"north":{"uv":[10.75,9.5,12.5,7.75],"texture":"#3"},"east":{"uv":[6.5,9.25,10.5,8.75],"texture":"#3"},"south":{"uv":[6.5,9.25,8,8],"texture":"#3"},"west":{"uv":[6.5,9.25,10.5,8.75],"texture":"#3"},"up":{"uv":[6.5,9.25,10.5,8.75],"texture":"#3"},"down":{"uv":[6.5,9.25,10.5,8.75],"texture":"#3"}}},{"from":[12,6,3],"to":[21,11,12],"rotation":{"angle":-22.5,"axis":"z","origin":[13.5,4.75,7.5]},"faces":{"north":{"uv":[6.5,9,8,7.75],"texture":"#3"},"east":{"uv":[6.5,9.25,10.5,8.75],"texture":"#3"},"south":{"uv":[6.5,9.25,8,8],"texture":"#3"},"west":{"uv":[6.5,9.25,10.5,8.75],"texture":"#3"},"up":{"uv":[6.5,9.25,7,8.75],"texture":"#3"},"down":{"uv":[6.5,9.25,10.5,8.75],"texture":"#3"}}},{"from":[11,0,2],"to":[21,4,13],"rotation":{"angle":-22.5,"axis":"z","origin":[13.5,4.75,7.5]},"faces":{"north":{"uv":[0.5,9.75,4.25,11.25],"texture":"#3"},"east":{"uv":[0.5,7.75,3.75,9.25],"texture":"#3"},"south":{"uv":[0.5,7.75,3.75,9.25],"texture":"#3"},"west":{"uv":[0.5,7.75,3.75,9.25],"texture":"#3"},"up":{"uv":[0.25,7.75,3.5,9.25],"texture":"#3"},"down":{"uv":[0.5,7.75,3.75,9.25],"texture":"#3"}}},{"from":[13,-4,4],"to":[19,0,12],"rotation":{"angle":-22.5,"axis":"z","origin":[13.5,4.75,7.5]},"faces":{"north":{"uv":[1,11.25,3.75,13],"texture":"#3"},"east":{"uv":[0.25,7.75,2.25,9.5],"texture":"#3"},"south":{"uv":[0.25,7.75,2.25,9.5],"texture":"#3"},"west":{"uv":[0.25,7.75,2.25,9.5],"texture":"#3"},"up":{"uv":[0.25,7.75,2.25,9.5],"texture":"#3"},"down":{"uv":[0.25,7.75,2.25,9.5],"texture":"#3"}}},{"from":[14,13,0],"to":[18,16,1],"faces":{"north":{"uv":[9.75,6.25,11,7.5],"texture":"#3"},"east":{"uv":[0,0,0.25,0.75],"texture":"#3"},"south":{"uv":[11,6.25,9.75,7.5],"texture":"#3"},"west":{"uv":[0,0,0.25,0.75],"texture":"#3"},"up":{"uv":[0,0,1,0.25],"texture":"#3"},"down":{"uv":[0,0,1,0.25],"texture":"#3"}}},{"from":[1,15,10],"to":[5,18,14],"rotation":{"angle":22.5,"axis":"z","origin":[6,7.5,7]},"faces":{"north":{"uv":[3,1.75,4,2.75],"texture":"#3"},"east":{"uv":[3,1.75,4,2.75],"texture":"#3"},"south":{"uv":[3,1.75,4,2.75],"texture":"#3"},"west":{"uv":[3,1.75,4,2.75],"texture":"#3"},"up":{"uv":[3.25,2.25,4.25,3.25],"texture":"#3"},"down":{"uv":[3,1.75,4,2.75],"texture":"#3"}}},{"from":[0,13,9],"to":[6,15,15],"rotation":{"angle":22.5,"axis":"z","origin":[6,7.5,7]},"faces":{"north":{"uv":[1.25,1.75,2.75,2.25],"texture":"#3"},"east":{"uv":[1.25,1.75,2.75,2.25],"texture":"#3"},"south":{"uv":[1.25,1.75,2.75,2.25],"texture":"#3"},"west":{"uv":[1.25,1.75,2.75,2.25],"texture":"#3"},"up":{"uv":[1.5,2,2.5,3],"texture":"#3"},"down":{"uv":[1.25,1.75,2.75,2.25],"texture":"#3"}}},{"from":[1,9,10],"to":[5,14,14],"rotation":{"angle":22.5,"axis":"z","origin":[6,7.5,7]},"faces":{"north":{"uv":[1.5,1.75,2.5,3.75],"texture":"#3"},"east":{"uv":[1.5,1.75,2.5,3.75],"texture":"#3"},"south":{"uv":[1.5,1.75,2.5,3.75],"texture":"#3"},"west":{"uv":[1.5,1.75,2.5,3.75],"texture":"#3"},"up":{"uv":[4.75,4.5,5.75,5.25],"texture":"#3"},"down":{"uv":[1.5,1.75,2.5,3.75],"texture":"#3"}}},{"from":[-1,-4,8],"to":[7,9,16],"rotation":{"angle":22.5,"axis":"z","origin":[6,7.5,7]},"faces":{"north":{"uv":[0.75,3.75,3.25,7.25],"texture":"#3"},"east":{"uv":[0.75,3.75,3.25,7.25],"texture":"#3"},"south":{"uv":[0.75,3.75,3.25,7.25],"texture":"#3"},"west":{"uv":[0.75,3.75,3.25,7.25],"texture":"#3"},"up":{"uv":[1.5,1.75,2.5,3],"texture":"#3"},"down":{"uv":[4,4.25,6.5,6.75],"texture":"#3"}}},{"from":[5.15224,-4,0],"to":[9.15224,5,4],"rotation":{"angle":0,"axis":"z","origin":[4.15224,3.73463,4]},"faces":{"north":{"uv":[4,3.75,5.5,7.25],"texture":"#3"},"east":{"uv":[4,3.75,5.5,7.25],"texture":"#3"},"south":{"uv":[4,3.75,5.5,7.25],"texture":"#3"},"west":{"uv":[4,3.75,5.5,7.25],"texture":"#3"},"up":{"uv":[4,3.75,5.5,7.25],"texture":"#3"},"down":{"uv":[4,3.75,5.5,7.25],"texture":"#3"}}},{"from":[6.15224,4,1],"to":[8.15224,7,3],"rotation":{"angle":0,"axis":"z","origin":[4.15224,3.73463,4]},"faces":{"north":{"uv":[4.75,2.5,5.75,3.5],"texture":"#3"},"east":{"uv":[4.75,2.5,5.75,3.5],"texture":"#3"},"south":{"uv":[4.75,2.5,5.75,3.5],"texture":"#3"},"west":{"uv":[4.75,2.5,5.75,3.5],"texture":"#3"},"up":{"uv":[4.75,4.75,5.75,5.75],"texture":"#3"},"down":{"uv":[4.75,2.5,5.75,3.5],"texture":"#3"}}},{"from":[6.15224,7,1],"to":[8.15224,8,3],"rotation":{"angle":0,"axis":"z","origin":[4.15224,3.73463,4]},"faces":{"north":{"uv":[3,2.5,4,3],"texture":"#3"},"east":{"uv":[3,2.5,4,3],"texture":"#3"},"south":{"uv":[3,2.5,4,3],"texture":"#3"},"west":{"uv":[3,2.5,4,3],"texture":"#3"},"up":{"uv":[3,2.5,3.5,3],"texture":"#3"},"down":{"uv":[3,2.5,4,3],"texture":"#3"}}}],"gui_light":"front","display":{"thirdperson_righthand":{"rotation":[66.88,0.2,-0.75],"translation":[-11.75,0.75,-0.25],"scale":[0.26172,0.26172,0.26172]},"thirdperson_lefthand":{"rotation":[66.88,0.2,-0.75],"translation":[-11.75,0.75,-0.25],"scale":[0.26172,0.26172,0.26172]},"firstperson_righthand":{"translation":[3.75,0,0],"scale":[0.35156,0.35156,0.35156]},"firstperson_lefthand":{"translation":[5,0,0],"scale":[0.35156,0.35156,0.35156]},"ground":{"rotation":[-8.26,-51.11,-0.97],"translation":[0,6,0],"scale":[0.41602,0.41602,0.41602]},"gui":{"rotation":[-161.99,44.25,-176.68],"translation":[0,2,0],"scale":[0.44335,0.44335,0.44335]},"head":{"rotation":[-180,0,-180],"translation":[1.25,-43.25,13.25],"scale":[0.78125,0.78125,0.78125]},"fixed":{"translation":[-1.5,6.75,-7.75]}}}