{"credit":"Made with Blockbench","texture_size":[64,64],"textures":{"1":"pirates_cosmetic:balloons/boat"},"elements":[{"from":[1.2,-9,9],"to":[3,32,11],"rotation":{"angle":0,"axis":"y","origin":[4.25,7.75,10.25]},"faces":{"north":{"uv":[6.5,0.25,7,10.5],"texture":"#1"},"east":{"uv":[6.5,0.25,7,10.5],"texture":"#1"},"south":{"uv":[6.5,0.25,7,10.5],"texture":"#1"},"west":{"uv":[6.5,0.25,7,10.5],"texture":"#1"},"up":{"uv":[0,5.25,0.25,10.25],"texture":"#1"},"down":{"uv":[0,5.25,0.25,10.25],"texture":"#1"}}},{"from":[-2,-8,3],"to":[23,-6,3],"faces":{"north":{"uv":[0,11.75,9.25,12.75],"texture":"#1"},"east":{"uv":[0,0,0,0.75],"texture":"#missing"},"south":{"uv":[0,11.75,9.25,12.75],"texture":"#1"},"west":{"uv":[0,0,0,0.75],"texture":"#missing"},"up":{"uv":[0,0,8.25,0],"texture":"#missing"},"down":{"uv":[0,0,8.25,0],"texture":"#missing"}}},{"from":[-2,-8,17],"to":[23,-6,17],"faces":{"north":{"uv":[0,11.75,9.25,12.75],"texture":"#1"},"east":{"uv":[0,0,0,0.75],"texture":"#missing"},"south":{"uv":[9.25,11.75,0,12.75],"texture":"#1"},"west":{"uv":[0,0,0,0.75],"texture":"#missing"},"up":{"uv":[0,0,8.25,0],"texture":"#missing"},"down":{"uv":[0,0,8.25,0],"texture":"#missing"}}},{"from":[-10.1,25,10.1],"to":[2.9,32,10.1],"faces":{"north":{"uv":[3.25,0,6.5,1.75],"texture":"#1"},"east":{"uv":[0,0,0.25,1.75],"texture":"#missing"},"south":{"uv":[6.5,0,3.25,1.75],"texture":"#1"},"west":{"uv":[0,0,0.25,1.75],"texture":"#1"},"up":{"uv":[0,0,2.5,0.25],"texture":"#1"},"down":{"uv":[0,0,2.5,0.25],"texture":"#1"}}},{"from":[-10,-15,7.1],"to":[18,-13,13.1],"rotation":{"angle":0,"axis":"y","origin":[2.25,7.75,10.25]},"faces":{"north":{"uv":[0,15,7,15.5],"texture":"#1","tintindex":0},"east":{"uv":[0,15.5,1.5,16],"texture":"#1","tintindex":0},"south":{"uv":[1.5,15.5,8.5,16],"texture":"#1","tintindex":0},"west":{"uv":[9.25,15.5,10.75,16],"texture":"#1","tintindex":0},"up":{"uv":[0,15.5,7,16],"texture":"#1","tintindex":0},"down":{"uv":[0,12.75,7,14.25],"texture":"#1","tintindex":0}}},{"from":[-8,-16,8],"to":[17,-15,12],"rotation":{"angle":0,"axis":"y","origin":[2.25,7.75,10.25]},"faces":{"north":{"uv":[2.5,14,9,14.25],"texture":"#1","tintindex":0},"east":{"uv":[0,15,1,15.25],"texture":"#1","tintindex":0},"south":{"uv":[2.5,13.75,9,14],"texture":"#1","tintindex":0},"west":{"uv":[0,15.75,1,16],"texture":"#1","tintindex":0},"up":{"uv":[2.5,13.75,9,14],"texture":"#1","tintindex":0},"down":{"uv":[0,13.75,6.25,14.75],"texture":"#1","tintindex":0}}},{"from":[-13,-13,7],"to":[20,-10,13],"rotation":{"angle":0,"axis":"y","origin":[8,7,10.5]},"faces":{"north":{"uv":[0,15.25,8.25,16],"texture":"#1","tintindex":0},"east":{"uv":[0,15.25,1.5,16],"texture":"#1","tintindex":0},"south":{"uv":[1.5,15.25,9.75,16],"texture":"#1","tintindex":0},"west":{"uv":[3,14.5,4.5,15.25],"texture":"#1","tintindex":0},"up":{"uv":[0,14.5,8.25,16],"texture":"#1","tintindex":0},"down":{"uv":[0,14.5,8.25,16],"texture":"#1","tintindex":0}}},{"from":[-16,-10,6],"to":[28,-8,14],"rotation":{"angle":0,"axis":"y","origin":[2.25,7.75,10.25]},"faces":{"north":{"uv":[0,13.5,11,14],"texture":"#1","tintindex":0},"east":{"uv":[0,15.5,2,16],"texture":"#1","tintindex":0},"south":{"uv":[0,15.5,11,16],"texture":"#1","tintindex":0},"west":{"uv":[4,14.5,6,15],"texture":"#1","tintindex":0},"up":{"uv":[0,14,11,16],"texture":"#1","tintindex":0},"down":{"uv":[0,14,11,16],"texture":"#1","tintindex":0}}},{"from":[16,-13.3,8],"to":[31,-9.3,12],"rotation":{"angle":22.5,"axis":"z","origin":[21.53073,-10.69552,11]},"faces":{"north":{"uv":[3.75,15,7.5,16],"texture":"#1","tintindex":0},"east":{"uv":[0,14.5,1,15.5],"texture":"#1","tintindex":0},"south":{"uv":[3.75,14.5,7.5,15.5],"texture":"#1","tintindex":0},"west":{"uv":[0,15,3.75,16],"texture":"#1","tintindex":0},"up":{"uv":[0,15,3.75,16],"texture":"#1","tintindex":0},"down":{"uv":[0,14,3.75,15],"texture":"#1","tintindex":0}}},{"from":[-9,-11.1,4],"to":[22,-10.1,16],"rotation":{"angle":0,"axis":"y","origin":[2.25,7.75,10.25]},"faces":{"north":{"uv":[0.75,14.25,11.25,14.5],"texture":"#1","tintindex":0},"east":{"uv":[0.75,14.25,11.25,14.5],"texture":"#1","tintindex":0},"south":{"uv":[0.75,14.25,11.25,14.5],"texture":"#1","tintindex":0},"west":{"uv":[0.75,14.25,11.25,14.5],"texture":"#1","tintindex":0},"up":{"uv":[0.75,14.25,11.25,14.5],"texture":"#1","tintindex":0},"down":{"uv":[0.75,14.25,11.25,14.5],"texture":"#1","tintindex":0}}},{"from":[-11,-11.99,3],"to":[23,-7.99,17],"rotation":{"angle":0,"axis":"y","origin":[2.25,7.75,10.25]},"faces":{"north":{"uv":[1.25,14,9.75,15],"texture":"#1","tintindex":0},"east":{"uv":[0,15,3.5,16],"texture":"#1","tintindex":0},"south":{"uv":[1,15,9.5,16],"texture":"#1","tintindex":0},"west":{"uv":[0,14,3.5,15],"texture":"#1","tintindex":0},"up":{"uv":[0,12.75,8.5,16],"texture":"#1","tintindex":0},"down":{"uv":[0,12.75,8.5,16],"texture":"#1","tintindex":0}}},{"from":[-13,-8,6],"to":[-2,-4,14],"faces":{"north":{"uv":[2.75,15,5.5,16],"texture":"#1","tintindex":0},"east":{"uv":[0,15,2,16],"texture":"#1","tintindex":0},"south":{"uv":[0,15,2.75,16],"texture":"#1","tintindex":0},"west":{"uv":[0,15,2,16],"texture":"#1","tintindex":0},"up":{"uv":[0,14,2.75,16],"texture":"#1","tintindex":0},"down":{"uv":[8.25,14,11,16],"texture":"#1"}}},{"from":[-6,-7,5.99],"to":[-4,-5,5.99],"faces":{"north":{"uv":[0,10.5,1.25,11.75],"texture":"#1"},"east":{"uv":[0,0,0,0.5],"texture":"#missing"},"south":{"uv":[0,10.75,1.25,12],"texture":"#1"},"west":{"uv":[0,0,0,0.5],"texture":"#missing"},"up":{"uv":[0,0,0.5,0],"texture":"#missing"},"down":{"uv":[0,0,0.5,0],"texture":"#missing"}}},{"from":[-11,-7,5.99],"to":[-9,-5,5.99],"faces":{"north":{"uv":[0,10.5,1.25,11.75],"texture":"#1"},"east":{"uv":[0,0,0,0.5],"texture":"#missing"},"south":{"uv":[0,10.75,1.25,12],"texture":"#1"},"west":{"uv":[0,0,0,0.5],"texture":"#missing"},"up":{"uv":[0,0,0.5,0],"texture":"#missing"},"down":{"uv":[0,0,0.5,0],"texture":"#missing"}}},{"from":[-3,-11,2.99],"to":[-1,-9,2.99],"faces":{"north":{"uv":[0,10.5,1.25,11.75],"texture":"#1"},"east":{"uv":[0,0,0,0.5],"texture":"#missing"},"south":{"uv":[0,10.75,1.25,12],"texture":"#1"},"west":{"uv":[0,0,0,0.5],"texture":"#missing"},"up":{"uv":[0,0,0.5,0],"texture":"#missing"},"down":{"uv":[0,0,0.5,0],"texture":"#missing"}}},{"from":[3,-11,2.99],"to":[5,-9,2.99],"faces":{"north":{"uv":[0,10.5,1.25,11.75],"texture":"#1"},"east":{"uv":[0,0,0,0.5],"texture":"#missing"},"south":{"uv":[0,10.75,1.25,12],"texture":"#1"},"west":{"uv":[0,0,0,0.5],"texture":"#missing"},"up":{"uv":[0,0,0.5,0],"texture":"#missing"},"down":{"uv":[0,0,0.5,0],"texture":"#missing"}}},{"from":[9,-11,2.99],"to":[11,-9,2.99],"faces":{"north":{"uv":[0,10.5,1.25,11.75],"texture":"#1"},"east":{"uv":[0,0,0,0.5],"texture":"#missing"},"south":{"uv":[0,10.75,1.25,12],"texture":"#1"},"west":{"uv":[0,0,0,0.5],"texture":"#missing"},"up":{"uv":[0,0,0.5,0],"texture":"#missing"},"down":{"uv":[0,0,0.5,0],"texture":"#missing"}}},{"from":[15,-11,2.99],"to":[17,-9,2.99],"faces":{"north":{"uv":[0,10.5,1.25,11.75],"texture":"#1"},"east":{"uv":[0,0,0,0.5],"texture":"#missing"},"south":{"uv":[0,10.75,1.25,12],"texture":"#1"},"west":{"uv":[0,0,0,0.5],"texture":"#missing"},"up":{"uv":[0,0,0.5,0],"texture":"#missing"},"down":{"uv":[0,0,0.5,0],"texture":"#missing"}}},{"from":[-11,-7,14.01],"to":[-9,-5,14.01],"faces":{"north":{"uv":[0,10.75,1.25,12],"texture":"#1"},"east":{"uv":[0,0,0,0.5],"texture":"#missing"},"south":{"uv":[0,10.5,1.25,11.75],"texture":"#1"},"west":{"uv":[0,0,0,0.5],"texture":"#missing"},"up":{"uv":[0,0,0.5,0],"texture":"#missing"},"down":{"uv":[0,0,0.5,0],"texture":"#missing"}}},{"from":[-6,-7,14.01],"to":[-4,-5,14.01],"faces":{"north":{"uv":[0,10.75,1.25,12],"texture":"#1"},"east":{"uv":[0,0,0,0.5],"texture":"#missing"},"south":{"uv":[0,10.5,1.25,11.75],"texture":"#1"},"west":{"uv":[0,0,0,0.5],"texture":"#missing"},"up":{"uv":[0,0,0.5,0],"texture":"#missing"},"down":{"uv":[0,0,0.5,0],"texture":"#missing"}}},{"from":[-3,-11,17.01],"to":[-1,-9,17.01],"faces":{"north":{"uv":[0,10.75,1.25,12],"texture":"#1"},"east":{"uv":[0,0,0,0.5],"texture":"#missing"},"south":{"uv":[0,10.5,1.25,11.75],"texture":"#1"},"west":{"uv":[0,0,0,0.5],"texture":"#missing"},"up":{"uv":[0,0,0.5,0],"texture":"#missing"},"down":{"uv":[0,0,0.5,0],"texture":"#missing"}}},{"from":[3,-11,17.01],"to":[5,-9,17.01],"faces":{"north":{"uv":[0,10.75,1.25,12],"texture":"#1"},"east":{"uv":[0,0,0,0.5],"texture":"#missing"},"south":{"uv":[0,10.5,1.25,11.75],"texture":"#1"},"west":{"uv":[0,0,0,0.5],"texture":"#missing"},"up":{"uv":[0,0,0.5,0],"texture":"#missing"},"down":{"uv":[0,0,0.5,0],"texture":"#missing"}}},{"from":[9,-11,17.01],"to":[11,-9,17.01],"faces":{"north":{"uv":[0,10.75,1.25,12],"texture":"#1"},"east":{"uv":[0,0,0,0.5],"texture":"#missing"},"south":{"uv":[0,10.5,1.25,11.75],"texture":"#1"},"west":{"uv":[0,0,0,0.5],"texture":"#missing"},"up":{"uv":[0,0,0.5,0],"texture":"#missing"},"down":{"uv":[0,0,0.5,0],"texture":"#missing"}}},{"from":[16,-11,17.01],"to":[18,-9,17.01],"faces":{"north":{"uv":[0,10.75,1.25,12],"texture":"#1"},"east":{"uv":[0,0,0,0.5],"texture":"#missing"},"south":{"uv":[0,10.5,1.25,11.75],"texture":"#1"},"west":{"uv":[0,0,0,0.5],"texture":"#missing"},"up":{"uv":[0,0,0.5,0],"texture":"#missing"},"down":{"uv":[0,0,0.5,0],"texture":"#missing"}}},{"from":[-9,-4,9],"to":[-7,9,11],"faces":{"north":{"uv":[0,12.75,0.5,16],"texture":"#1","tintindex":0},"east":{"uv":[0,12.75,0.5,16],"texture":"#1","tintindex":0},"south":{"uv":[0,12.75,0.5,16],"texture":"#1","tintindex":0},"west":{"uv":[0,12.75,0.5,16],"texture":"#1","tintindex":0},"up":{"uv":[0,15.5,0.5,16],"texture":"#1","tintindex":0},"down":{"uv":[0,12.75,0.5,16],"texture":"#1"}}},{"from":[-10,5,8],"to":[-6,6,12],"faces":{"north":{"uv":[0,15.5,1,15.75],"texture":"#1","tintindex":0},"east":{"uv":[0,15.75,1,16],"texture":"#1","tintindex":0},"south":{"uv":[0,15.75,1,16],"texture":"#1","tintindex":0},"west":{"uv":[0,15.75,1,16],"texture":"#1","tintindex":0},"up":{"uv":[0,15,1,16],"texture":"#1","tintindex":0},"down":{"uv":[0,15.75,1,16],"texture":"#1"}}},{"from":[2,19,3],"to":[2,23,17],"rotation":{"angle":22.5,"axis":"z","origin":[0.5,26,-6]},"faces":{"north":{"uv":[1.75,2.25,5.25,3],"texture":"#1"},"east":{"uv":[1.75,2.25,5.25,3],"texture":"#1"},"south":{"uv":[1.75,2.25,5.25,3],"texture":"#1"},"west":{"uv":[1.75,2.25,5.25,3],"texture":"#1"},"up":{"uv":[1.75,2.25,5.25,3],"texture":"#1"},"down":{"uv":[1.75,2.25,5.25,3],"texture":"#1"}}},{"from":[4.6,16.1,2],"to":[4.6,20.1,18],"rotation":{"angle":0,"axis":"z","origin":[0.5,26,-6]},"faces":{"north":{"uv":[1.5,3,5.5,4],"texture":"#1"},"east":{"uv":[1.5,3,5.5,4],"texture":"#1"},"south":{"uv":[1.5,3,5.5,4],"texture":"#1"},"west":{"uv":[1.5,3,5.5,4],"texture":"#1"},"up":{"uv":[1.5,3,5.5,4],"texture":"#1"},"down":{"uv":[1.5,3,5.5,4],"texture":"#1"}}},{"from":[5.2,-3.3,-2],"to":[5.2,3.7,22],"rotation":{"angle":-22.5,"axis":"z","origin":[2.11666,0.36071,10]},"faces":{"north":{"uv":[0.75,8.25,6.25,10.5],"texture":"#1"},"east":{"uv":[0.75,8.25,6.25,10.5],"texture":"#1"},"south":{"uv":[0.75,8.25,6.25,10.5],"texture":"#1"},"west":{"uv":[0.75,8.25,6.25,10.5],"texture":"#1"},"up":{"uv":[0.75,8.25,6.25,10.5],"texture":"#1"},"down":{"uv":[0.75,8.25,6.25,10.5],"texture":"#1"}}},{"from":[4,6,0],"to":[4,12,20],"rotation":{"angle":22.5,"axis":"z","origin":[2.5,12,-6]},"faces":{"north":{"uv":[1.25,5.75,5.75,7],"texture":"#1"},"east":{"uv":[1.25,5.75,5.75,7],"texture":"#1"},"south":{"uv":[1.25,5.75,5.75,7],"texture":"#1"},"west":{"uv":[1.25,5.75,5.75,7],"texture":"#1"},"up":{"uv":[1.25,5.75,5.75,7],"texture":"#1"},"down":{"uv":[1.25,5.75,5.75,7],"texture":"#1"}}},{"from":[6.2,2.2,-1],"to":[6.2,7.1,21],"rotation":{"angle":0,"axis":"y","origin":[2.5,12,-6]},"faces":{"north":{"uv":[1,7,6,8],"texture":"#1"},"east":{"uv":[1,7,6,8],"texture":"#1"},"south":{"uv":[1,7,6,8],"texture":"#1"},"west":{"uv":[1,7,6,8],"texture":"#1"},"up":{"uv":[1,7,6,8],"texture":"#1"},"down":{"uv":[1,7,6,8],"texture":"#1"}}},{"from":[3.6,13.7,1],"to":[3.6,17.7,19],"rotation":{"angle":-22.5,"axis":"z","origin":[0.11666,14.36071,10]},"faces":{"north":{"uv":[1.25,4,5.75,5.5],"texture":"#1"},"east":{"uv":[1.25,4,5.75,5.5],"texture":"#1"},"south":{"uv":[1.25,4,5.75,5.5],"texture":"#1"},"west":{"uv":[1.25,4,5.75,5.5],"texture":"#1"},"up":{"uv":[1.25,4,5.75,5.5],"texture":"#1"},"down":{"uv":[1.25,4,5.75,5.5],"texture":"#1"}}}],"gui_light":"front","display":{"thirdperson_righthand":{"rotation":[66.88,0.2,-0.75],"translation":[-11.75,2.25,-0.25],"scale":[0.45117,0.45117,0.45117]},"thirdperson_lefthand":{"rotation":[66.88,0.2,-0.75],"translation":[-11.75,2.25,-0.25],"scale":[0.45117,0.45117,0.45117]},"firstperson_righthand":{"translation":[3.75,0,-0.75],"scale":[0.35156,0.35156,0.35156]},"firstperson_lefthand":{"translation":[5,0,-0.75],"scale":[0.35156,0.35156,0.35156]},"ground":{"rotation":[-8.26,-51.11,-0.97],"translation":[0,6,0],"scale":[0.41602,0.41602,0.41602]},"gui":{"rotation":[-176.66,-47.71,-178.16],"scale":[0.27538,0.27538,0.27538]},"head":{"rotation":[0,89.25,0],"translation":[-2.25,26.75,-5.5],"scale":[1.34375,1.34375,1.34375]},"fixed":{"translation":[-1.5,6.75,-7.75]}}}