{"credit":"MadewithBlockbench","texture_size":[32,32],"textures":{"0":"elitecreatures:underwater_furniture_v1/clam","particle":"elitecreatures:underwater_furniture_v1/clam"},"elements":[{"from":[5.8265,0.235,11.6845],"to":[10.1735,1.495,13.5745],"rotation":{"angle":0,"axis":"y","origin":[8,0.865,10.2985]},"faces":{"north":{"uv":[0,10,2.25,10.75],"texture":"#0"},"east":{"uv":[10,1,11,1.75],"texture":"#0"},"south":{"uv":[10,0,12.25,0.75],"texture":"#0"},"west":{"uv":[10,2,11,2.75],"texture":"#0"},"up":{"uv":[2.25,10,0,9],"texture":"#0"},"down":{"uv":[2.25,9,0,10],"texture":"#0"}}},{"from":[2.96,0.865,4.1875],"to":[13.04,1.81,11.7475],"rotation":{"angle":0,"axis":"y","origin":[8,1.3375,7.9675]},"faces":{"north":{"uv":[0,8,5,8.5],"texture":"#0"},"east":{"uv":[5,9,8.75,9.5],"texture":"#0"},"south":{"uv":[5,8,10,8.5],"texture":"#0"},"west":{"uv":[9,9,12.75,9.5],"texture":"#0"},"up":{"uv":[5,3.75,0,0],"texture":"#0"},"down":{"uv":[10,3.75,5,0],"texture":"#0"}}},{"from":[2.96,-0.08,4.1875],"to":[13.04,0.865,11.7475],"rotation":{"angle":0,"axis":"y","origin":[8,0.865,10.2985]},"faces":{"north":{"uv":[0,8.5,5,8],"texture":"#0"},"east":{"uv":[5,9.5,8.75,9],"texture":"#0"},"south":{"uv":[5,8.5,10,8],"texture":"#0"},"west":{"uv":[9,9.5,12.75,9],"texture":"#0"},"up":{"uv":[10,0,5,3.75],"texture":"#0"},"down":{"uv":[5,0,0,3.75],"texture":"#0"}}}],"gui_light":"front","display":{"thirdperson_righthand":{"rotation":[-90,1,-180],"translation":[0,1.75,5.5],"scale":[0.52883,0.52883,0.52883]},"thirdperson_lefthand":{"rotation":[-90,1,-180],"translation":[0,1.75,5.5],"scale":[0.52883,0.52883,0.52883]},"firstperson_righthand":{"rotation":[171.23,18.5,172.78],"translation":[0,8,0],"scale":[0.89953,0.89953,0.89953]},"firstperson_lefthand":{"rotation":[171.23,18.5,172.78],"translation":[0,8,0],"scale":[0.89953,0.89953,0.89953]},"ground":{"translation":[0,8,0],"scale":[0.79492,0.79492,0.79492]},"gui":{"rotation":[20,139,0],"translation":[0,7.5,0],"scale":[1.14055,1.14055,1.14055]},"head":{"translation":[0,-32,0],"scale":[1.37523,1.37523,1.37523]},"fixed":{"rotation":[-90,0,0],"translation":[0,-1,-11.5],"scale":[1.20313,1.20313,1.20313]}}}