{"credit":"MadewithBlockbench","textures":{"0":"elitecreatures:underwater_furniture_v1/coral_4","particle":"elitecreatures:underwater_furniture_v1/coral_4"},"elements":[{"from":[1.17678,0,8.07322],"to":[15.17678,13,8.07322],"rotation":{"angle":-45,"axis":"y","origin":[8.17678,6.5,7.82322]},"faces":{"north":{"uv":[0,0,16,16],"texture":"#0"},"east":{"uv":[0,0,16,16],"texture":"#0"},"south":{"uv":[16,0,0,16],"texture":"#0"},"west":{"uv":[0,0,16,16],"texture":"#0"},"up":{"uv":[0,0,16,16],"texture":"#0"},"down":{"uv":[0,0,16,16],"texture":"#0"}}},{"from":[1,0,8],"to":[15,13,8],"rotation":{"angle":45,"axis":"y","origin":[8,6.5,8]},"faces":{"north":{"uv":[0,0,16,16],"texture":"#0"},"east":{"uv":[0,0,16,16],"texture":"#0"},"south":{"uv":[16,0,0,16],"texture":"#0"},"west":{"uv":[0,0,16,16],"texture":"#0"},"up":{"uv":[0,0,16,16],"texture":"#0"},"down":{"uv":[0,0,16,16],"texture":"#0"}}}],"gui_light":"front","display":{"thirdperson_righthand":{"translation":[0,3,2.5],"scale":[0.43359,0.43359,0.43359]},"thirdperson_lefthand":{"translation":[0,3,2.5],"scale":[0.43359,0.43359,0.43359]},"firstperson_righthand":{"translation":[0,6,0],"scale":[1.14258,1.14258,1.14258]},"firstperson_lefthand":{"translation":[0,6,0],"scale":[1.14258,1.14258,1.14258]},"ground":{"translation":[0,6.75,0],"scale":[0.73047,0.73047,0.73047]},"gui":{"rotation":[0,35.25,0],"translation":[0,4,0]},"head":{"rotation":[0,-1,0],"translation":[0,-31.25,0],"scale":[1.48242,1.48242,1.48242]},"fixed":{"rotation":[-90,0,0],"translation":[0,0,-11.5],"scale":[1.45117,1.45117,1.45117]}}}