{"credit":"MadewithBlockbench","textures":{"0":"elitecreatures:underwater_furniture_v1/rubble","particle":"elitecreatures:underwater_furniture_v1/rubble"},"elements":[{"from":[1.91,0.75839,7.90484],"to":[14.35,18.07839,7.90484],"rotation":{"angle":-45,"axis":"y","origin":[8.13,6.91839,7.90484]},"faces":{"north":{"uv":[8,0,0,8],"texture":"#0"},"east":{"uv":[0,0,0,6],"texture":"#0"},"south":{"uv":[0,0,8,8],"texture":"#0"},"west":{"uv":[0,0,0,6],"texture":"#0"},"up":{"uv":[0,2,0,0],"rotation":90,"texture":"#0"},"down":{"uv":[0,2,0,0],"rotation":270,"texture":"#0"}}},{"from":[2.15,0.75839,7.90484],"to":[14.59,18.07839,7.90484],"rotation":{"angle":45,"axis":"y","origin":[8.37,6.91839,7.90484]},"faces":{"north":{"uv":[0,0,8,8],"texture":"#0"},"east":{"uv":[0,0,0,6],"texture":"#0"},"south":{"uv":[8,0,0,8],"texture":"#0"},"west":{"uv":[0,0,0,6],"texture":"#0"},"up":{"uv":[0,0,0,2],"rotation":90,"texture":"#0"},"down":{"uv":[0,0,0,2],"rotation":270,"texture":"#0"}}},{"from":[4.25,0,8.25],"to":[7.25,1.5,12],"rotation":{"angle":0,"axis":"y","origin":[7,0,7]},"faces":{"north":{"uv":[6.9,2.94615,4,1],"texture":"#0"},"east":{"uv":[6.05,2.03077,8,7.96923],"rotation":90,"texture":"#0"},"south":{"uv":[4,7.15385,7,9],"texture":"#0"},"west":{"uv":[4.95,7.96923,3,2.03077],"rotation":90,"texture":"#0"},"up":{"uv":[4,2.03077,7,7.96923],"texture":"#0"},"down":{"uv":[15,0,16,1],"texture":"#0"}}},{"from":[4.875,0,3.875],"to":[8.125,1,6.375],"rotation":{"angle":0,"axis":"y","origin":[8.5,0.5,6.375]},"faces":{"north":{"uv":[4.95,7.96923,3,2.03077],"rotation":90,"texture":"#0"},"east":{"uv":[6.9,2.94615,4,1],"texture":"#0"},"south":{"uv":[6.05,2.03077,8,7.96923],"rotation":90,"texture":"#0"},"west":{"uv":[4,7.15385,7,9],"texture":"#0"},"up":{"uv":[4,2.03077,7,7.96923],"rotation":90,"texture":"#0"},"down":{"uv":[15,0,16,1],"rotation":270,"texture":"#0"}}},{"from":[6,0,5],"to":[11,2.5,10.75],"rotation":{"angle":0,"axis":"y","origin":[7,0,7]},"faces":{"north":{"uv":[11,4,5,1],"texture":"#0"},"east":{"uv":[10,3,13,12],"rotation":90,"texture":"#0"},"south":{"uv":[5,11,11,14],"texture":"#0"},"west":{"uv":[6,12,3,3],"rotation":90,"texture":"#0"},"up":{"uv":[5,3,11,12],"texture":"#0"},"down":{"uv":[15,0,16,1],"texture":"#0"}}},{"from":[10,0,8.25],"to":[12.5,1,11.5],"rotation":{"angle":0,"axis":"y","origin":[12.5,0.5,9.125]},"faces":{"north":{"uv":[4,7.15385,7,9],"texture":"#0"},"east":{"uv":[4.95,7.96923,3,2.03077],"rotation":90,"texture":"#0"},"south":{"uv":[6.9,2.94615,4,1],"texture":"#0"},"west":{"uv":[6.05,2.03077,8,7.96923],"rotation":90,"texture":"#0"},"up":{"uv":[4,2.03077,7,7.96923],"rotation":180,"texture":"#0"},"down":{"uv":[15,0,16,1],"rotation":180,"texture":"#0"}}}],"gui_light":"front","display":{"thirdperson_righthand":{"rotation":[0,179,0],"translation":[0,2.75,2.25],"scale":[0.355,0.355,0.355]},"thirdperson_lefthand":{"rotation":[0,179,0],"translation":[0,2.75,2.25],"scale":[0.355,0.355,0.355]},"firstperson_righthand":{"rotation":[-13,130,0],"translation":[0,4.75,0],"scale":[0.59875,0.59875,0.59875]},"firstperson_lefthand":{"rotation":[-13,130,0],"translation":[0,4.75,0],"scale":[0.59875,0.59875,0.59875]},"ground":{"translation":[0,8,0],"scale":[0.67578,0.67578,0.67578]},"gui":{"rotation":[20,139,0],"translation":[0,-0.75,0],"scale":[0.66328,0.66328,0.66328]},"head":{"translation":[0,-32.5,0],"scale":[1.3125,1.3125,1.3125]},"fixed":{"rotation":[-90,0,0],"translation":[0,0,-10.5],"scale":[1.3125,1.3125,1.3125]}}}