{"credit":"MadewithBlockbench","textures":{"0":"elitecreatures:underwater_furniture_v1/rubble","particle":"elitecreatures:underwater_furniture_v1/rubble"},"elements":[{"from":[6,0,5],"to":[11,2.5,10.75],"rotation":{"angle":0,"axis":"y","origin":[7,0,7]},"faces":{"north":{"uv":[11,4,5,1],"texture":"#0"},"east":{"uv":[10,3,13,12],"rotation":90,"texture":"#0"},"south":{"uv":[5,11,11,14],"texture":"#0"},"west":{"uv":[6,12,3,3],"rotation":90,"texture":"#0"},"up":{"uv":[5,3,11,12],"texture":"#0"},"down":{"uv":[15,0,16,1],"texture":"#0"}}},{"from":[4.25,0,6.75],"to":[8.75,1.75,11.5],"rotation":{"angle":0,"axis":"y","origin":[7,0,7]},"faces":{"north":{"uv":[11,4,5,1],"texture":"#0"},"east":{"uv":[10,3,13,12],"rotation":90,"texture":"#0"},"south":{"uv":[5,11,11,14],"texture":"#0"},"west":{"uv":[6,12,3,3],"rotation":90,"texture":"#0"},"up":{"uv":[5,3,11,12],"texture":"#0"},"down":{"uv":[15,0,16,1],"texture":"#0"}}}],"gui_light":"front","display":{"thirdperson_righthand":{"rotation":[62,179,0],"translation":[-0.25,2.25,4.75],"scale":[0.47609,0.47609,0.47609]},"thirdperson_lefthand":{"rotation":[62,179,0],"translation":[-0.25,2.25,4.75],"scale":[0.47609,0.47609,0.47609]},"firstperson_righthand":{"rotation":[-13,130,0],"translation":[0,8,0],"scale":[0.86242,0.86242,0.86242]},"firstperson_lefthand":{"rotation":[-13,130,0],"translation":[0,8,0],"scale":[0.86242,0.86242,0.86242]},"ground":{"translation":[0,5.25,0],"scale":[0.91406,0.91406,0.91406]},"gui":{"rotation":[20,139,0],"translation":[-0.5,9,0],"scale":[1.45625,1.45625,1.45625]},"head":{"translation":[0,-29.25,0],"scale":[1.75,1.75,1.75]},"fixed":{"rotation":[-90,0,0],"translation":[0,0,-18.75],"scale":[2.35,2.35,2.35]}}}