{"credit":"MadewithBlockbench","textures":{"0":"elitecreatures:underwater_furniture_v1/ruins","1":"elitecreatures:underwater_furniture_v1/seagrass","particle":"elitecreatures:underwater_furniture_v1/ruins"},"elements":[{"from":[4.713,2.20651,5],"to":[10.713,24.20651,11],"rotation":{"angle":0,"axis":"y","origin":[1.713,18.26901,8]},"faces":{"north":{"uv":[0,0,1.625,5.5],"texture":"#0"},"east":{"uv":[0,0,1.625,5.5],"texture":"#0"},"south":{"uv":[0,0,1.625,5.5],"texture":"#0"},"west":{"uv":[0,0,1.625,5.5],"texture":"#0"},"down":{"uv":[3.25,0,1.625,1.625],"texture":"#0"}}},{"from":[5.28409,-0.46614,2.10195],"to":[11.28409,5.53386,2.10195],"rotation":{"angle":-22.5,"axis":"x","origin":[10.28409,2.53386,2.10195]},"faces":{"north":{"uv":[0,0,16,16],"texture":"#1"},"east":{"uv":[0,0,16,16],"texture":"#1"},"south":{"uv":[16,0,0,16],"texture":"#1"},"west":{"uv":[0,0,16,16],"texture":"#1"},"up":{"uv":[0,0,16,16],"rotation":270,"texture":"#1"},"down":{"uv":[0,0,16,16],"rotation":90,"texture":"#1"}}},{"from":[4.713,0.92538,4.06036],"to":[10.713,6.92538,4.06036],"rotation":{"angle":-22.5,"axis":"x","origin":[9.713,3.92538,1.31036]},"faces":{"north":{"uv":[0,0,16,16],"texture":"#1"},"east":{"uv":[0,0,16,16],"texture":"#1"},"south":{"uv":[16,0,0,16],"texture":"#1"},"west":{"uv":[0,0,16,16],"texture":"#1"},"up":{"uv":[0,0,16,16],"rotation":270,"texture":"#1"},"down":{"uv":[0,0,16,16],"rotation":90,"texture":"#1"}}},{"from":[4.28409,-0.46652,14.64897],"to":[11.28409,6.53348,14.64897],"rotation":{"angle":22.5,"axis":"x","origin":[9.78409,2.53348,14.64897]},"faces":{"north":{"uv":[0,0,16,16],"texture":"#1"},"east":{"uv":[16,0,0,16],"texture":"#1"},"south":{"uv":[16,0,0,16],"texture":"#1"},"west":{"uv":[16,0,0,16],"texture":"#1"},"up":{"uv":[16,0,0,16],"rotation":270,"texture":"#1"},"down":{"uv":[16,0,0,16],"rotation":90,"texture":"#1"}}},{"from":[4.213,24.20651,4.5],"to":[11.213,26.95651,11.5],"rotation":{"angle":0,"axis":"y","origin":[1.713,18.26901,8]},"faces":{"north":{"uv":[1.625,2.25,3.375,3],"texture":"#0"},"east":{"uv":[1.625,2.25,3.375,3],"texture":"#0"},"south":{"uv":[1.625,2.25,3.375,3],"texture":"#0"},"west":{"uv":[1.625,2.25,3.375,3],"texture":"#0"},"up":{"uv":[0,0,0,0],"texture":"#0"},"down":{"uv":[3.5,0,1.75,1.75],"texture":"#0"}}},{"from":[3.213,26.95651,3.5],"to":[12.213,29.70651,12.5],"rotation":{"angle":0,"axis":"y","origin":[1.713,18.26901,8]},"faces":{"north":{"uv":[3.875,2.25,6.125,3],"texture":"#0"},"east":{"uv":[3.875,2.25,6.125,3],"texture":"#0"},"south":{"uv":[3.875,2.25,6.125,3],"texture":"#0"},"west":{"uv":[3.875,2.25,6.125,3],"texture":"#0"},"up":{"uv":[6.125,2.25,3.875,0],"texture":"#0"},"down":{"uv":[3.875,0,1.625,2.25],"texture":"#0"}}},{"from":[4.28409,-0.23778,3.25],"to":[13.28409,2.51222,12.25],"rotation":{"angle":0,"axis":"y","origin":[9.53409,-0.61278,7.75]},"faces":{"north":{"uv":[6.125,0,8.125,1],"texture":"#0"},"east":{"uv":[8.125,0,6.125,1],"texture":"#0"},"south":{"uv":[6.125,0,8.125,1],"texture":"#0"},"west":{"uv":[8.125,0,6.125,1],"texture":"#0"},"up":{"uv":[10.125,2,8.125,0],"texture":"#0"},"down":{"uv":[8,1,7.875,0.875],"texture":"#0"}}},{"from":[3.03409,-0.23778,6.5],"to":[11.78409,3.51222,13.5],"rotation":{"angle":0,"axis":"y","origin":[9.03409,-0.61278,11]},"faces":{"north":{"uv":[6.125,0,8.125,1],"texture":"#0"},"east":{"uv":[8.125,0,6.125,1],"texture":"#0"},"south":{"uv":[6.125,0,8.125,1],"texture":"#0"},"west":{"uv":[8.125,0,6.125,1],"texture":"#0"},"up":{"uv":[10.125,2,8.125,0],"texture":"#0"},"down":{"uv":[8,1,7.875,0.875],"texture":"#0"}}}],"display":{"thirdperson_righthand":{"rotation":[0,-90,0],"translation":[0,2.25,2.5],"scale":[0.27102,0.27102,0.27102]},"thirdperson_lefthand":{"rotation":[0,-90,0],"translation":[0,2.25,2.5],"scale":[0.27102,0.27102,0.27102]},"firstperson_righthand":{"rotation":[-13,130,0],"translation":[0,2.5,0],"scale":[0.38,0.38,0.38]},"firstperson_lefthand":{"rotation":[-13,130,0],"translation":[0,2.5,0],"scale":[0.38,0.38,0.38]},"ground":{"translation":[0,2.5,0],"scale":[0.39258,0.39258,0.39258]},"gui":{"rotation":[20,139,0],"translation":[-0.5,-2,0],"scale":[0.42,0.42,0.42]},"head":{"translation":[0,-22.75,0],"scale":[2.49,2.49,2.49]},"fixed":{"rotation":[-90,0,0],"translation":[0,0,-27.25],"scale":[3.38,3.38,3.38]}}}