{"credit":"MadewithBlockbench","texture_size":[32,32],"textures":{"0":"elitecreatures:underwater_furniture_v1/wooden_ruins","1":"elitecreatures:underwater_furniture_v1/seagrass","particle":"elitecreatures:underwater_furniture_v1/wooden_ruins"},"elements":[{"from":[6.25,0,0],"to":[9.75,1.25,16],"rotation":{"angle":0,"axis":"y","origin":[8,0.625,8]},"faces":{"north":{"uv":[3,13.75,3.75,16],"rotation":90,"texture":"#0"},"east":{"uv":[2.25,16,3,8],"rotation":90,"texture":"#0"},"south":{"uv":[3,13.75,3.75,16],"rotation":90,"texture":"#0"},"west":{"uv":[2.25,8,3,16],"rotation":90,"texture":"#0"},"up":{"uv":[2.25,16,0,8],"texture":"#0"},"down":{"uv":[2.25,0,0,8],"texture":"#0"}}},{"from":[10,0,1],"to":[13.5,1.15,15],"rotation":{"angle":22.5,"axis":"y","origin":[8,0.625,8]},"faces":{"north":{"uv":[3,13.75,3.75,16],"rotation":90,"texture":"#0"},"east":{"uv":[2.25,16,3,8],"rotation":90,"texture":"#0"},"south":{"uv":[3,13.75,3.75,16],"rotation":90,"texture":"#0"},"west":{"uv":[2.25,8,3,16],"rotation":90,"texture":"#0"},"up":{"uv":[2.25,16,0,8],"texture":"#0"},"down":{"uv":[2.25,0,0,8],"texture":"#0"}}},{"from":[2.5,0,0.75],"to":[6,1.15,15.5],"rotation":{"angle":22.5,"axis":"y","origin":[8,0.625,8]},"faces":{"north":{"uv":[3,13.75,3.75,16],"rotation":90,"texture":"#0"},"east":{"uv":[2.25,16,3,8],"rotation":90,"texture":"#0"},"south":{"uv":[3,13.75,3.75,16],"rotation":90,"texture":"#0"},"west":{"uv":[2.25,8,3,16],"rotation":90,"texture":"#0"},"up":{"uv":[2.25,16,0,8],"texture":"#0"},"down":{"uv":[2.25,0,0,8],"texture":"#0"}}},{"from":[1.5,0,-1.25],"to":[5,1.4,13.5],"rotation":{"angle":-22.5,"axis":"y","origin":[-0.75,0.575,8.125]},"faces":{"north":{"uv":[3,13.75,3.75,16],"rotation":90,"texture":"#0"},"east":{"uv":[2.25,16,3,8],"rotation":90,"texture":"#0"},"south":{"uv":[3,13.75,3.75,16],"rotation":90,"texture":"#0"},"west":{"uv":[2.25,8,3,16],"rotation":90,"texture":"#0"},"up":{"uv":[2.25,16,0,8],"texture":"#0"},"down":{"uv":[2.25,0,0,8],"texture":"#0"}}},{"from":[5.54945,1.51686,5],"to":[5.54945,5.91686,11],"rotation":{"angle":22.5,"axis":"z","origin":[7.19945,3.01686,4.75]},"faces":{"east":{"uv":[0,0,16,16],"texture":"#1"},"west":{"uv":[16,0,0,16],"texture":"#1"}}},{"from":[13.55093,-0.25,2.45477],"to":[13.55093,4.15,8.45477],"rotation":{"angle":-22.5,"axis":"y","origin":[13.55093,1.95,5.45477]},"faces":{"east":{"uv":[0,0,16,16],"texture":"#1"},"west":{"uv":[16,0,0,16],"texture":"#1"}}},{"from":[8.5,1,1.25],"to":[12,2.15,14.75],"rotation":{"angle":-22.5,"axis":"y","origin":[10.25,1.575,8]},"faces":{"north":{"uv":[3,13.75,3.75,16],"rotation":90,"texture":"#0"},"east":{"uv":[2.25,16,3,8],"rotation":90,"texture":"#0"},"south":{"uv":[3,13.75,3.75,16],"rotation":90,"texture":"#0"},"west":{"uv":[2.25,8,3,16],"rotation":90,"texture":"#0"},"up":{"uv":[2.25,16,0,8],"texture":"#0"},"down":{"uv":[2.25,0,0,8],"texture":"#0"}}}],"gui_light":"front","display":{"thirdperson_righthand":{"translation":[0,1.5,2.25],"scale":[0.21484,0.21484,0.21484]},"thirdperson_lefthand":{"translation":[0,1.5,2.25],"scale":[0.21484,0.21484,0.21484]},"firstperson_righthand":{"translation":[1,5.5,0],"scale":[0.54297,0.54297,0.54297]},"firstperson_lefthand":{"translation":[1,5.5,0],"scale":[0.54297,0.54297,0.54297]},"ground":{"translation":[0,4.25,0],"scale":[0.35938,0.35938,0.35938]},"gui":{"rotation":[20,139,0],"translation":[0,0.75,0],"scale":[0.65,0.65,0.65]},"head":{"translation":[0,-26.25,2.5],"scale":[2.10742,2.10742,2.10742]},"fixed":{"rotation":[-90,0,0],"translation":[0,0,-27.25],"scale":[3.38,3.38,3.38]}}}